rank,in_original_7858,doi,year,title,review_type,primary_structural_value,main_limitation
1,yes,10.1016/j.survophthal.2026.02.001,2026,A systematic review on age-related macular degeneration: New insights from multi-omics studies,systematic review,"PRISMA flow, study-quality assessment, standardized evidence table, and explicit synthesis of multi-omics studies including causal methods",Restricted to one age-related disease and organized mainly as clinical versus non-clinical evidence
2,yes,10.1186/s13023-020-01376-x,2020,A scoping review and proposed workflow for multi-omic rare disease research,scoping review,"PCC question, duplicate data charting, critical appraisal, omics-combination map, thematic synthesis, and proposed workflow",Not an aging or causal-evidence review
3,yes,10.1016/j.arr.2025.102824,2025,Multi-omics strategies to decode the molecular landscape of cellular senescence,narrative review,"Close aging-process scope and a dedicated section on the added value of multi-omics",No reproducible review methods and mostly organized by molecular modality
4,yes,10.3390/biom12010039,2021,Integrated Multi-Omics for Novel Aging Biomarkers and Antiaging Targets,narrative review,"Broad aging scope spanning clocks, biomarkers, integromics, systems biology, and interventions",No systematic methods and catalogues evidence largely by individual omics layer
5,yes,10.1089/ars.2017.7163,2018,Emerging Omics Approaches in Aging Research,narrative review,"Explicit cause-versus-consequence problem, data integration section, and unresolved research questions",Predates much of the current causal multi-omics literature and has no systematic selection method
6,yes,10.3390/ijms252413671,2024,Multiomics of Aging and Aging-Related Diseases,narrative review,"Disease-oriented synthesis tables that record omics combinations and principal findings",Mixes aging mechanisms with age-related diseases and has no systematic review method
7,yes,10.1016/j.expneurol.2026.115737,2026,Disentangling causality in brain aging: The complex interplay between glial senescence neuroinflammation and neurodegeneration,narrative causal review,"Organizes causal interpretation using temporal, genetic, interventional, and Bradford Hill evidence",Not a multi-omics systematic review and is limited to brain aging
8,no,10.1038/s41576-022-00511-7,2022,Measuring biological age using omics data,critical narrative review,"Separates omics clock families from critical questions about application, correlation, causation, and validation",Focused on aging clocks rather than causal multi-omics studies
9,yes,10.4103/wkpj.wkpj_37_26,2026,Fetal Origins of Adult Disease in 2026: A Systematic Review and Evidence Map of Causal Mechanisms Multi-Omic Programming and Intervention-Ready Targets,systematic review and evidence map,"Combines heterogeneous causal designs, multi-omic evidence, risk-of-bias appraisal, and triangulation in one evidence map",Reviews developmental programming and later disease rather than biological aging processes
