arm,report_id,document_id,work_unit_id,repeat,status,attempts,first_attempt_schema_valid,first_attempt_grounding_valid,terminal_schema_valid,terminal_grounding_valid,analysis_count,returned_evidence_reference_count,resolved_evidence_reference_count,all_field_inventory_sha256,decision_and_grounding_sha256,terminal_path
evidence_atom_id,doi:10.1007/s11306-023-02022-w,doi_1567b42f384d1b6b,analysis-window-001,1,ok,1,True,True,True,True,3,19,19,a220d9feee15dab1846dc6120c2e424cb00670fd9a8670886c2a9dadc71497e6,6356c54cbdf41cea5b7c020b9a042eb7fcdc0c85283905392f8a4d9ac956e693,data/causal_extraction/e0_grounding/v0.1.0_run1/calls/evidence_atom_id/doi_1567b42f384d1b6b/analysis-window-001/repeat-01/terminal.json
evidence_atom_id,doi:10.1007/s11306-023-02022-w,doi_1567b42f384d1b6b,analysis-window-001,2,ok,1,True,True,True,True,3,15,15,ad9b3591df6477737b978b98bc00bce4935954ff1bc17437cd0ee7e5811a3e4f,6adb0da66350a5503d4fae2f05bfdc4d696f87746b98d8945f5963c17daaaafd,data/causal_extraction/e0_grounding/v0.1.0_run1/calls/evidence_atom_id/doi_1567b42f384d1b6b/analysis-window-001/repeat-02/terminal.json
evidence_atom_id,doi:10.1007/s11306-023-02022-w,doi_1567b42f384d1b6b,analysis-window-002,1,ok,1,True,True,True,True,0,0,0,4f53cda18c2baa0c0354bb5f9a3ecbe5ed12ab4d8e11ba873c2f11161202b945,4f53cda18c2baa0c0354bb5f9a3ecbe5ed12ab4d8e11ba873c2f11161202b945,data/causal_extraction/e0_grounding/v0.1.0_run1/calls/evidence_atom_id/doi_1567b42f384d1b6b/analysis-window-002/repeat-01/terminal.json
evidence_atom_id,doi:10.1007/s11306-023-02022-w,doi_1567b42f384d1b6b,analysis-window-002,2,ok,1,True,True,True,True,0,0,0,4f53cda18c2baa0c0354bb5f9a3ecbe5ed12ab4d8e11ba873c2f11161202b945,4f53cda18c2baa0c0354bb5f9a3ecbe5ed12ab4d8e11ba873c2f11161202b945,data/causal_extraction/e0_grounding/v0.1.0_run1/calls/evidence_atom_id/doi_1567b42f384d1b6b/analysis-window-002/repeat-02/terminal.json
evidence_atom_id,doi:10.1007/s11306-023-02022-w,doi_1567b42f384d1b6b,analysis-window-003,1,ok,1,True,True,True,True,0,0,0,4f53cda18c2baa0c0354bb5f9a3ecbe5ed12ab4d8e11ba873c2f11161202b945,4f53cda18c2baa0c0354bb5f9a3ecbe5ed12ab4d8e11ba873c2f11161202b945,data/causal_extraction/e0_grounding/v0.1.0_run1/calls/evidence_atom_id/doi_1567b42f384d1b6b/analysis-window-003/repeat-01/terminal.json
evidence_atom_id,doi:10.1007/s11306-023-02022-w,doi_1567b42f384d1b6b,analysis-window-003,2,ok,1,True,True,True,True,0,0,0,4f53cda18c2baa0c0354bb5f9a3ecbe5ed12ab4d8e11ba873c2f11161202b945,4f53cda18c2baa0c0354bb5f9a3ecbe5ed12ab4d8e11ba873c2f11161202b945,data/causal_extraction/e0_grounding/v0.1.0_run1/calls/evidence_atom_id/doi_1567b42f384d1b6b/analysis-window-003/repeat-02/terminal.json
evidence_atom_id,doi:10.1007/s11306-023-02022-w,doi_1567b42f384d1b6b,analysis-window-004,1,ok,1,True,True,True,True,0,0,0,4f53cda18c2baa0c0354bb5f9a3ecbe5ed12ab4d8e11ba873c2f11161202b945,4f53cda18c2baa0c0354bb5f9a3ecbe5ed12ab4d8e11ba873c2f11161202b945,data/causal_extraction/e0_grounding/v0.1.0_run1/calls/evidence_atom_id/doi_1567b42f384d1b6b/analysis-window-004/repeat-01/terminal.json
evidence_atom_id,doi:10.1007/s11306-023-02022-w,doi_1567b42f384d1b6b,analysis-window-004,2,ok,1,True,True,True,True,0,0,0,4f53cda18c2baa0c0354bb5f9a3ecbe5ed12ab4d8e11ba873c2f11161202b945,4f53cda18c2baa0c0354bb5f9a3ecbe5ed12ab4d8e11ba873c2f11161202b945,data/causal_extraction/e0_grounding/v0.1.0_run1/calls/evidence_atom_id/doi_1567b42f384d1b6b/analysis-window-004/repeat-02/terminal.json
evidence_atom_id,doi:10.1126/sciadv.adu2294,doi_3a71e49045b4f0b5,analysis-window-001,1,ok,1,True,True,True,True,3,7,7,4004a3770f7928ae506b4c932dcfe10fc7bddac664c0206900e9e6c7642e3ebf,7c8a1b12a7aa1ec71bef0641272597fa02a356d436f4e82d194ff3af1f68b840,data/causal_extraction/e0_grounding/v0.1.0_run1/calls/evidence_atom_id/doi_3a71e49045b4f0b5/analysis-window-001/repeat-01/terminal.json
evidence_atom_id,doi:10.1126/sciadv.adu2294,doi_3a71e49045b4f0b5,analysis-window-001,2,ok,1,True,True,True,True,3,7,7,7ff667f5eac4acba3e4e524c165b044c5fa411a65fb927ce1c2218d2e33d981d,bd08c5e24309b58d6974917b0616b79936073b09b3ed84eb6f2588c70a227301,data/causal_extraction/e0_grounding/v0.1.0_run1/calls/evidence_atom_id/doi_3a71e49045b4f0b5/analysis-window-001/repeat-02/terminal.json
evidence_atom_id,doi:10.1126/sciadv.adu2294,doi_3a71e49045b4f0b5,analysis-window-002,1,ok,1,True,True,True,True,2,10,10,18d04c174ae8448964f8f0ce65d3a2842311fd63e39ee7664683bd62a55608d4,be1e24b31a9b2005786b000d0ebea6b40fff36b8eeca98b37b26fd8345b73dc9,data/causal_extraction/e0_grounding/v0.1.0_run1/calls/evidence_atom_id/doi_3a71e49045b4f0b5/analysis-window-002/repeat-01/terminal.json
evidence_atom_id,doi:10.1126/sciadv.adu2294,doi_3a71e49045b4f0b5,analysis-window-002,2,ok,1,True,True,True,True,4,12,12,ad647d5bf90becd7cbc4cda99e5d37e9da2dcf36d139a74b915a97bd8b154c11,dedfb04c7d1fa797e4ff731de0dd2a3283b65439c75f7bdc597be8af3812deca,data/causal_extraction/e0_grounding/v0.1.0_run1/calls/evidence_atom_id/doi_3a71e49045b4f0b5/analysis-window-002/repeat-02/terminal.json
evidence_atom_id,doi:10.1126/sciadv.adu2294,doi_3a71e49045b4f0b5,analysis-window-003,1,ok,1,True,True,True,True,5,17,17,633c2164799d2e4ccbf3b2c63c02b5404963d7c06c74c3925a1cade23d843bb6,0a31fd6bf0ad874bea80850026e27f27379ffd1ae4fbe0679ca7ca869443ca51,data/causal_extraction/e0_grounding/v0.1.0_run1/calls/evidence_atom_id/doi_3a71e49045b4f0b5/analysis-window-003/repeat-01/terminal.json
evidence_atom_id,doi:10.1126/sciadv.adu2294,doi_3a71e49045b4f0b5,analysis-window-003,2,ok,1,True,True,True,True,3,11,11,f58d7cdfe6dc331e631d6dab3e03a7196c3c874794c94e4807ceb4414049b092,8d49d70db6f2f9d83f8c341dab56b164f654707c3a13913374d5321af8f7865c,data/causal_extraction/e0_grounding/v0.1.0_run1/calls/evidence_atom_id/doi_3a71e49045b4f0b5/analysis-window-003/repeat-02/terminal.json
evidence_atom_id,doi:10.1126/sciadv.adu2294,doi_3a71e49045b4f0b5,analysis-window-004,1,ok,1,True,True,True,True,0,0,0,4f53cda18c2baa0c0354bb5f9a3ecbe5ed12ab4d8e11ba873c2f11161202b945,4f53cda18c2baa0c0354bb5f9a3ecbe5ed12ab4d8e11ba873c2f11161202b945,data/causal_extraction/e0_grounding/v0.1.0_run1/calls/evidence_atom_id/doi_3a71e49045b4f0b5/analysis-window-004/repeat-01/terminal.json
evidence_atom_id,doi:10.1126/sciadv.adu2294,doi_3a71e49045b4f0b5,analysis-window-004,2,ok,1,True,True,True,True,0,0,0,4f53cda18c2baa0c0354bb5f9a3ecbe5ed12ab4d8e11ba873c2f11161202b945,4f53cda18c2baa0c0354bb5f9a3ecbe5ed12ab4d8e11ba873c2f11161202b945,data/causal_extraction/e0_grounding/v0.1.0_run1/calls/evidence_atom_id/doi_3a71e49045b4f0b5/analysis-window-004/repeat-02/terminal.json
evidence_atom_id,doi:10.1126/sciadv.adu2294,doi_3a71e49045b4f0b5,analysis-window-005,1,ok,1,True,True,True,True,0,0,0,4f53cda18c2baa0c0354bb5f9a3ecbe5ed12ab4d8e11ba873c2f11161202b945,4f53cda18c2baa0c0354bb5f9a3ecbe5ed12ab4d8e11ba873c2f11161202b945,data/causal_extraction/e0_grounding/v0.1.0_run1/calls/evidence_atom_id/doi_3a71e49045b4f0b5/analysis-window-005/repeat-01/terminal.json
evidence_atom_id,doi:10.1126/sciadv.adu2294,doi_3a71e49045b4f0b5,analysis-window-005,2,ok,1,True,True,True,True,0,0,0,4f53cda18c2baa0c0354bb5f9a3ecbe5ed12ab4d8e11ba873c2f11161202b945,4f53cda18c2baa0c0354bb5f9a3ecbe5ed12ab4d8e11ba873c2f11161202b945,data/causal_extraction/e0_grounding/v0.1.0_run1/calls/evidence_atom_id/doi_3a71e49045b4f0b5/analysis-window-005/repeat-02/terminal.json
evidence_atom_id,doi:10.1126/sciadv.adu2294,doi_3a71e49045b4f0b5,analysis-window-006,1,ok,1,True,True,True,True,0,0,0,4f53cda18c2baa0c0354bb5f9a3ecbe5ed12ab4d8e11ba873c2f11161202b945,4f53cda18c2baa0c0354bb5f9a3ecbe5ed12ab4d8e11ba873c2f11161202b945,data/causal_extraction/e0_grounding/v0.1.0_run1/calls/evidence_atom_id/doi_3a71e49045b4f0b5/analysis-window-006/repeat-01/terminal.json
evidence_atom_id,doi:10.1126/sciadv.adu2294,doi_3a71e49045b4f0b5,analysis-window-006,2,ok,1,True,True,True,True,0,0,0,4f53cda18c2baa0c0354bb5f9a3ecbe5ed12ab4d8e11ba873c2f11161202b945,4f53cda18c2baa0c0354bb5f9a3ecbe5ed12ab4d8e11ba873c2f11161202b945,data/causal_extraction/e0_grounding/v0.1.0_run1/calls/evidence_atom_id/doi_3a71e49045b4f0b5/analysis-window-006/repeat-02/terminal.json
evidence_atom_id,doi:10.1126/sciadv.adu2294,doi_3a71e49045b4f0b5,analysis-window-007,1,ok,1,True,True,True,True,0,0,0,4f53cda18c2baa0c0354bb5f9a3ecbe5ed12ab4d8e11ba873c2f11161202b945,4f53cda18c2baa0c0354bb5f9a3ecbe5ed12ab4d8e11ba873c2f11161202b945,data/causal_extraction/e0_grounding/v0.1.0_run1/calls/evidence_atom_id/doi_3a71e49045b4f0b5/analysis-window-007/repeat-01/terminal.json
evidence_atom_id,doi:10.1126/sciadv.adu2294,doi_3a71e49045b4f0b5,analysis-window-007,2,ok,1,True,True,True,True,0,0,0,4f53cda18c2baa0c0354bb5f9a3ecbe5ed12ab4d8e11ba873c2f11161202b945,4f53cda18c2baa0c0354bb5f9a3ecbe5ed12ab4d8e11ba873c2f11161202b945,data/causal_extraction/e0_grounding/v0.1.0_run1/calls/evidence_atom_id/doi_3a71e49045b4f0b5/analysis-window-007/repeat-02/terminal.json
evidence_atom_id,doi:10.1126/sciadv.adu2294,doi_3a71e49045b4f0b5,analysis-window-008,1,ok,1,True,True,True,True,0,0,0,4f53cda18c2baa0c0354bb5f9a3ecbe5ed12ab4d8e11ba873c2f11161202b945,4f53cda18c2baa0c0354bb5f9a3ecbe5ed12ab4d8e11ba873c2f11161202b945,data/causal_extraction/e0_grounding/v0.1.0_run1/calls/evidence_atom_id/doi_3a71e49045b4f0b5/analysis-window-008/repeat-01/terminal.json
evidence_atom_id,doi:10.1126/sciadv.adu2294,doi_3a71e49045b4f0b5,analysis-window-008,2,ok,1,True,True,True,True,0,0,0,4f53cda18c2baa0c0354bb5f9a3ecbe5ed12ab4d8e11ba873c2f11161202b945,4f53cda18c2baa0c0354bb5f9a3ecbe5ed12ab4d8e11ba873c2f11161202b945,data/causal_extraction/e0_grounding/v0.1.0_run1/calls/evidence_atom_id/doi_3a71e49045b4f0b5/analysis-window-008/repeat-02/terminal.json
evidence_atom_id,doi:10.1126/sciadv.adu2294,doi_3a71e49045b4f0b5,analysis-window-009,1,ok,1,True,True,True,True,0,0,0,4f53cda18c2baa0c0354bb5f9a3ecbe5ed12ab4d8e11ba873c2f11161202b945,4f53cda18c2baa0c0354bb5f9a3ecbe5ed12ab4d8e11ba873c2f11161202b945,data/causal_extraction/e0_grounding/v0.1.0_run1/calls/evidence_atom_id/doi_3a71e49045b4f0b5/analysis-window-009/repeat-01/terminal.json
evidence_atom_id,doi:10.1126/sciadv.adu2294,doi_3a71e49045b4f0b5,analysis-window-009,2,ok,1,True,True,True,True,0,0,0,4f53cda18c2baa0c0354bb5f9a3ecbe5ed12ab4d8e11ba873c2f11161202b945,4f53cda18c2baa0c0354bb5f9a3ecbe5ed12ab4d8e11ba873c2f11161202b945,data/causal_extraction/e0_grounding/v0.1.0_run1/calls/evidence_atom_id/doi_3a71e49045b4f0b5/analysis-window-009/repeat-02/terminal.json
evidence_atom_id,doi:10.2147/jir.s545622,doi_a8004e4211e0472d,analysis-window-001,1,ok,1,True,True,True,True,2,11,11,f20356ec6f9c72c3363d15f8028431f0b91451f6dcdd4c0837090e501a52d8f9,1bae5d0cf09995e1b84fa44dc41df5d990678cf8bc6a3bc7394c5921a09d621b,data/causal_extraction/e0_grounding/v0.1.0_run1/calls/evidence_atom_id/doi_a8004e4211e0472d/analysis-window-001/repeat-01/terminal.json
evidence_atom_id,doi:10.2147/jir.s545622,doi_a8004e4211e0472d,analysis-window-001,2,ok,1,True,True,True,True,2,8,8,799210aabd4287f711195eb81b9b7c0d349a7e32d47ef0e1952e1963042ce4f0,1ab281c5a3dc7538c93dc4eb772c555469e10e657ee5bc2c7bc795f73da0973f,data/causal_extraction/e0_grounding/v0.1.0_run1/calls/evidence_atom_id/doi_a8004e4211e0472d/analysis-window-001/repeat-02/terminal.json
evidence_atom_id,doi:10.2147/jir.s545622,doi_a8004e4211e0472d,analysis-window-002,1,ok,1,True,True,True,True,5,17,17,31cdae3a8457b0e5d8d39b1dafe977cb81be4b8a3455e84766108ed246424717,1d33ca3252958828bd6828ef1594c7bc78cb3b56c641b5f751111268e4f9db7e,data/causal_extraction/e0_grounding/v0.1.0_run1/calls/evidence_atom_id/doi_a8004e4211e0472d/analysis-window-002/repeat-01/terminal.json
evidence_atom_id,doi:10.2147/jir.s545622,doi_a8004e4211e0472d,analysis-window-002,2,ok,1,True,True,True,True,6,20,20,5f80faad83afa6c331eb2ccb1b9a69d0ed4463ed3c8ee505eecb56c463073b72,0d052868b025c1ad8e1b71acefdd6341154377672b1892853aa5982efb6d5d72,data/causal_extraction/e0_grounding/v0.1.0_run1/calls/evidence_atom_id/doi_a8004e4211e0472d/analysis-window-002/repeat-02/terminal.json
evidence_atom_id,doi:10.2147/jir.s545622,doi_a8004e4211e0472d,analysis-window-003,1,ok,1,True,True,True,True,3,6,6,3fb4ba767ef959fcdceb8077c2ad5472a96a64fc643636b5191bbe950df6253d,eb5f5c0dddcdc6051452c47e345987f383c3924423fc612da1a33512227dbdc0,data/causal_extraction/e0_grounding/v0.1.0_run1/calls/evidence_atom_id/doi_a8004e4211e0472d/analysis-window-003/repeat-01/terminal.json
evidence_atom_id,doi:10.2147/jir.s545622,doi_a8004e4211e0472d,analysis-window-003,2,ok,1,True,True,True,True,3,12,12,248f862304d919365871b74a2e30c6d9735a41060fcf51e219d938fe6d896ca3,3ee0c9826fa3348a473dc330d1eb13e9dc4edb59b9d850d5b0f52c0d5ea540a6,data/causal_extraction/e0_grounding/v0.1.0_run1/calls/evidence_atom_id/doi_a8004e4211e0472d/analysis-window-003/repeat-02/terminal.json
evidence_atom_id,doi:10.2147/jir.s545622,doi_a8004e4211e0472d,analysis-window-004,1,ok,1,True,True,True,True,0,0,0,4f53cda18c2baa0c0354bb5f9a3ecbe5ed12ab4d8e11ba873c2f11161202b945,4f53cda18c2baa0c0354bb5f9a3ecbe5ed12ab4d8e11ba873c2f11161202b945,data/causal_extraction/e0_grounding/v0.1.0_run1/calls/evidence_atom_id/doi_a8004e4211e0472d/analysis-window-004/repeat-01/terminal.json
evidence_atom_id,doi:10.2147/jir.s545622,doi_a8004e4211e0472d,analysis-window-004,2,ok,1,True,True,True,True,0,0,0,4f53cda18c2baa0c0354bb5f9a3ecbe5ed12ab4d8e11ba873c2f11161202b945,4f53cda18c2baa0c0354bb5f9a3ecbe5ed12ab4d8e11ba873c2f11161202b945,data/causal_extraction/e0_grounding/v0.1.0_run1/calls/evidence_atom_id/doi_a8004e4211e0472d/analysis-window-004/repeat-02/terminal.json
evidence_atom_id,doi:10.1038/s41413-025-00422-3,doi_af10f681ac31970c,analysis-window-001,1,ok,1,True,True,True,True,8,30,30,822be2aa25f4c1d0af56a95175c519b8700416608753a1c0a4d9a94a589a9813,a337dcff61a29c2c3c6135ed7490735d21165bac57a165c0a9366d6ac5a43bb3,data/causal_extraction/e0_grounding/v0.1.0_run1/calls/evidence_atom_id/doi_af10f681ac31970c/analysis-window-001/repeat-01/terminal.json
evidence_atom_id,doi:10.1038/s41413-025-00422-3,doi_af10f681ac31970c,analysis-window-001,2,ok,1,True,True,True,True,8,36,36,dce53db8e09448b13bf25bcb1ffddf76c7952844ff81e9ef07382bc3241f7179,39a30f7b5e1d4aa3eafab4fec5ac325e3cc6c640bb22737948b3b3f6fd7de858,data/causal_extraction/e0_grounding/v0.1.0_run1/calls/evidence_atom_id/doi_af10f681ac31970c/analysis-window-001/repeat-02/terminal.json
evidence_atom_id,doi:10.1038/s41413-025-00422-3,doi_af10f681ac31970c,analysis-window-002,1,ok,1,True,True,True,True,10,54,54,4277842010b8a4bc52ff8be8eb9b6999003e348380b6670281fce37d60508151,a0f82e1c525ab8ce0d8474ca39cc786583818c8cefc7ec62d7b37cb116672bd1,data/causal_extraction/e0_grounding/v0.1.0_run1/calls/evidence_atom_id/doi_af10f681ac31970c/analysis-window-002/repeat-01/terminal.json
evidence_atom_id,doi:10.1038/s41413-025-00422-3,doi_af10f681ac31970c,analysis-window-002,2,ok,1,True,True,True,True,6,36,36,650b218aa608770795dfe7d1ed0cf46dd04433066a5b5e20d2d575b9714a4bfe,e27822487293feba73dca313e1182ba4399ca91bf82531d259fe8fb20c259e09,data/causal_extraction/e0_grounding/v0.1.0_run1/calls/evidence_atom_id/doi_af10f681ac31970c/analysis-window-002/repeat-02/terminal.json
evidence_atom_id,doi:10.1038/s41413-025-00422-3,doi_af10f681ac31970c,analysis-window-003,1,ok,1,True,True,True,True,3,14,14,efa95ceb33455386cff44f887be59355500d7655fec95190069bbdd6e8caf374,e325577fd27ead20e62e9953822ba107fc09b2c05fac0d2166508689d44fdb5d,data/causal_extraction/e0_grounding/v0.1.0_run1/calls/evidence_atom_id/doi_af10f681ac31970c/analysis-window-003/repeat-01/terminal.json
evidence_atom_id,doi:10.1038/s41413-025-00422-3,doi_af10f681ac31970c,analysis-window-003,2,ok,1,True,True,True,True,1,4,4,331f47be2a43edbde84ed92f3e6745d42eb0109f2a2a134ae354d2b5ea807076,16572a4deb768faad4e184c093cb94331a114935764b7ad0d5621689ff7fc017,data/causal_extraction/e0_grounding/v0.1.0_run1/calls/evidence_atom_id/doi_af10f681ac31970c/analysis-window-003/repeat-02/terminal.json
evidence_atom_id,doi:10.1038/s41413-025-00422-3,doi_af10f681ac31970c,analysis-window-004,1,ok,1,True,True,True,True,0,0,0,4f53cda18c2baa0c0354bb5f9a3ecbe5ed12ab4d8e11ba873c2f11161202b945,4f53cda18c2baa0c0354bb5f9a3ecbe5ed12ab4d8e11ba873c2f11161202b945,data/causal_extraction/e0_grounding/v0.1.0_run1/calls/evidence_atom_id/doi_af10f681ac31970c/analysis-window-004/repeat-01/terminal.json
evidence_atom_id,doi:10.1038/s41413-025-00422-3,doi_af10f681ac31970c,analysis-window-004,2,ok,1,True,True,True,True,0,0,0,4f53cda18c2baa0c0354bb5f9a3ecbe5ed12ab4d8e11ba873c2f11161202b945,4f53cda18c2baa0c0354bb5f9a3ecbe5ed12ab4d8e11ba873c2f11161202b945,data/causal_extraction/e0_grounding/v0.1.0_run1/calls/evidence_atom_id/doi_af10f681ac31970c/analysis-window-004/repeat-02/terminal.json
evidence_atom_id,doi:10.1038/s41413-025-00422-3,doi_af10f681ac31970c,analysis-window-005,1,ok,1,True,True,True,True,0,0,0,4f53cda18c2baa0c0354bb5f9a3ecbe5ed12ab4d8e11ba873c2f11161202b945,4f53cda18c2baa0c0354bb5f9a3ecbe5ed12ab4d8e11ba873c2f11161202b945,data/causal_extraction/e0_grounding/v0.1.0_run1/calls/evidence_atom_id/doi_af10f681ac31970c/analysis-window-005/repeat-01/terminal.json
evidence_atom_id,doi:10.1038/s41413-025-00422-3,doi_af10f681ac31970c,analysis-window-005,2,ok,1,True,True,True,True,0,0,0,4f53cda18c2baa0c0354bb5f9a3ecbe5ed12ab4d8e11ba873c2f11161202b945,4f53cda18c2baa0c0354bb5f9a3ecbe5ed12ab4d8e11ba873c2f11161202b945,data/causal_extraction/e0_grounding/v0.1.0_run1/calls/evidence_atom_id/doi_af10f681ac31970c/analysis-window-005/repeat-02/terminal.json
evidence_atom_id,doi:10.1186/s12967-026-07766-2,doi_b9624237438f1188,analysis-window-001,1,ok,1,True,True,True,True,3,18,18,7d48e4e96f7f3e9e60de5a472e11ae58e16e34441a7818638d513d0bd0640e5c,154855d2eacc2109e7382f524f34827cbcd4028cd6661abaaf3a422c06b3e6cb,data/causal_extraction/e0_grounding/v0.1.0_run1/calls/evidence_atom_id/doi_b9624237438f1188/analysis-window-001/repeat-01/terminal.json
evidence_atom_id,doi:10.1186/s12967-026-07766-2,doi_b9624237438f1188,analysis-window-001,2,ok,1,True,True,True,True,3,14,14,47b0b57dcb312ff95c2cd4789fe796a6249a23f10dba0b66a699b610007916bc,a7fcb88c4497177a08d7953379592da98cdda7f86ba7cdca86d1c89701086415,data/causal_extraction/e0_grounding/v0.1.0_run1/calls/evidence_atom_id/doi_b9624237438f1188/analysis-window-001/repeat-02/terminal.json
evidence_atom_id,doi:10.1186/s12967-026-07766-2,doi_b9624237438f1188,analysis-window-002,1,ok,1,True,True,True,True,8,23,23,fc9632345801b6d739c67085972a62c2803a0d17a37b88178f554988530bb276,cd66a5fcbe4576736a03cd2babd604b3652ebd31e6e7cf400ea79ec1e0a5d995,data/causal_extraction/e0_grounding/v0.1.0_run1/calls/evidence_atom_id/doi_b9624237438f1188/analysis-window-002/repeat-01/terminal.json
evidence_atom_id,doi:10.1186/s12967-026-07766-2,doi_b9624237438f1188,analysis-window-002,2,ok,1,True,True,True,True,5,26,26,567b7c20e740f88babb62c4bd04b550fb74dcb56afb214d97117c2c7db16ddf6,7903faf7a2ca4133987fce5b4ea84eada0b3a51ecd7851457be4fc1a4f517591,data/causal_extraction/e0_grounding/v0.1.0_run1/calls/evidence_atom_id/doi_b9624237438f1188/analysis-window-002/repeat-02/terminal.json
evidence_atom_id,doi:10.1186/s12967-026-07766-2,doi_b9624237438f1188,analysis-window-003,1,ok,1,True,True,True,True,4,22,22,508d354ac62b6581cadad28ae54d75f2cc047210cb4da93980e042e69b83b21c,45c59085f2d0cac4612574d54b6b3d24e78b0029bf43cbeade0fb9ce4ab0a8dd,data/causal_extraction/e0_grounding/v0.1.0_run1/calls/evidence_atom_id/doi_b9624237438f1188/analysis-window-003/repeat-01/terminal.json
evidence_atom_id,doi:10.1186/s12967-026-07766-2,doi_b9624237438f1188,analysis-window-003,2,ok,1,True,True,True,True,5,28,28,de896f40bfb58c841ec336712ea4ffcb253564b1faf327aad6bd4015909de7a0,cee268f175099d4029e76f1217e7990c4044c9f62d87c9b17de4bcfaa88ebbd5,data/causal_extraction/e0_grounding/v0.1.0_run1/calls/evidence_atom_id/doi_b9624237438f1188/analysis-window-003/repeat-02/terminal.json
evidence_atom_id,doi:10.1186/s12967-026-07766-2,doi_b9624237438f1188,analysis-window-004,1,ok,1,True,True,True,True,0,0,0,4f53cda18c2baa0c0354bb5f9a3ecbe5ed12ab4d8e11ba873c2f11161202b945,4f53cda18c2baa0c0354bb5f9a3ecbe5ed12ab4d8e11ba873c2f11161202b945,data/causal_extraction/e0_grounding/v0.1.0_run1/calls/evidence_atom_id/doi_b9624237438f1188/analysis-window-004/repeat-01/terminal.json
evidence_atom_id,doi:10.1186/s12967-026-07766-2,doi_b9624237438f1188,analysis-window-004,2,ok,1,True,True,True,True,0,0,0,4f53cda18c2baa0c0354bb5f9a3ecbe5ed12ab4d8e11ba873c2f11161202b945,4f53cda18c2baa0c0354bb5f9a3ecbe5ed12ab4d8e11ba873c2f11161202b945,data/causal_extraction/e0_grounding/v0.1.0_run1/calls/evidence_atom_id/doi_b9624237438f1188/analysis-window-004/repeat-02/terminal.json
evidence_atom_id,doi:10.1016/j.ccell.2024.09.002,doi_d6b8a2976255b1df,analysis-window-001,1,ok,1,True,True,True,True,3,11,11,b39c1bce94cdc9cfc2bc0e318927be85b5a6fa32433734e591cd5d52e419fcb3,cf90636ca9f82066529c471130c217b023ae7c7e32b1e3b3e97b40e3bd1361d2,data/causal_extraction/e0_grounding/v0.1.0_run1/calls/evidence_atom_id/doi_d6b8a2976255b1df/analysis-window-001/repeat-01/terminal.json
evidence_atom_id,doi:10.1016/j.ccell.2024.09.002,doi_d6b8a2976255b1df,analysis-window-001,2,ok,1,True,True,True,True,4,11,11,9cf7bf9085f35399220e4b7b6026e23d828deefd76b54cb559f9693267555954,fdaf40d82919277b119c299eff92bed7cabd36a0a7cfdb2536cc1e1519b50c15,data/causal_extraction/e0_grounding/v0.1.0_run1/calls/evidence_atom_id/doi_d6b8a2976255b1df/analysis-window-001/repeat-02/terminal.json
evidence_atom_id,doi:10.1016/j.ccell.2024.09.002,doi_d6b8a2976255b1df,analysis-window-002,1,ok,1,True,True,True,True,4,23,23,c4816481209848ad583327f3e9ab975c775b9959b942f82ac57f68db17bb225d,b790c77dd13c6c3963eb05e116c5d88f0ebe45d5fdce1bafaf58be565cf01631,data/causal_extraction/e0_grounding/v0.1.0_run1/calls/evidence_atom_id/doi_d6b8a2976255b1df/analysis-window-002/repeat-01/terminal.json
evidence_atom_id,doi:10.1016/j.ccell.2024.09.002,doi_d6b8a2976255b1df,analysis-window-002,2,ok,1,True,True,True,True,6,24,24,f1573726874bdd22db1aba51497892c7fa0110cebcad5ea3fc5f987e4a6770bc,6aa4eede2e6105535d70d9530eef3493893a5adb5d19fe2ddc8a7f03a295ee48,data/causal_extraction/e0_grounding/v0.1.0_run1/calls/evidence_atom_id/doi_d6b8a2976255b1df/analysis-window-002/repeat-02/terminal.json
evidence_atom_id,doi:10.1016/j.ccell.2024.09.002,doi_d6b8a2976255b1df,analysis-window-003,1,ok,1,True,True,True,True,7,26,26,92ab254988822edf0dec838cbb34a804c2d3121a285f02dc728815c6e53e3c5f,c1bcaa9967c04100ee9606991d579bbcebb1de060321678f49d3ac8cb2d354c2,data/causal_extraction/e0_grounding/v0.1.0_run1/calls/evidence_atom_id/doi_d6b8a2976255b1df/analysis-window-003/repeat-01/terminal.json
evidence_atom_id,doi:10.1016/j.ccell.2024.09.002,doi_d6b8a2976255b1df,analysis-window-003,2,ok,1,True,True,True,True,2,8,8,a98e7241af30784f177c642601ad108eaa6a0f452f8925135a4c040d5ae4d8ce,9779bdbcf3e2ef1e950b22a30760d67fed1895278b3fda56c799dd65193b4a6a,data/causal_extraction/e0_grounding/v0.1.0_run1/calls/evidence_atom_id/doi_d6b8a2976255b1df/analysis-window-003/repeat-02/terminal.json
evidence_atom_id,doi:10.1016/j.ccell.2024.09.002,doi_d6b8a2976255b1df,analysis-window-004,1,ok,1,True,True,True,True,0,0,0,4f53cda18c2baa0c0354bb5f9a3ecbe5ed12ab4d8e11ba873c2f11161202b945,4f53cda18c2baa0c0354bb5f9a3ecbe5ed12ab4d8e11ba873c2f11161202b945,data/causal_extraction/e0_grounding/v0.1.0_run1/calls/evidence_atom_id/doi_d6b8a2976255b1df/analysis-window-004/repeat-01/terminal.json
evidence_atom_id,doi:10.1016/j.ccell.2024.09.002,doi_d6b8a2976255b1df,analysis-window-004,2,ok,1,True,True,True,True,0,0,0,4f53cda18c2baa0c0354bb5f9a3ecbe5ed12ab4d8e11ba873c2f11161202b945,4f53cda18c2baa0c0354bb5f9a3ecbe5ed12ab4d8e11ba873c2f11161202b945,data/causal_extraction/e0_grounding/v0.1.0_run1/calls/evidence_atom_id/doi_d6b8a2976255b1df/analysis-window-004/repeat-02/terminal.json
evidence_atom_id,doi:10.1016/j.ccell.2024.09.002,doi_d6b8a2976255b1df,analysis-window-005,1,ok,1,True,True,True,True,0,0,0,4f53cda18c2baa0c0354bb5f9a3ecbe5ed12ab4d8e11ba873c2f11161202b945,4f53cda18c2baa0c0354bb5f9a3ecbe5ed12ab4d8e11ba873c2f11161202b945,data/causal_extraction/e0_grounding/v0.1.0_run1/calls/evidence_atom_id/doi_d6b8a2976255b1df/analysis-window-005/repeat-01/terminal.json
evidence_atom_id,doi:10.1016/j.ccell.2024.09.002,doi_d6b8a2976255b1df,analysis-window-005,2,ok,1,True,True,True,True,0,0,0,4f53cda18c2baa0c0354bb5f9a3ecbe5ed12ab4d8e11ba873c2f11161202b945,4f53cda18c2baa0c0354bb5f9a3ecbe5ed12ab4d8e11ba873c2f11161202b945,data/causal_extraction/e0_grounding/v0.1.0_run1/calls/evidence_atom_id/doi_d6b8a2976255b1df/analysis-window-005/repeat-02/terminal.json
evidence_atom_id,doi:10.1016/j.ccell.2024.09.002,doi_d6b8a2976255b1df,analysis-window-006,1,ok,1,True,True,True,True,3,12,12,9227d4ab87619ff9fa0ca55a0f59b63aa5c806bb0a16476c7ab4876c4813914f,132bda495240d440db98c203b1f7011033c976d7ae47158623e93fa36dbf5c75,data/causal_extraction/e0_grounding/v0.1.0_run1/calls/evidence_atom_id/doi_d6b8a2976255b1df/analysis-window-006/repeat-01/terminal.json
evidence_atom_id,doi:10.1016/j.ccell.2024.09.002,doi_d6b8a2976255b1df,analysis-window-006,2,ok,1,True,True,True,True,3,13,13,031d58e3aca6a97a9ec15c1ea94683eeec45fe7d2e1d05b7c53f3270acf60d98,fd04037838c1a60675af72b4a5e88dc49ff7fe85b09dc67556227721609b65a9,data/causal_extraction/e0_grounding/v0.1.0_run1/calls/evidence_atom_id/doi_d6b8a2976255b1df/analysis-window-006/repeat-02/terminal.json
evidence_atom_id,doi:10.1016/j.ccell.2024.09.002,doi_d6b8a2976255b1df,analysis-window-007,1,ok,1,True,True,True,True,3,16,16,bf0a8813c3499d76a46584650daecc1f6abcb239f9bf9373e9160a64a13396af,4277eee2d48300b65971c0a0d48f8655de7bc61f0ed5ebab9ece1ab634ffb412,data/causal_extraction/e0_grounding/v0.1.0_run1/calls/evidence_atom_id/doi_d6b8a2976255b1df/analysis-window-007/repeat-01/terminal.json
evidence_atom_id,doi:10.1016/j.ccell.2024.09.002,doi_d6b8a2976255b1df,analysis-window-007,2,ok,1,True,True,True,True,6,21,21,147c500e950e690bc8e7a27e4434fc64f7c067216851cec17ba98b5f687f9ed5,db9943e6bddd9811fce987b26687c6157d03be2374b00efc336639794466c808,data/causal_extraction/e0_grounding/v0.1.0_run1/calls/evidence_atom_id/doi_d6b8a2976255b1df/analysis-window-007/repeat-02/terminal.json
verbatim_quote,doi:10.1007/s11306-023-02022-w,doi_1567b42f384d1b6b,analysis-window-001,1,ok,1,True,True,True,True,2,4,4,7b717b67f07075034b28feda714d11010fa97250293b82cd80414fee7028aca7,6aee1602cdc69fc81ec4316d4680d2ea636c08329a47e5f0364ea6837fa36e72,data/causal_extraction/e0_grounding/v0.1.0_run1/calls/verbatim_quote/doi_1567b42f384d1b6b/analysis-window-001/repeat-01/terminal.json
verbatim_quote,doi:10.1007/s11306-023-02022-w,doi_1567b42f384d1b6b,analysis-window-001,2,ok,1,True,True,True,True,3,14,14,c32d92e2394f99acb053dd9b810ba4d75933c1ffc71262b7782beb93a2fde222,5c31010e259d8f47e6aa80a9ec715b65476dfd46df61b79bad176c21e8c0742a,data/causal_extraction/e0_grounding/v0.1.0_run1/calls/verbatim_quote/doi_1567b42f384d1b6b/analysis-window-001/repeat-02/terminal.json
verbatim_quote,doi:10.1007/s11306-023-02022-w,doi_1567b42f384d1b6b,analysis-window-002,1,ok,1,True,True,True,True,0,0,0,4f53cda18c2baa0c0354bb5f9a3ecbe5ed12ab4d8e11ba873c2f11161202b945,4f53cda18c2baa0c0354bb5f9a3ecbe5ed12ab4d8e11ba873c2f11161202b945,data/causal_extraction/e0_grounding/v0.1.0_run1/calls/verbatim_quote/doi_1567b42f384d1b6b/analysis-window-002/repeat-01/terminal.json
verbatim_quote,doi:10.1007/s11306-023-02022-w,doi_1567b42f384d1b6b,analysis-window-002,2,ok,1,True,True,True,True,0,0,0,4f53cda18c2baa0c0354bb5f9a3ecbe5ed12ab4d8e11ba873c2f11161202b945,4f53cda18c2baa0c0354bb5f9a3ecbe5ed12ab4d8e11ba873c2f11161202b945,data/causal_extraction/e0_grounding/v0.1.0_run1/calls/verbatim_quote/doi_1567b42f384d1b6b/analysis-window-002/repeat-02/terminal.json
verbatim_quote,doi:10.1007/s11306-023-02022-w,doi_1567b42f384d1b6b,analysis-window-003,1,ok,1,True,True,True,True,0,0,0,4f53cda18c2baa0c0354bb5f9a3ecbe5ed12ab4d8e11ba873c2f11161202b945,4f53cda18c2baa0c0354bb5f9a3ecbe5ed12ab4d8e11ba873c2f11161202b945,data/causal_extraction/e0_grounding/v0.1.0_run1/calls/verbatim_quote/doi_1567b42f384d1b6b/analysis-window-003/repeat-01/terminal.json
verbatim_quote,doi:10.1007/s11306-023-02022-w,doi_1567b42f384d1b6b,analysis-window-003,2,ok,1,True,True,True,True,0,0,0,4f53cda18c2baa0c0354bb5f9a3ecbe5ed12ab4d8e11ba873c2f11161202b945,4f53cda18c2baa0c0354bb5f9a3ecbe5ed12ab4d8e11ba873c2f11161202b945,data/causal_extraction/e0_grounding/v0.1.0_run1/calls/verbatim_quote/doi_1567b42f384d1b6b/analysis-window-003/repeat-02/terminal.json
verbatim_quote,doi:10.1007/s11306-023-02022-w,doi_1567b42f384d1b6b,analysis-window-004,1,ok,1,True,True,True,True,0,0,0,4f53cda18c2baa0c0354bb5f9a3ecbe5ed12ab4d8e11ba873c2f11161202b945,4f53cda18c2baa0c0354bb5f9a3ecbe5ed12ab4d8e11ba873c2f11161202b945,data/causal_extraction/e0_grounding/v0.1.0_run1/calls/verbatim_quote/doi_1567b42f384d1b6b/analysis-window-004/repeat-01/terminal.json
verbatim_quote,doi:10.1007/s11306-023-02022-w,doi_1567b42f384d1b6b,analysis-window-004,2,ok,1,True,True,True,True,0,0,0,4f53cda18c2baa0c0354bb5f9a3ecbe5ed12ab4d8e11ba873c2f11161202b945,4f53cda18c2baa0c0354bb5f9a3ecbe5ed12ab4d8e11ba873c2f11161202b945,data/causal_extraction/e0_grounding/v0.1.0_run1/calls/verbatim_quote/doi_1567b42f384d1b6b/analysis-window-004/repeat-02/terminal.json
verbatim_quote,doi:10.1126/sciadv.adu2294,doi_3a71e49045b4f0b5,analysis-window-001,1,ok,1,True,True,True,True,3,6,6,55216bd48e00ced7f29d0f2f1e0fc53deb24313039350e232b0b67cfacb758d1,f1b561141d00b6301fa605c7704bc4e793e892e9f6bdc81ae6297ca3f46076e4,data/causal_extraction/e0_grounding/v0.1.0_run1/calls/verbatim_quote/doi_3a71e49045b4f0b5/analysis-window-001/repeat-01/terminal.json
verbatim_quote,doi:10.1126/sciadv.adu2294,doi_3a71e49045b4f0b5,analysis-window-001,2,ok,1,True,True,True,True,2,4,4,a375689ba1df045c69f3547499fc6ad134d33d019e32d5c905a98f1de476b23e,b9bcac227cf2f657f686d1117900595d8d0ab3f2c9510747f8299e4eb3c1ddd2,data/causal_extraction/e0_grounding/v0.1.0_run1/calls/verbatim_quote/doi_3a71e49045b4f0b5/analysis-window-001/repeat-02/terminal.json
verbatim_quote,doi:10.1126/sciadv.adu2294,doi_3a71e49045b4f0b5,analysis-window-002,1,ok,1,True,True,True,True,4,12,12,254d4fda89390e741b0ff1095be955327fed4836e263e2c554a453e83ac1fefb,dedfb04c7d1fa797e4ff731de0dd2a3283b65439c75f7bdc597be8af3812deca,data/causal_extraction/e0_grounding/v0.1.0_run1/calls/verbatim_quote/doi_3a71e49045b4f0b5/analysis-window-002/repeat-01/terminal.json
verbatim_quote,doi:10.1126/sciadv.adu2294,doi_3a71e49045b4f0b5,analysis-window-002,2,ok,1,True,True,True,True,4,12,12,8adbe76c8bb9ed3a92a1f760942e044206cd6d74dac7b60773815e847741308a,dedfb04c7d1fa797e4ff731de0dd2a3283b65439c75f7bdc597be8af3812deca,data/causal_extraction/e0_grounding/v0.1.0_run1/calls/verbatim_quote/doi_3a71e49045b4f0b5/analysis-window-002/repeat-02/terminal.json
verbatim_quote,doi:10.1126/sciadv.adu2294,doi_3a71e49045b4f0b5,analysis-window-003,1,ok,2,True,False,True,True,3,8,8,b40b34216f447acf41220b7e44b35a997fcbf89b5881b0711a065ffe2881aaf2,650a72d1ec5ac26f0f99eba26cb23ec50c355f13b9f867c418be8cf77b5c50bc,data/causal_extraction/e0_grounding/v0.1.0_run1/calls/verbatim_quote/doi_3a71e49045b4f0b5/analysis-window-003/repeat-01/terminal.json
verbatim_quote,doi:10.1126/sciadv.adu2294,doi_3a71e49045b4f0b5,analysis-window-003,2,ok,2,True,False,True,True,3,11,11,8a6e8adfa03f9d1790f51b5cc70dfa951b3bc1f28e683cb625a2104e491f2a9f,a8bcb7811ef13b9703ed230a8722816c77f3a7a28a70166355d23fb92c4948db,data/causal_extraction/e0_grounding/v0.1.0_run1/calls/verbatim_quote/doi_3a71e49045b4f0b5/analysis-window-003/repeat-02/terminal.json
verbatim_quote,doi:10.1126/sciadv.adu2294,doi_3a71e49045b4f0b5,analysis-window-004,1,ok,1,True,True,True,True,0,0,0,4f53cda18c2baa0c0354bb5f9a3ecbe5ed12ab4d8e11ba873c2f11161202b945,4f53cda18c2baa0c0354bb5f9a3ecbe5ed12ab4d8e11ba873c2f11161202b945,data/causal_extraction/e0_grounding/v0.1.0_run1/calls/verbatim_quote/doi_3a71e49045b4f0b5/analysis-window-004/repeat-01/terminal.json
verbatim_quote,doi:10.1126/sciadv.adu2294,doi_3a71e49045b4f0b5,analysis-window-004,2,ok,1,True,True,True,True,0,0,0,4f53cda18c2baa0c0354bb5f9a3ecbe5ed12ab4d8e11ba873c2f11161202b945,4f53cda18c2baa0c0354bb5f9a3ecbe5ed12ab4d8e11ba873c2f11161202b945,data/causal_extraction/e0_grounding/v0.1.0_run1/calls/verbatim_quote/doi_3a71e49045b4f0b5/analysis-window-004/repeat-02/terminal.json
verbatim_quote,doi:10.1126/sciadv.adu2294,doi_3a71e49045b4f0b5,analysis-window-005,1,ok,1,True,True,True,True,0,0,0,4f53cda18c2baa0c0354bb5f9a3ecbe5ed12ab4d8e11ba873c2f11161202b945,4f53cda18c2baa0c0354bb5f9a3ecbe5ed12ab4d8e11ba873c2f11161202b945,data/causal_extraction/e0_grounding/v0.1.0_run1/calls/verbatim_quote/doi_3a71e49045b4f0b5/analysis-window-005/repeat-01/terminal.json
verbatim_quote,doi:10.1126/sciadv.adu2294,doi_3a71e49045b4f0b5,analysis-window-005,2,ok,1,True,True,True,True,0,0,0,4f53cda18c2baa0c0354bb5f9a3ecbe5ed12ab4d8e11ba873c2f11161202b945,4f53cda18c2baa0c0354bb5f9a3ecbe5ed12ab4d8e11ba873c2f11161202b945,data/causal_extraction/e0_grounding/v0.1.0_run1/calls/verbatim_quote/doi_3a71e49045b4f0b5/analysis-window-005/repeat-02/terminal.json
verbatim_quote,doi:10.1126/sciadv.adu2294,doi_3a71e49045b4f0b5,analysis-window-006,1,ok,1,True,True,True,True,0,0,0,4f53cda18c2baa0c0354bb5f9a3ecbe5ed12ab4d8e11ba873c2f11161202b945,4f53cda18c2baa0c0354bb5f9a3ecbe5ed12ab4d8e11ba873c2f11161202b945,data/causal_extraction/e0_grounding/v0.1.0_run1/calls/verbatim_quote/doi_3a71e49045b4f0b5/analysis-window-006/repeat-01/terminal.json
verbatim_quote,doi:10.1126/sciadv.adu2294,doi_3a71e49045b4f0b5,analysis-window-006,2,ok,1,True,True,True,True,0,0,0,4f53cda18c2baa0c0354bb5f9a3ecbe5ed12ab4d8e11ba873c2f11161202b945,4f53cda18c2baa0c0354bb5f9a3ecbe5ed12ab4d8e11ba873c2f11161202b945,data/causal_extraction/e0_grounding/v0.1.0_run1/calls/verbatim_quote/doi_3a71e49045b4f0b5/analysis-window-006/repeat-02/terminal.json
verbatim_quote,doi:10.1126/sciadv.adu2294,doi_3a71e49045b4f0b5,analysis-window-007,1,ok,1,True,True,True,True,0,0,0,4f53cda18c2baa0c0354bb5f9a3ecbe5ed12ab4d8e11ba873c2f11161202b945,4f53cda18c2baa0c0354bb5f9a3ecbe5ed12ab4d8e11ba873c2f11161202b945,data/causal_extraction/e0_grounding/v0.1.0_run1/calls/verbatim_quote/doi_3a71e49045b4f0b5/analysis-window-007/repeat-01/terminal.json
verbatim_quote,doi:10.1126/sciadv.adu2294,doi_3a71e49045b4f0b5,analysis-window-007,2,ok,1,True,True,True,True,0,0,0,4f53cda18c2baa0c0354bb5f9a3ecbe5ed12ab4d8e11ba873c2f11161202b945,4f53cda18c2baa0c0354bb5f9a3ecbe5ed12ab4d8e11ba873c2f11161202b945,data/causal_extraction/e0_grounding/v0.1.0_run1/calls/verbatim_quote/doi_3a71e49045b4f0b5/analysis-window-007/repeat-02/terminal.json
verbatim_quote,doi:10.1126/sciadv.adu2294,doi_3a71e49045b4f0b5,analysis-window-008,1,ok,1,True,True,True,True,0,0,0,4f53cda18c2baa0c0354bb5f9a3ecbe5ed12ab4d8e11ba873c2f11161202b945,4f53cda18c2baa0c0354bb5f9a3ecbe5ed12ab4d8e11ba873c2f11161202b945,data/causal_extraction/e0_grounding/v0.1.0_run1/calls/verbatim_quote/doi_3a71e49045b4f0b5/analysis-window-008/repeat-01/terminal.json
verbatim_quote,doi:10.1126/sciadv.adu2294,doi_3a71e49045b4f0b5,analysis-window-008,2,ok,1,True,True,True,True,0,0,0,4f53cda18c2baa0c0354bb5f9a3ecbe5ed12ab4d8e11ba873c2f11161202b945,4f53cda18c2baa0c0354bb5f9a3ecbe5ed12ab4d8e11ba873c2f11161202b945,data/causal_extraction/e0_grounding/v0.1.0_run1/calls/verbatim_quote/doi_3a71e49045b4f0b5/analysis-window-008/repeat-02/terminal.json
verbatim_quote,doi:10.1126/sciadv.adu2294,doi_3a71e49045b4f0b5,analysis-window-009,1,ok,1,True,True,True,True,0,0,0,4f53cda18c2baa0c0354bb5f9a3ecbe5ed12ab4d8e11ba873c2f11161202b945,4f53cda18c2baa0c0354bb5f9a3ecbe5ed12ab4d8e11ba873c2f11161202b945,data/causal_extraction/e0_grounding/v0.1.0_run1/calls/verbatim_quote/doi_3a71e49045b4f0b5/analysis-window-009/repeat-01/terminal.json
verbatim_quote,doi:10.1126/sciadv.adu2294,doi_3a71e49045b4f0b5,analysis-window-009,2,ok,1,True,True,True,True,0,0,0,4f53cda18c2baa0c0354bb5f9a3ecbe5ed12ab4d8e11ba873c2f11161202b945,4f53cda18c2baa0c0354bb5f9a3ecbe5ed12ab4d8e11ba873c2f11161202b945,data/causal_extraction/e0_grounding/v0.1.0_run1/calls/verbatim_quote/doi_3a71e49045b4f0b5/analysis-window-009/repeat-02/terminal.json
verbatim_quote,doi:10.2147/jir.s545622,doi_a8004e4211e0472d,analysis-window-001,1,ok,1,True,True,True,True,2,5,5,edae75410aa2e544aae386bc8b32a8776f1c4db28531e48b2da6d563a854cb83,1e356578a6694d573ee0fd58fcd43d54f581a622117db80074be065962f31e6d,data/causal_extraction/e0_grounding/v0.1.0_run1/calls/verbatim_quote/doi_a8004e4211e0472d/analysis-window-001/repeat-01/terminal.json
verbatim_quote,doi:10.2147/jir.s545622,doi_a8004e4211e0472d,analysis-window-001,2,ok,1,True,True,True,True,2,4,4,8581b15d5867163b5f52a679ca0a46304d6f2c094cad0bd5296c423e44eee11a,cc58c0e50888b2e4da26260e12f57e172c8de567f05e2e884b11b6a71794ce5a,data/causal_extraction/e0_grounding/v0.1.0_run1/calls/verbatim_quote/doi_a8004e4211e0472d/analysis-window-001/repeat-02/terminal.json
verbatim_quote,doi:10.2147/jir.s545622,doi_a8004e4211e0472d,analysis-window-002,1,ok,1,True,True,True,True,4,12,12,491ae6b7ba7f05ad4ad9174decfebb99ddeb8515dc592e7c5f34a4bdcc73caf7,15ec271986433a8db3cf2d62a168555908e3708a1876910539ddeddeea179404,data/causal_extraction/e0_grounding/v0.1.0_run1/calls/verbatim_quote/doi_a8004e4211e0472d/analysis-window-002/repeat-01/terminal.json
verbatim_quote,doi:10.2147/jir.s545622,doi_a8004e4211e0472d,analysis-window-002,2,ok,1,True,True,True,True,6,18,18,238bd799f0c17da3666a596ed6d9c8747e8e06688cbdd1119e458539bff5771c,8f96c34b203865aeace02c0c28685b45d63395b85a1ce50a11597e8fa71288dd,data/causal_extraction/e0_grounding/v0.1.0_run1/calls/verbatim_quote/doi_a8004e4211e0472d/analysis-window-002/repeat-02/terminal.json
verbatim_quote,doi:10.2147/jir.s545622,doi_a8004e4211e0472d,analysis-window-003,1,ok,1,True,True,True,True,3,7,7,88cd8f912242f78a87390440558e8711afbf6912db104a6c9c4f011bf48c4b3f,3e41ae4734a22e173c4a1195959a69598405f6c3376acf03730e824344cae5b6,data/causal_extraction/e0_grounding/v0.1.0_run1/calls/verbatim_quote/doi_a8004e4211e0472d/analysis-window-003/repeat-01/terminal.json
verbatim_quote,doi:10.2147/jir.s545622,doi_a8004e4211e0472d,analysis-window-003,2,ok,1,True,True,True,True,3,7,7,acc325a9d4703da52ec50b626b1df495b10c812afc9ad1efd6b9c4f9bc89f31f,c5fd4bce564b817f72ebc26a4e3e70ebd1e528dd8a0a9c97e4d6893e6ecc3f9e,data/causal_extraction/e0_grounding/v0.1.0_run1/calls/verbatim_quote/doi_a8004e4211e0472d/analysis-window-003/repeat-02/terminal.json
verbatim_quote,doi:10.2147/jir.s545622,doi_a8004e4211e0472d,analysis-window-004,1,ok,1,True,True,True,True,0,0,0,4f53cda18c2baa0c0354bb5f9a3ecbe5ed12ab4d8e11ba873c2f11161202b945,4f53cda18c2baa0c0354bb5f9a3ecbe5ed12ab4d8e11ba873c2f11161202b945,data/causal_extraction/e0_grounding/v0.1.0_run1/calls/verbatim_quote/doi_a8004e4211e0472d/analysis-window-004/repeat-01/terminal.json
verbatim_quote,doi:10.2147/jir.s545622,doi_a8004e4211e0472d,analysis-window-004,2,ok,1,True,True,True,True,0,0,0,4f53cda18c2baa0c0354bb5f9a3ecbe5ed12ab4d8e11ba873c2f11161202b945,4f53cda18c2baa0c0354bb5f9a3ecbe5ed12ab4d8e11ba873c2f11161202b945,data/causal_extraction/e0_grounding/v0.1.0_run1/calls/verbatim_quote/doi_a8004e4211e0472d/analysis-window-004/repeat-02/terminal.json
verbatim_quote,doi:10.1038/s41413-025-00422-3,doi_af10f681ac31970c,analysis-window-001,1,ok,1,True,True,True,True,6,15,15,0c3e67e2a3ad826fddb5a0c491f5803b13c7bb30dbac79a7ac914c943abdbb40,47eaa19d7f79a8451329eb0d2b1930cc0300580949c13790e42a79be006769df,data/causal_extraction/e0_grounding/v0.1.0_run1/calls/verbatim_quote/doi_af10f681ac31970c/analysis-window-001/repeat-01/terminal.json
verbatim_quote,doi:10.1038/s41413-025-00422-3,doi_af10f681ac31970c,analysis-window-001,2,ok,1,True,True,True,True,8,18,18,c3eb6427972a5fc49eb7fab3f59f4391e9f2311738014696fa46df6e698b3070,e754dc59e0cbdde1878c115aaa2a107f2740a5996024b7d525f63ade2aacbe82,data/causal_extraction/e0_grounding/v0.1.0_run1/calls/verbatim_quote/doi_af10f681ac31970c/analysis-window-001/repeat-02/terminal.json
verbatim_quote,doi:10.1038/s41413-025-00422-3,doi_af10f681ac31970c,analysis-window-002,1,ok,1,True,True,True,True,5,14,14,caa953d90b524c6623c2a0243a8a71ae79008432368469a03472dac4a5ae6473,c20302250a52cbf4ed7c23526228baedcef8517373d2d187d23c5fd1777c7c16,data/causal_extraction/e0_grounding/v0.1.0_run1/calls/verbatim_quote/doi_af10f681ac31970c/analysis-window-002/repeat-01/terminal.json
verbatim_quote,doi:10.1038/s41413-025-00422-3,doi_af10f681ac31970c,analysis-window-002,2,ok,1,True,True,True,True,7,21,21,eedb0b1bc6fec8250497824ea881e60dc76eea88a018438c81fc9fe7b993356c,ba197974b28d882126b410785c0d0aae6422a084ed102ed806cb1b6a414f0dda,data/causal_extraction/e0_grounding/v0.1.0_run1/calls/verbatim_quote/doi_af10f681ac31970c/analysis-window-002/repeat-02/terminal.json
verbatim_quote,doi:10.1038/s41413-025-00422-3,doi_af10f681ac31970c,analysis-window-003,1,ok,1,True,True,True,True,3,7,7,53af03bbf840cade6b7fcaab68658b204ad5efa16d9e644a2707f76a092b84a1,b9d4d23e22bb35ea41a449dea86a47088a3efb63e4b6c807362b411b83a4f919,data/causal_extraction/e0_grounding/v0.1.0_run1/calls/verbatim_quote/doi_af10f681ac31970c/analysis-window-003/repeat-01/terminal.json
verbatim_quote,doi:10.1038/s41413-025-00422-3,doi_af10f681ac31970c,analysis-window-003,2,ok,1,True,True,True,True,2,4,4,4c236ea2455424e22636f092896a8b90c1cdb2e84a79e7190d8055dcbd3b0b78,e0090a360ed4f0e21dadf159aeeac2de353c42b7f8e19dfb1ec9dbb7a0e58cbe,data/causal_extraction/e0_grounding/v0.1.0_run1/calls/verbatim_quote/doi_af10f681ac31970c/analysis-window-003/repeat-02/terminal.json
verbatim_quote,doi:10.1038/s41413-025-00422-3,doi_af10f681ac31970c,analysis-window-004,1,ok,1,True,True,True,True,0,0,0,4f53cda18c2baa0c0354bb5f9a3ecbe5ed12ab4d8e11ba873c2f11161202b945,4f53cda18c2baa0c0354bb5f9a3ecbe5ed12ab4d8e11ba873c2f11161202b945,data/causal_extraction/e0_grounding/v0.1.0_run1/calls/verbatim_quote/doi_af10f681ac31970c/analysis-window-004/repeat-01/terminal.json
verbatim_quote,doi:10.1038/s41413-025-00422-3,doi_af10f681ac31970c,analysis-window-004,2,ok,1,True,True,True,True,0,0,0,4f53cda18c2baa0c0354bb5f9a3ecbe5ed12ab4d8e11ba873c2f11161202b945,4f53cda18c2baa0c0354bb5f9a3ecbe5ed12ab4d8e11ba873c2f11161202b945,data/causal_extraction/e0_grounding/v0.1.0_run1/calls/verbatim_quote/doi_af10f681ac31970c/analysis-window-004/repeat-02/terminal.json
verbatim_quote,doi:10.1038/s41413-025-00422-3,doi_af10f681ac31970c,analysis-window-005,1,ok,1,True,True,True,True,0,0,0,4f53cda18c2baa0c0354bb5f9a3ecbe5ed12ab4d8e11ba873c2f11161202b945,4f53cda18c2baa0c0354bb5f9a3ecbe5ed12ab4d8e11ba873c2f11161202b945,data/causal_extraction/e0_grounding/v0.1.0_run1/calls/verbatim_quote/doi_af10f681ac31970c/analysis-window-005/repeat-01/terminal.json
verbatim_quote,doi:10.1038/s41413-025-00422-3,doi_af10f681ac31970c,analysis-window-005,2,ok,1,True,True,True,True,0,0,0,4f53cda18c2baa0c0354bb5f9a3ecbe5ed12ab4d8e11ba873c2f11161202b945,4f53cda18c2baa0c0354bb5f9a3ecbe5ed12ab4d8e11ba873c2f11161202b945,data/causal_extraction/e0_grounding/v0.1.0_run1/calls/verbatim_quote/doi_af10f681ac31970c/analysis-window-005/repeat-02/terminal.json
verbatim_quote,doi:10.1186/s12967-026-07766-2,doi_b9624237438f1188,analysis-window-001,1,ok,2,True,False,True,True,1,3,3,b21e16d2362aafbcdd0c4f261d1c1c1cd1693dc9d26c37a4206bd2e87dfe4eb2,74c61ddc6b0edfe9288091f609a1c5dc2111285f3ecb1e7f1dfd5d89fca64f3a,data/causal_extraction/e0_grounding/v0.1.0_run1/calls/verbatim_quote/doi_b9624237438f1188/analysis-window-001/repeat-01/terminal.json
verbatim_quote,doi:10.1186/s12967-026-07766-2,doi_b9624237438f1188,analysis-window-001,2,ok,1,True,True,True,True,5,15,15,234de8435e698e92a75e6d2d22c38bdc6427eb2ec87168b28c7aff6975014397,778d77627d45d815786b740c9ac0d2a74275a0f41d4602fa51262196777f2d02,data/causal_extraction/e0_grounding/v0.1.0_run1/calls/verbatim_quote/doi_b9624237438f1188/analysis-window-001/repeat-02/terminal.json
verbatim_quote,doi:10.1186/s12967-026-07766-2,doi_b9624237438f1188,analysis-window-002,1,ok,1,True,True,True,True,4,11,11,38ff28b10b1c4dacb9192de3fff89836078130f6192584914a1d2981acb6db0a,b9e1c9374c48057c061dcd2d84479733e3913b05a4752342cbed1e8ca5c8beee,data/causal_extraction/e0_grounding/v0.1.0_run1/calls/verbatim_quote/doi_b9624237438f1188/analysis-window-002/repeat-01/terminal.json
verbatim_quote,doi:10.1186/s12967-026-07766-2,doi_b9624237438f1188,analysis-window-002,2,ok,2,True,False,True,True,4,12,12,e4184b74f31e785b434511404d0149ec2663340cefc5e8eb5db0428ef73e3255,35068109c578181642c076eb07fbfe17aaa419204fb09b314d0ab95218fdd136,data/causal_extraction/e0_grounding/v0.1.0_run1/calls/verbatim_quote/doi_b9624237438f1188/analysis-window-002/repeat-02/terminal.json
verbatim_quote,doi:10.1186/s12967-026-07766-2,doi_b9624237438f1188,analysis-window-003,1,ok,1,True,True,True,True,5,14,14,ec57e67f8d728f5acce1639b35aa740fd64c42d2409af4feab83153ec406da9f,0242ee32d55680a50b627d4bc52fc2fcf3ee03a6b7e071371135ad7a5c357c91,data/causal_extraction/e0_grounding/v0.1.0_run1/calls/verbatim_quote/doi_b9624237438f1188/analysis-window-003/repeat-01/terminal.json
verbatim_quote,doi:10.1186/s12967-026-07766-2,doi_b9624237438f1188,analysis-window-003,2,ok,1,True,True,True,True,6,20,20,d3d63ea85319e277150cabd4415b09087fbd16ff5a43a2e39d8a15f6e34124bd,cce13272f6805fd428c81a32ebe6aa59602ed97fd36f60ac0dc022dc54aefded,data/causal_extraction/e0_grounding/v0.1.0_run1/calls/verbatim_quote/doi_b9624237438f1188/analysis-window-003/repeat-02/terminal.json
verbatim_quote,doi:10.1186/s12967-026-07766-2,doi_b9624237438f1188,analysis-window-004,1,ok,1,True,True,True,True,0,0,0,4f53cda18c2baa0c0354bb5f9a3ecbe5ed12ab4d8e11ba873c2f11161202b945,4f53cda18c2baa0c0354bb5f9a3ecbe5ed12ab4d8e11ba873c2f11161202b945,data/causal_extraction/e0_grounding/v0.1.0_run1/calls/verbatim_quote/doi_b9624237438f1188/analysis-window-004/repeat-01/terminal.json
verbatim_quote,doi:10.1186/s12967-026-07766-2,doi_b9624237438f1188,analysis-window-004,2,ok,1,True,True,True,True,0,0,0,4f53cda18c2baa0c0354bb5f9a3ecbe5ed12ab4d8e11ba873c2f11161202b945,4f53cda18c2baa0c0354bb5f9a3ecbe5ed12ab4d8e11ba873c2f11161202b945,data/causal_extraction/e0_grounding/v0.1.0_run1/calls/verbatim_quote/doi_b9624237438f1188/analysis-window-004/repeat-02/terminal.json
verbatim_quote,doi:10.1016/j.ccell.2024.09.002,doi_d6b8a2976255b1df,analysis-window-001,1,ok,1,True,True,True,True,4,12,12,d44a3834d9b66ac209ccb57f5c27744d770d14e163576fcaf7ba5d32046603f7,8459b08c0c66eca3c43bd658b87f51aed6c5b754108a1cf61585217b1453e0de,data/causal_extraction/e0_grounding/v0.1.0_run1/calls/verbatim_quote/doi_d6b8a2976255b1df/analysis-window-001/repeat-01/terminal.json
verbatim_quote,doi:10.1016/j.ccell.2024.09.002,doi_d6b8a2976255b1df,analysis-window-001,2,ok,1,True,True,True,True,5,10,10,430547dd4dea8f2460f3433e27d0fcaad8f8dfb63c6e69b918dec1cc81c026fc,379ecd93c9708be500e89b7a36780986543e2e515828cd001c70d62fdcb5f86d,data/causal_extraction/e0_grounding/v0.1.0_run1/calls/verbatim_quote/doi_d6b8a2976255b1df/analysis-window-001/repeat-02/terminal.json
verbatim_quote,doi:10.1016/j.ccell.2024.09.002,doi_d6b8a2976255b1df,analysis-window-002,1,ok,1,True,True,True,True,5,13,13,3b799ac59b01c40765644cb7050f2a06b3f25bc0c7f9933bd546e5a299a498f8,830e49fca35847b16b5d8868596430e828d564cbf9efd390cefe966f08515302,data/causal_extraction/e0_grounding/v0.1.0_run1/calls/verbatim_quote/doi_d6b8a2976255b1df/analysis-window-002/repeat-01/terminal.json
verbatim_quote,doi:10.1016/j.ccell.2024.09.002,doi_d6b8a2976255b1df,analysis-window-002,2,ok,1,True,True,True,True,6,13,13,77cf9dd815d72a8b0a88833be4131a4e979b8a2258f919b536712388e311f855,0e3837f584f1734251a482576f42418047e2a42c9df285c1fa49e221d0e69b67,data/causal_extraction/e0_grounding/v0.1.0_run1/calls/verbatim_quote/doi_d6b8a2976255b1df/analysis-window-002/repeat-02/terminal.json
verbatim_quote,doi:10.1016/j.ccell.2024.09.002,doi_d6b8a2976255b1df,analysis-window-003,1,ok,1,True,True,True,True,2,6,6,6fc3e904972e09a47614772af96cd7479b7a46c62e2cd31f3e11c45bae29ebae,f8855ec06cd674d27a7b05f0a51da900f9e57fb166ae68449aedfcab2d5c1c69,data/causal_extraction/e0_grounding/v0.1.0_run1/calls/verbatim_quote/doi_d6b8a2976255b1df/analysis-window-003/repeat-01/terminal.json
verbatim_quote,doi:10.1016/j.ccell.2024.09.002,doi_d6b8a2976255b1df,analysis-window-003,2,ok,1,True,True,True,True,2,6,6,2bf661f347e4284cc81d5baf829048e0fde6db8a3fdd498cacdd2584f4c17577,f8855ec06cd674d27a7b05f0a51da900f9e57fb166ae68449aedfcab2d5c1c69,data/causal_extraction/e0_grounding/v0.1.0_run1/calls/verbatim_quote/doi_d6b8a2976255b1df/analysis-window-003/repeat-02/terminal.json
verbatim_quote,doi:10.1016/j.ccell.2024.09.002,doi_d6b8a2976255b1df,analysis-window-004,1,ok,1,True,True,True,True,0,0,0,4f53cda18c2baa0c0354bb5f9a3ecbe5ed12ab4d8e11ba873c2f11161202b945,4f53cda18c2baa0c0354bb5f9a3ecbe5ed12ab4d8e11ba873c2f11161202b945,data/causal_extraction/e0_grounding/v0.1.0_run1/calls/verbatim_quote/doi_d6b8a2976255b1df/analysis-window-004/repeat-01/terminal.json
verbatim_quote,doi:10.1016/j.ccell.2024.09.002,doi_d6b8a2976255b1df,analysis-window-004,2,ok,1,True,True,True,True,0,0,0,4f53cda18c2baa0c0354bb5f9a3ecbe5ed12ab4d8e11ba873c2f11161202b945,4f53cda18c2baa0c0354bb5f9a3ecbe5ed12ab4d8e11ba873c2f11161202b945,data/causal_extraction/e0_grounding/v0.1.0_run1/calls/verbatim_quote/doi_d6b8a2976255b1df/analysis-window-004/repeat-02/terminal.json
verbatim_quote,doi:10.1016/j.ccell.2024.09.002,doi_d6b8a2976255b1df,analysis-window-005,1,ok,1,True,True,True,True,0,0,0,4f53cda18c2baa0c0354bb5f9a3ecbe5ed12ab4d8e11ba873c2f11161202b945,4f53cda18c2baa0c0354bb5f9a3ecbe5ed12ab4d8e11ba873c2f11161202b945,data/causal_extraction/e0_grounding/v0.1.0_run1/calls/verbatim_quote/doi_d6b8a2976255b1df/analysis-window-005/repeat-01/terminal.json
verbatim_quote,doi:10.1016/j.ccell.2024.09.002,doi_d6b8a2976255b1df,analysis-window-005,2,ok,1,True,True,True,True,0,0,0,4f53cda18c2baa0c0354bb5f9a3ecbe5ed12ab4d8e11ba873c2f11161202b945,4f53cda18c2baa0c0354bb5f9a3ecbe5ed12ab4d8e11ba873c2f11161202b945,data/causal_extraction/e0_grounding/v0.1.0_run1/calls/verbatim_quote/doi_d6b8a2976255b1df/analysis-window-005/repeat-02/terminal.json
verbatim_quote,doi:10.1016/j.ccell.2024.09.002,doi_d6b8a2976255b1df,analysis-window-006,1,ok,1,True,True,True,True,2,8,8,ddca46e59dcb59d58889f2e8807ea6ad3e6cd69fb37add296af8851576efd8ec,cef26369bc4dc7016595749dfa8ae1b051caa1248e5394142677867e477e3f0d,data/causal_extraction/e0_grounding/v0.1.0_run1/calls/verbatim_quote/doi_d6b8a2976255b1df/analysis-window-006/repeat-01/terminal.json
verbatim_quote,doi:10.1016/j.ccell.2024.09.002,doi_d6b8a2976255b1df,analysis-window-006,2,ok,1,True,True,True,True,7,19,19,cc2126ad0052b4b8d8ec8e0782dec2b01672b8669507241ef3d1138c221dc283,aa2686fb33ba8eb703f5617ed92c6c8a6330bb21d267cff3d2481776a0d97420,data/causal_extraction/e0_grounding/v0.1.0_run1/calls/verbatim_quote/doi_d6b8a2976255b1df/analysis-window-006/repeat-02/terminal.json
verbatim_quote,doi:10.1016/j.ccell.2024.09.002,doi_d6b8a2976255b1df,analysis-window-007,1,ok,1,True,True,True,True,5,15,15,84d6e4f541c3d2a3805fbbdf720bedaeedd580a0e43d85b93fae96acbbde5623,0fec24d09f36c926ff5c3d25203c861fca809ba24d2fe57bf7771a8227996032,data/causal_extraction/e0_grounding/v0.1.0_run1/calls/verbatim_quote/doi_d6b8a2976255b1df/analysis-window-007/repeat-01/terminal.json
verbatim_quote,doi:10.1016/j.ccell.2024.09.002,doi_d6b8a2976255b1df,analysis-window-007,2,ok,1,True,True,True,True,6,13,13,79e51cb9211579ef8daccc38d5ec5bd32e5c165232bf8b3a0ac9be219e206f58,e6e773a4501851ba08226a6792dff1eae0537ecb88bfae83c8793cba09d80338,data/causal_extraction/e0_grounding/v0.1.0_run1/calls/verbatim_quote/doi_d6b8a2976255b1df/analysis-window-007/repeat-02/terminal.json
