source,source_record_id,title,abstract,year,publication_date,doi,pmid,pmcid,authors,venue,document_type,language,url,is_preprint,raw_page,local_multiomics_match,local_aging_match,local_causal_anchor_match,local_three_block_match
scopus,SCOPUS_ID:85164040686,Multi-omics profiling for health,,2023,2023-01-01,10.1016/j.mcpro.2023.100561,37119971,,Babu M.,Molecular and Cellular Proteomics,Article,,https://www.scopus.com/inward/record.uri?partnerID=HzOxMe3b&scp=85164040686&origin=inward,False,page_0001.json.gz,True,False,False,False
scopus,SCOPUS_ID:85099427252,Aging Atlas: A multi-omics database for aging biology,,2021,2021-01-08,10.1093/nar/gkaa894,33119753,,Liu G.H.,Nucleic Acids Research,Article,,https://www.scopus.com/inward/record.uri?partnerID=HzOxMe3b&scp=85099427252&origin=inward,False,page_0001.json.gz,True,True,False,False
scopus,SCOPUS_ID:85085328714,Untangling Determinants of Enhanced Health and Lifespan through a Multi-omics Approach in Mice,,2020,2020-07-07,10.1016/j.cmet.2020.04.018,32413334,,Aon M.A.,Cell Metabolism,Article,,https://www.scopus.com/inward/record.uri?partnerID=HzOxMe3b&scp=85085328714&origin=inward,False,page_0001.json.gz,True,True,False,False
scopus,SCOPUS_ID:85128799421,Multi-omic rejuvenation of human cells by maturation phase transient reprogramming,,2022,2022-04-01,10.7554/elife.71624,35390271,,Gill D.,Elife,Article,,https://www.scopus.com/inward/record.uri?partnerID=HzOxMe3b&scp=85128799421&origin=inward,False,page_0001.json.gz,True,True,False,False
scopus,SCOPUS_ID:85166395199,Subclinical atherosclerosis and accelerated epigenetic age mediated by inflammation: a multi-omics study,,2023,2023-08-01,10.1093/eurheartj/ehad361,37339167,,Sánchez-Cabo F.,European Heart Journal,Article,,https://www.scopus.com/inward/record.uri?partnerID=HzOxMe3b&scp=85166395199&origin=inward,False,page_0001.json.gz,True,True,True,True
scopus,SCOPUS_ID:85165921647,Multi-omic rejuvenation and life span extension on exposure to youthful circulation,,2023,2023-08-01,10.1038/s43587-023-00451-9,,,Zhang B.,Nature Aging,Article,,https://www.scopus.com/inward/record.uri?partnerID=HzOxMe3b&scp=85165921647&origin=inward,False,page_0001.json.gz,True,True,False,False
scopus,SCOPUS_ID:85091680314,Promising biomarkers of human aging: In search of a multi-omics panel to understand the aging process from a multidimensional perspective,,2020,2020-12-01,10.1016/j.arr.2020.101164,32977058,,Rivero-Segura N.A.,Ageing Research Reviews,Review,,https://www.scopus.com/inward/record.uri?partnerID=HzOxMe3b&scp=85091680314&origin=inward,False,page_0001.json.gz,True,True,False,False
scopus,SCOPUS_ID:85125548620,A multiomic study uncovers a bZIP23-PER1A–mediated detoxification pathway to enhance seed vigor in rice,,2022,2022-03-01,10.1073/pnas.2026355119,35217598,,Wang W.Q.,Proceedings of the National Academy of Sciences of the United States of America,Article,,https://www.scopus.com/inward/record.uri?partnerID=HzOxMe3b&scp=85125548620&origin=inward,False,page_0001.json.gz,True,False,True,False
scopus,SCOPUS_ID:85056207239,Sex-biased hippocampal pathology in the 5XFAD mouse model of Alzheimer's disease: A multi-omic analysis,,2019,2019-02-01,10.1002/cne.24551,30291623,,Bundy J.L.,Journal of Comparative Neurology,Article,,https://www.scopus.com/inward/record.uri?partnerID=HzOxMe3b&scp=85056207239&origin=inward,False,page_0001.json.gz,True,False,False,False
scopus,SCOPUS_ID:85121757753,Integrated multi-omics for novel aging biomarkers and antiaging targets,,2022,2022-01-01,10.3390/biom12010039,35053186,,Wu L.,Biomolecules,Review,,https://www.scopus.com/inward/record.uri?partnerID=HzOxMe3b&scp=85121757753&origin=inward,False,page_0001.json.gz,True,True,False,False
scopus,SCOPUS_ID:85149739793,Multiomics reveals glutathione metabolism as a driver of bimodality during stem cell aging,,2023,2023-03-07,10.1016/j.cmet.2023.02.001,36854304,,Benjamin D.I.,Cell Metabolism,Article,,https://www.scopus.com/inward/record.uri?partnerID=HzOxMe3b&scp=85149739793&origin=inward,False,page_0001.json.gz,True,True,False,False
scopus,SCOPUS_ID:85177235105,Multiomic analysis of cervical squamous cell carcinoma identifies cellular ecosystems with biological and clinical relevance,,2023,2023-12-01,10.1038/s41588-023-01570-0,37985817,,Fan J.,Nature Genetics,Article,,https://www.scopus.com/inward/record.uri?partnerID=HzOxMe3b&scp=85177235105&origin=inward,False,page_0001.json.gz,True,False,False,False
scopus,SCOPUS_ID:85186191354,"The paradigm change from reactive medical services to 3PM in ischemic stroke: a holistic approach utilising tear fluid multi-omics, mitochondria as a vital biosensor and AI-based multi-professional data interpretation",,2024,2024-03-01,10.1007/s13167-024-00356-6,,,Golubnitschaja O.,Epma Journal,Article,,https://www.scopus.com/inward/record.uri?partnerID=HzOxMe3b&scp=85186191354&origin=inward,False,page_0001.json.gz,True,False,False,False
scopus,SCOPUS_ID:85194878520,Integrative omics analysis elucidates the genetic basis underlying seed weight and oil content in soybean,,2024,2024-06-01,10.1093/plcell/koae062,38412459,,Yuan X.,Plant Cell,Article,,https://www.scopus.com/inward/record.uri?partnerID=HzOxMe3b&scp=85194878520&origin=inward,False,page_0001.json.gz,True,False,False,False
scopus,SCOPUS_ID:85152978749,Multi-omic underpinnings of epigenetic aging and human longevity,,2023,2023-12-01,10.1038/s41467-023-37729-w,37076473,,Mavromatis L.A.,Nature Communications,Article,,https://www.scopus.com/inward/record.uri?partnerID=HzOxMe3b&scp=85152978749&origin=inward,False,page_0001.json.gz,True,True,False,False
scopus,SCOPUS_ID:85163857753,Multi-Omics Analysis Reveals Translational Landscapes and Regulations in Mouse and Human Oocyte Aging,,2023,2023-09-15,10.1002/advs.202301538,37401155,,Huang J.,Advanced Science,Article,,https://www.scopus.com/inward/record.uri?partnerID=HzOxMe3b&scp=85163857753&origin=inward,False,page_0001.json.gz,True,True,False,False
scopus,SCOPUS_ID:85102912328,Multi-omics approach reveals the contribution of KLU to leaf longevity and drought tolerance,,2021,2021-01-01,10.1093/plphys/kiaa034,33721894,,Jiang L.,Plant Physiology,Article,,https://www.scopus.com/inward/record.uri?partnerID=HzOxMe3b&scp=85102912328&origin=inward,False,page_0001.json.gz,True,True,False,False
scopus,SCOPUS_ID:85122838484,"Unveiling E2F4, TEAD1 and AP-1 as regulatory transcription factors of the replicative senescence program by multi-omics analysis",,2022,2022-10-01,10.1007/s13238-021-00894-z,35023014,,Wang Y.,Protein and Cell,Article,,https://www.scopus.com/inward/record.uri?partnerID=HzOxMe3b&scp=85122838484&origin=inward,False,page_0001.json.gz,True,False,False,False
scopus,SCOPUS_ID:105014507716,"Systemic Neurodegeneration and Brain Aging: Multi-Omics Disintegration, Proteostatic Collapse, and Network Failure Across the CNS",,2025,2025-08-01,10.3390/biomedicines13082025,,,Voicu V.,Biomedicines,Review,,https://www.scopus.com/inward/record.uri?partnerID=HzOxMe3b&scp=105014507716&origin=inward,False,page_0001.json.gz,True,True,False,False
scopus,SCOPUS_ID:85205236704,Integrating Machine Learning with Multi-Omics Technologies in Geroscience: Towards Personalized Medicine,,2024,2024-09-01,10.3390/jpm14090931,,,Theodorakis N.,Journal of Personalized Medicine,Review,,https://www.scopus.com/inward/record.uri?partnerID=HzOxMe3b&scp=85205236704&origin=inward,False,page_0001.json.gz,True,True,False,False
scopus,SCOPUS_ID:85059803484,Growth Performance and Meat Quality Evaluations in Three-Way Cross Cattle Developed for the Tibetan Plateau and their Molecular Understanding by Integrative Omics Analysis,,2019,2019-01-09,10.1021/acs.jafc.8b05477,30596412,,Cao X.K.,Journal of Agricultural and Food Chemistry,Article,,https://www.scopus.com/inward/record.uri?partnerID=HzOxMe3b&scp=85059803484&origin=inward,False,page_0001.json.gz,True,False,False,False
scopus,SCOPUS_ID:85149818244,Multi-omics and machine learning for the prevention and management of female reproductive health,,2023,2023-01-01,10.3389/fendo.2023.1081667,,,Kharb S.,Frontiers in Endocrinology,Review,,https://www.scopus.com/inward/record.uri?partnerID=HzOxMe3b&scp=85149818244&origin=inward,False,page_0001.json.gz,True,False,False,False
scopus,SCOPUS_ID:85122747917,Multiomic profiling of the liver across diets and age in a diverse mouse population,,2022,2022-01-19,10.1016/j.cels.2021.09.005,34666007,,Williams E.G.,Cell Systems,Article,,https://www.scopus.com/inward/record.uri?partnerID=HzOxMe3b&scp=85122747917&origin=inward,False,page_0001.json.gz,True,False,False,False
scopus,SCOPUS_ID:85080994794,Multi-omics Analysis of the Intermittent Fasting Response in Mice Identifies an Unexpected Role for HNF4α,,2020,2020-03-10,10.1016/j.celrep.2020.02.051,32160557,,Hatchwell L.,Cell Reports,Article,,https://www.scopus.com/inward/record.uri?partnerID=HzOxMe3b&scp=85080994794&origin=inward,False,page_0001.json.gz,True,False,False,False
scopus,SCOPUS_ID:85206245071,Temporally distinct 3D multi-omic dynamics in the developing human brain,,2024,2024-11-14,10.1038/s41586-024-08030-7,39385032,,Heffel M.G.,Nature,Article,,https://www.scopus.com/inward/record.uri?partnerID=HzOxMe3b&scp=85206245071&origin=inward,False,page_0001.json.gz,True,False,False,False
scopus,SCOPUS_ID:85196010117,Multiomics Analyses Reveal MsC3H29 Positively Regulates Flavonoid Biosynthesis to Improve Drought Resistance of Autotetraploid Cultivated Alfalfa (Medicago sativa L.),,2024,2024-06-26,10.1021/acs.jafc.4c02472,38864675,,Dong X.,Journal of Agricultural and Food Chemistry,Article,,https://www.scopus.com/inward/record.uri?partnerID=HzOxMe3b&scp=85196010117&origin=inward,False,page_0002.json.gz,True,False,False,False
scopus,SCOPUS_ID:85197443476,Multi-omics analysis and experimental validation of the value of monocyte-associated features in prostate cancer prognosis and immunotherapy,,2024,2024-01-01,10.3389/fimmu.2024.1426474,38947325,,Wang Y.X.,Frontiers in Immunology,Article,,https://www.scopus.com/inward/record.uri?partnerID=HzOxMe3b&scp=85197443476&origin=inward,False,page_0002.json.gz,True,False,False,False
scopus,SCOPUS_ID:85143152894,A multi-omics longitudinal aging dataset in primary human fibroblasts with mitochondrial perturbations,,2022,2022-12-01,10.1038/s41597-022-01852-y,36463290,,Sturm G.,Scientific Data,Data Paper,,https://www.scopus.com/inward/record.uri?partnerID=HzOxMe3b&scp=85143152894&origin=inward,False,page_0002.json.gz,True,True,True,True
scopus,SCOPUS_ID:85078833145,Elucidating the molecular and developmental biology of parasitic nematodes: Moving to a multiomics paradigm,,2020,2020-01-01,10.1016/bs.apar.2019.12.005,32291085,,Ma G.,Advances in Parasitology,Book Chapter,,https://www.scopus.com/inward/record.uri?partnerID=HzOxMe3b&scp=85078833145&origin=inward,False,page_0002.json.gz,True,False,False,False
scopus,SCOPUS_ID:105010166337,Multiomics and cellular senescence profiling of aging human skeletal muscle uncovers Maraviroc as a senotherapeutic approach for sarcopenia,,2025,2025-12-01,10.1038/s41467-025-61403-y,40617829,,Li Y.,Nature Communications,Article,,https://www.scopus.com/inward/record.uri?partnerID=HzOxMe3b&scp=105010166337&origin=inward,False,page_0002.json.gz,True,True,False,False
scopus,SCOPUS_ID:85149294843,Network-based multi-omics integration reveals metabolic at-risk profile within treated HIV-infection,,2023,2023-02-16,10.7554/elife.82785,36794912,,Mikaeloff F.,Elife,Article,,https://www.scopus.com/inward/record.uri?partnerID=HzOxMe3b&scp=85149294843&origin=inward,False,page_0002.json.gz,True,False,False,False
scopus,SCOPUS_ID:85140988517,Integrated multi-omics analysis of Huntington disease identifies pathways that modulate protein aggregation,,2022,2022-10-01,10.1242/dmm.049492,36052548,,Pradhan S.S.,Dmm Disease Models and Mechanisms,Article,,https://www.scopus.com/inward/record.uri?partnerID=HzOxMe3b&scp=85140988517&origin=inward,False,page_0002.json.gz,True,False,False,False
scopus,SCOPUS_ID:85198626269,Genetic and multi-omic resources for Alzheimer disease and related dementia from the Knight Alzheimer Disease Research Center,,2024,2024-12-01,10.1038/s41597-024-03485-9,,,Fernandez M.V.,Scientific Data,Data Paper,,https://www.scopus.com/inward/record.uri?partnerID=HzOxMe3b&scp=85198626269&origin=inward,False,page_0002.json.gz,True,False,False,False
scopus,SCOPUS_ID:85187303074,Revitalizing Photoaging Skin through Eugenol in UVB-Exposed Hairless Mice: Mechanistic Insights from Integrated Multi-Omics,,2024,2024-02-01,10.3390/antiox13020168,,,Tong T.,Antioxidants,Article,,https://www.scopus.com/inward/record.uri?partnerID=HzOxMe3b&scp=85187303074&origin=inward,False,page_0002.json.gz,True,False,False,False
scopus,SCOPUS_ID:85215757563,Multi-omics architecture of childhood obesity and metabolic dysfunction uncovers biological pathways and prenatal determinants,,2025,2025-12-01,10.1038/s41467-025-56013-7,39809770,,Stratakis N.,Nature Communications,Article,,https://www.scopus.com/inward/record.uri?partnerID=HzOxMe3b&scp=85215757563&origin=inward,False,page_0002.json.gz,True,False,False,False
scopus,SCOPUS_ID:85105768766,A multi-omics approach for understanding the effects of moderate wine consumption on human intestinal health,,2021,2021-05-07,10.1039/d0fo02938f,33977942,,Belda I.,Food and Function,Article,,https://www.scopus.com/inward/record.uri?partnerID=HzOxMe3b&scp=85105768766&origin=inward,False,page_0002.json.gz,True,False,False,False
scopus,SCOPUS_ID:85182665961,The fusion of multi-omics profile and multimodal EEG data contributes to the personalized diagnostic strategy for neurocognitive disorders,,2024,2024-12-01,10.1186/s40168-023-01717-5,,,Han Y.,Microbiome,Article,,https://www.scopus.com/inward/record.uri?partnerID=HzOxMe3b&scp=85182665961&origin=inward,False,page_0002.json.gz,True,False,False,False
scopus,SCOPUS_ID:85148353757,The essential roles of FXR in diet and age influenced metabolic changes and liver disease development: a multi-omics study,,2023,2023-12-01,10.1186/s40364-023-00458-9,,,Yang G.,Biomarker Research,Article,,https://www.scopus.com/inward/record.uri?partnerID=HzOxMe3b&scp=85148353757&origin=inward,False,page_0002.json.gz,True,False,False,False
scopus,SCOPUS_ID:85158825376,Discovery of potential biomarkers for osteoporosis diagnosis by individual omics and multi-omics technologies,,2023,2023-01-01,10.1080/14737159.2023.2208750,37140363,,Yang J.,Expert Review of Molecular Diagnostics,Review,,https://www.scopus.com/inward/record.uri?partnerID=HzOxMe3b&scp=85158825376&origin=inward,False,page_0002.json.gz,True,False,False,False
scopus,SCOPUS_ID:105012615495,"Refining the generation, interpretation and application of multi-organ, multi-omics biological aging clocks",,2025,2025-09-01,10.1038/s43587-025-00928-9,,,Wen J.,Nature Aging,Article,,https://www.scopus.com/inward/record.uri?partnerID=HzOxMe3b&scp=105012615495&origin=inward,False,page_0002.json.gz,True,True,False,False
scopus,SCOPUS_ID:105019821039,The multiomics blueprint of the individual with the most extreme lifespan,,2025,2025-10-21,10.1016/j.xcrm.2025.102368,40997805,,Santos-Pujol E.,Cell Reports Medicine,Article,,https://www.scopus.com/inward/record.uri?partnerID=HzOxMe3b&scp=105019821039&origin=inward,False,page_0002.json.gz,True,True,False,False
scopus,SCOPUS_ID:85109440578,Combining multiomics and drug perturbation profiles to identify muscle-specific treatments for spinal muscular atrophy,,2021,2021-07-08,10.1172/jci.insight.149446,34236053,,Meijboom K.E.,Jci Insight,Article,,https://www.scopus.com/inward/record.uri?partnerID=HzOxMe3b&scp=85109440578&origin=inward,False,page_0002.json.gz,True,False,True,False
scopus,SCOPUS_ID:85198654904,A multiomic atlas of the aging hippocampus reveals molecular changes in response to environmental enrichment,,2024,2024-12-01,10.1038/s41467-024-49608-z,39013876,,Pérez R.F.,Nature Communications,Article,,https://www.scopus.com/inward/record.uri?partnerID=HzOxMe3b&scp=85198654904&origin=inward,False,page_0002.json.gz,True,True,False,False
scopus,SCOPUS_ID:85197278985,Association between biological ageing and periodontitis: Evidence from a cross-sectional survey and multi-omics Mendelian randomization analysis,,2024,2024-10-01,10.1111/jcpe.14040,38956929,,Huang Z.,Journal of Clinical Periodontology,Article,,https://www.scopus.com/inward/record.uri?partnerID=HzOxMe3b&scp=85197278985&origin=inward,False,page_0002.json.gz,True,True,True,True
scopus,SCOPUS_ID:85209480951,Exploring multi-omics and clinical characteristics linked to accelerated biological aging in Asian women of reproductive age: insights from the S-PRESTO study,,2024,2024-12-01,10.1186/s13073-024-01403-7,39516835,,Chen L.,Genome Medicine,Article,,https://www.scopus.com/inward/record.uri?partnerID=HzOxMe3b&scp=85209480951&origin=inward,False,page_0002.json.gz,True,True,False,False
scopus,SCOPUS_ID:105006725750,Multi-Omics Analysis Reveals Biomarkers That Contribute to Biological Age Rejuvenation in Response to Single-Blinded Randomized Placebo-Controlled Therapeutic Plasma Exchange,,2025,2025-08-01,10.1111/acel.70103,40424097,,Fuentealba M.,Aging Cell,Article,,https://www.scopus.com/inward/record.uri?partnerID=HzOxMe3b&scp=105006725750&origin=inward,False,page_0002.json.gz,True,True,False,False
scopus,SCOPUS_ID:85207158961,Integrative multiomics analysis identifies key genes regulating intramuscular fat deposition during development,,2024,2024-12-01,10.1016/j.psj.2024.104404,39447331,,Zhu J.,Poultry Science,Article,,https://www.scopus.com/inward/record.uri?partnerID=HzOxMe3b&scp=85207158961&origin=inward,False,page_0002.json.gz,True,False,False,False
scopus,SCOPUS_ID:85142403196,AgingBank: a manually curated knowledgebase and high-throughput analysis platform that provides experimentally supported multi-omics data relevant to aging in multiple species,,2022,2022-11-01,10.1093/bib/bbac438,36239391,,Gao Y.,Briefings in Bioinformatics,Article,,https://www.scopus.com/inward/record.uri?partnerID=HzOxMe3b&scp=85142403196&origin=inward,False,page_0002.json.gz,True,True,False,False
scopus,SCOPUS_ID:105009881197,Multi-omics strategies to decode the molecular landscape of cellular senescence,,2025,2025-09-01,10.1016/j.arr.2025.102824,40618933,,Basilicata M.G.,Ageing Research Reviews,Review,,https://www.scopus.com/inward/record.uri?partnerID=HzOxMe3b&scp=105009881197&origin=inward,False,page_0002.json.gz,True,True,False,False
scopus,SCOPUS_ID:85142132301,"Multi-omics analysis reveals neuroinflammation, activated glial signaling, and dysregulated synaptic signaling and metabolism in the hippocampus of aged mice",,2022,2022-11-03,10.3389/fnagi.2022.964429,,,Lu Y.,Frontiers in Aging Neuroscience,Article,,https://www.scopus.com/inward/record.uri?partnerID=HzOxMe3b&scp=85142132301&origin=inward,False,page_0002.json.gz,True,False,False,False
scopus,SCOPUS_ID:85198024322,Multiomics analysis reveals the potential of LPCAT1-PC axis as a therapeutic target for human intervertebral disc degeneration,,2024,2024-09-01,10.1016/j.ijbiomac.2024.133779,38992527,,Chen X.,International Journal of Biological Macromolecules,Article,,https://www.scopus.com/inward/record.uri?partnerID=HzOxMe3b&scp=85198024322&origin=inward,False,page_0003.json.gz,True,False,False,False
scopus,SCOPUS_ID:85164201373,A multi-omics integrative approach unravels novel genes and pathways associated with senescence escape after targeted therapy in NRAS mutant melanoma,,2023,2023-10-01,10.1038/s41417-023-00640-z,37420093,,Gureghian V.,Cancer Gene Therapy,Article,,https://www.scopus.com/inward/record.uri?partnerID=HzOxMe3b&scp=85164201373&origin=inward,False,page_0003.json.gz,True,False,False,False
scopus,SCOPUS_ID:105009117252,"Multi-Omics Perspectives on Testicular Aging: Unraveling Germline Dysregulation, Niche Dysfunction, and Epigenetic Remodeling",,2025,2025-06-01,10.3390/cells14120899,40558525,,Kaltsas A.,Cells,Review,,https://www.scopus.com/inward/record.uri?partnerID=HzOxMe3b&scp=105009117252&origin=inward,False,page_0003.json.gz,True,True,False,False
scopus,SCOPUS_ID:85198668459,Elucidating the causal nexus and immune mediation between frailty and chronic kidney disease: integrative multi-omics analysis,,2024,2024-01-01,10.1080/0886022x.2024.2367028,39010723,,Zheng G.,Renal Failure,Article,,https://www.scopus.com/inward/record.uri?partnerID=HzOxMe3b&scp=85198668459&origin=inward,False,page_0003.json.gz,True,False,True,False
scopus,SCOPUS_ID:85203375954,Multi-omics analysis revealed the mechanism underlying flavonol biosynthesis during petal color formation in Camellia Nitidissima,,2024,2024-12-01,10.1186/s12870-024-05332-w,39251901,,Feng Y.,BMC Plant Biology,Article,,https://www.scopus.com/inward/record.uri?partnerID=HzOxMe3b&scp=85203375954&origin=inward,False,page_0003.json.gz,True,False,False,False
scopus,SCOPUS_ID:85181150312,omicSynth: An open multi-omic community resource for identifying druggable targets across neurodegenerative diseases,,2024,2024-01-04,10.1016/j.ajhg.2023.12.006,38181731,,Alvarado C.X.,American Journal of Human Genetics,Article,,https://www.scopus.com/inward/record.uri?partnerID=HzOxMe3b&scp=85181150312&origin=inward,False,page_0003.json.gz,True,False,False,False
scopus,SCOPUS_ID:85121400970,Exploring the Mechanism of Action of Canmei Formula Against Colorectal Adenoma Through Multi-Omics Technique,,2021,2021-11-29,10.3389/fcell.2021.778826,,,Guo C.,Frontiers in Cell and Developmental Biology,Article,,https://www.scopus.com/inward/record.uri?partnerID=HzOxMe3b&scp=85121400970&origin=inward,False,page_0003.json.gz,True,False,False,False
scopus,SCOPUS_ID:85104153545,Multi-omics analysis identifies CpGs near G6PC2 mediating the effects of genetic variants on fasting glucose,,2021,2021-07-01,10.1007/s00125-021-05449-9,33842983,,Chung R.H.,Diabetologia,Article,,https://www.scopus.com/inward/record.uri?partnerID=HzOxMe3b&scp=85104153545&origin=inward,False,page_0003.json.gz,True,False,True,False
scopus,SCOPUS_ID:85214657277,Global trends and risk factors in gastric cancer: a comprehensive analysis of the Global Burden of Disease Study 2021 and multi-omics data,,2025,2025-01-01,10.7150/ijms.104437,39781526,,Zhang L.,International Journal of Medical Sciences,Article,,https://www.scopus.com/inward/record.uri?partnerID=HzOxMe3b&scp=85214657277&origin=inward,False,page_0003.json.gz,True,False,False,False
scopus,SCOPUS_ID:85118498244,Multi-omics interpretation of anti-aging mechanisms for ω-3 fatty acids,,2021,2021-11-01,10.3390/genes12111691,34828297,,Xie S.H.,Genes,Article,,https://www.scopus.com/inward/record.uri?partnerID=HzOxMe3b&scp=85118498244&origin=inward,False,page_0003.json.gz,True,True,False,False
scopus,SCOPUS_ID:85216512389,A practical guide to FAIR data management in the age of multi-OMICS and AI,,2024,2024-01-01,10.3389/fimmu.2024.1439434,39902035,,Mugahid D.,Frontiers in Immunology,Review,,https://www.scopus.com/inward/record.uri?partnerID=HzOxMe3b&scp=85216512389&origin=inward,False,page_0003.json.gz,True,False,False,False
scopus,SCOPUS_ID:85212481388,Multi-omic analysis of biological aging biomarkers in long-term calorie restriction and endurance exercise practitioners: A cross-sectional study,,2025,2025-04-01,10.1111/acel.14442,39692728,,Fiorito G.,Aging Cell,Article,,https://www.scopus.com/inward/record.uri?partnerID=HzOxMe3b&scp=85212481388&origin=inward,False,page_0003.json.gz,True,True,False,False
scopus,SCOPUS_ID:105002004528,Integrated multi-omics analyses provide new insights into genomic variation landscape and regulatory network candidate genes associated with walnut endocarp,,2025,2025-04-01,10.1111/tpj.70113,40162720,,Liu H.,Plant Journal,Article,,https://www.scopus.com/inward/record.uri?partnerID=HzOxMe3b&scp=105002004528&origin=inward,False,page_0003.json.gz,True,False,False,False
scopus,SCOPUS_ID:105029050712,Towards Precision Aging Biology: Single-Cell Multi-Omics and Advanced AI-Driven Strategies,,2026,2026-01-26,10.14336/ad.2025.0218,,,Xie S.,Aging and Disease,Review,,https://www.scopus.com/inward/record.uri?partnerID=HzOxMe3b&scp=105029050712&origin=inward,False,page_0003.json.gz,True,True,False,False
scopus,SCOPUS_ID:85181760649,AgeAnnoMO: a knowledgebase of multi-omics annotation for animal aging,,2024,2024-01-05,10.1093/nar/gkad884,37850649,,Huang K.,Nucleic Acids Research,Article,,https://www.scopus.com/inward/record.uri?partnerID=HzOxMe3b&scp=85181760649&origin=inward,False,page_0003.json.gz,True,True,False,False
scopus,SCOPUS_ID:105003176008,Multiomic insight into the involvement of cell aging related genes in the pathogenesis of endometriosis,,2025,2025-12-01,10.1038/s41598-025-96711-2,40269081,,Chen L.,Scientific Reports,Article,,https://www.scopus.com/inward/record.uri?partnerID=HzOxMe3b&scp=105003176008&origin=inward,False,page_0003.json.gz,True,True,False,False
scopus,SCOPUS_ID:85031688318,Multiomics Approach to Novel Therapeutic Targets for Cancer and Aging-Related Diseases: Role of Sld7 in Yeast Aging Network,,2017,2017-02-01,10.1089/omi.2016.0157,28118095,,Dayan I.,OMICS A Journal of Integrative Biology,Article,,https://www.scopus.com/inward/record.uri?partnerID=HzOxMe3b&scp=85031688318&origin=inward,False,page_0003.json.gz,True,True,False,False
scopus,SCOPUS_ID:85215080827,Divergent roles of functional foods on anthropometric indices and gut microbiota in overweight and obese individuals: In silico approaches and multi-omics insights,,2025,2025-02-01,10.1016/j.tifs.2025.104876,,,Apalowo O.E.,Trends in Food Science and Technology,Review,,https://www.scopus.com/inward/record.uri?partnerID=HzOxMe3b&scp=85215080827&origin=inward,False,page_0003.json.gz,True,False,False,False
scopus,SCOPUS_ID:85213332466,Multi-omics analysis reveals the genetic aging landscape of Parkinson’s disease,,2024,2024-12-01,10.1038/s41598-024-82470-z,39730760,,Wang Z.,Scientific Reports,Article,,https://www.scopus.com/inward/record.uri?partnerID=HzOxMe3b&scp=85213332466&origin=inward,False,page_0003.json.gz,True,True,False,False
scopus,SCOPUS_ID:105009339802,Comparative impacts of fragmented versus spherical microplastics on the marine rotifer Brachionus koreanus: Multigenerational chronic toxicity and multi-omics perspective,,2025,2025-09-05,10.1016/j.jhazmat.2025.139094,40602115,,Yoo J.W.,Journal of Hazardous Materials,Article,,https://www.scopus.com/inward/record.uri?partnerID=HzOxMe3b&scp=105009339802&origin=inward,False,page_0003.json.gz,True,False,False,False
scopus,SCOPUS_ID:85205824105,A genetic study to identify pathogenic mechanisms and drug targets for benign prostatic hyperplasia: a multi-omics Mendelian randomization study,,2024,2024-12-01,10.1038/s41598-024-73466-w,39367121,,Liu B.,Scientific Reports,Article,,https://www.scopus.com/inward/record.uri?partnerID=HzOxMe3b&scp=85205824105&origin=inward,False,page_0003.json.gz,True,False,True,False
scopus,SCOPUS_ID:105010933878,Multi-omics analysis reveals glutathione metabolism-related immune suppression and constructs a prognostic model in lung adenocarcinoma,,2025,2025-01-01,10.3389/fimmu.2025.1608407,40672941,,Chi Y.,Frontiers in Immunology,Article,,https://www.scopus.com/inward/record.uri?partnerID=HzOxMe3b&scp=105010933878&origin=inward,False,page_0003.json.gz,True,False,False,False
scopus,SCOPUS_ID:105003212750,Construction of a prognostic model and identification of key genes in liver hepatocellular carcinoma based on multi-omics data,,2025,2025-12-01,10.1038/s41598-025-98038-4,40251374,,Tang K.,Scientific Reports,Article,,https://www.scopus.com/inward/record.uri?partnerID=HzOxMe3b&scp=105003212750&origin=inward,False,page_0003.json.gz,True,False,False,False
scopus,SCOPUS_ID:105011851162,Multiomic identification of senescent stem cell populations critical for osteoarthritis progression and therapy in subchondral bones,,2025,2025-07-18,10.1126/sciadv.adu2294,40680126,,Li P.L.,Science Advances,Article,,https://www.scopus.com/inward/record.uri?partnerID=HzOxMe3b&scp=105011851162&origin=inward,False,page_0003.json.gz,True,False,False,False
scopus,SCOPUS_ID:85206292730,Multi-omics analysis reveal the fall armyworm Spodoptera frugiperda tolerate high temperature by mediating chitin-related genes,,2024,2024-11-01,10.1016/j.ibmb.2024.104192,39401552,,Yan X.,Insect Biochemistry and Molecular Biology,Article,,https://www.scopus.com/inward/record.uri?partnerID=HzOxMe3b&scp=85206292730&origin=inward,False,page_0003.json.gz,True,False,True,False
scopus,SCOPUS_ID:105011354414,The emerging role of multiomics in aging research,,2025,2025-01-01,10.1080/17501911.2025.2533111,40684321,,Ruden D.M.,Epigenomics,Article,,https://www.scopus.com/inward/record.uri?partnerID=HzOxMe3b&scp=105011354414&origin=inward,False,page_0004.json.gz,True,True,False,False
scopus,SCOPUS_ID:85218496896,Propelling sustainable energy: Multi-omics analysis of pennycress FATTY ACID ELONGATION1 knockout for biofuel production,,2025,2025-02-01,10.1093/plphys/kiae650,39657724,,Rasoul A.,Plant Physiology,Article,,https://www.scopus.com/inward/record.uri?partnerID=HzOxMe3b&scp=85218496896&origin=inward,False,page_0004.json.gz,True,False,True,False
scopus,SCOPUS_ID:105023548667,Identification of novel biomarkers and drug targets for frailty-related skeletal muscle aging: a multi-omics study,,2025,2025-09-01,10.1093/qjmed/hcaf108,40343466,,Wang Q.,QJM an International Journal of Medicine,Article,,https://www.scopus.com/inward/record.uri?partnerID=HzOxMe3b&scp=105023548667&origin=inward,False,page_0004.json.gz,True,True,False,False
scopus,SCOPUS_ID:105002168738,Comparative Analysis of Primary Sarcopenia and End-Stage Renal Disease–Related Muscle Wasting Using Multi-Omics Approaches,,2025,2025-04-01,10.1002/jcsm.13749,40207397,,Setoyama D.,Journal of Cachexia Sarcopenia and Muscle,Article,,https://www.scopus.com/inward/record.uri?partnerID=HzOxMe3b&scp=105002168738&origin=inward,False,page_0004.json.gz,True,False,False,False
scopus,SCOPUS_ID:85218780600,Integrated multi-omics analysis revealed the molecular networks and potential targets of cellular senescence in Alzheimer’s disease,,2025,2025-03-01,10.1093/hmg/ddae189,39690817,,Xu Y.,Human Molecular Genetics,Article,,https://www.scopus.com/inward/record.uri?partnerID=HzOxMe3b&scp=85218780600&origin=inward,False,page_0004.json.gz,True,True,False,False
scopus,SCOPUS_ID:85207594795,Association between indoor PM2.5 components and accelerated biological aging in schizophrenia patients: Evidence from multi-omics mechanisms,,2024,2024-12-05,10.1016/j.jhazmat.2024.136162,39490163,,Pan R.,Journal of Hazardous Materials,Article,,https://www.scopus.com/inward/record.uri?partnerID=HzOxMe3b&scp=85207594795&origin=inward,False,page_0004.json.gz,True,True,False,False
scopus,SCOPUS_ID:105007630231,Multi-omics analysis of canine aging markers and evaluation of stem cell intervention,,2025,2025-12-01,10.1038/s42003-025-08333-z,40494876,,Li B.,Communications Biology,Article,,https://www.scopus.com/inward/record.uri?partnerID=HzOxMe3b&scp=105007630231&origin=inward,False,page_0004.json.gz,True,True,True,True
scopus,SCOPUS_ID:85215842923,Causal relationship between gut microbiota and ageing: A multi-omics Mendelian randomization study,,2025,2025-04-01,10.1016/j.archger.2025.105765,39988416,,Zhang G.,Archives of Gerontology and Geriatrics,Article,,https://www.scopus.com/inward/record.uri?partnerID=HzOxMe3b&scp=85215842923&origin=inward,False,page_0004.json.gz,True,True,True,True
scopus,SCOPUS_ID:85211573706,Multi-omics reveals the effectsof dietary supplementation with Bupleuri radix branch powder on gut microbiota and lipid metabolism: insights into gut microbial-muscle interactions,,2024,2024-12-01,10.1128/spectrum.01457-24,39436132,,Li H.,Microbiology Spectrum,Article,,https://www.scopus.com/inward/record.uri?partnerID=HzOxMe3b&scp=85211573706&origin=inward,False,page_0004.json.gz,True,False,False,False
scopus,SCOPUS_ID:85201019940,Multi-omics Data Integration Analysis Identified Therapeutic Targets and Potential Reuse Drugs for Osteoporosis,,2024,2024-01-01,10.2174/0109298673291526240322081017,38551048,,Li M.,Current Medicinal Chemistry,Article,,https://www.scopus.com/inward/record.uri?partnerID=HzOxMe3b&scp=85201019940&origin=inward,False,page_0004.json.gz,True,False,False,False
scopus,SCOPUS_ID:105014394315,Multi-Omics Reveals Molecular and Genetic Mechanisms Underlying Egg Albumen Quality Decline in Aging Laying Hens,,2025,2025-08-01,10.3390/ijms26167876,40869199,,Gao M.,International Journal of Molecular Sciences,Article,,https://www.scopus.com/inward/record.uri?partnerID=HzOxMe3b&scp=105014394315&origin=inward,False,page_0004.json.gz,True,True,False,False
scopus,SCOPUS_ID:105008208200,Integrated multi-omics analyses reveal the roles of apricot miR166a and miR396c in the growth and development of apricot-peach grafted chimera,,2025,2025-07-01,10.1016/j.ijbiomac.2025.145121,40499877,,Zhang S.,International Journal of Biological Macromolecules,Article,,https://www.scopus.com/inward/record.uri?partnerID=HzOxMe3b&scp=105008208200&origin=inward,False,page_0004.json.gz,True,False,False,False
scopus,SCOPUS_ID:85153123503,Multiomics profiling of the impact of an angiotensin (1–7)-expressing probiotic combined with exercise training in aged male rats,,2023,2023-05-01,10.1152/japplphysiol.00508.2022,36892893,,Baptista L.C.,Journal of Applied Physiology,Article,,https://www.scopus.com/inward/record.uri?partnerID=HzOxMe3b&scp=85153123503&origin=inward,False,page_0004.json.gz,True,False,False,False
scopus,SCOPUS_ID:105011030026,Acupuncture modulates ovarian senescence through metabolic reprogramming: A multi-omics investigation in chemotherapy - induced POF model,,2025,2025-10-01,10.1016/j.exger.2025.112815,40623466,,Dandan W.,Experimental Gerontology,Article,,https://www.scopus.com/inward/record.uri?partnerID=HzOxMe3b&scp=105011030026&origin=inward,False,page_0004.json.gz,True,False,False,False
scopus,SCOPUS_ID:105026993743,Accelerated biological aging underlies the link between heavy metal mixture exposure and depression: A multi-omics study,,2026,2026-02-15,10.1016/j.envpol.2025.127611,41461282,,Kan H.,Environmental Pollution,Article,,https://www.scopus.com/inward/record.uri?partnerID=HzOxMe3b&scp=105026993743&origin=inward,False,page_0004.json.gz,True,True,False,False
scopus,SCOPUS_ID:105023971153,Biological Aging Acceleration in Major Depressive Disorder: A Multi-Omics Analysis,,2026,2026-01-01,10.1111/acel.70310,41342072,,Diniz B.S.,Aging Cell,Article,,https://www.scopus.com/inward/record.uri?partnerID=HzOxMe3b&scp=105023971153&origin=inward,False,page_0004.json.gz,True,True,False,False
scopus,SCOPUS_ID:105009160613,Exercise Remodels Akkermansia-Associated Eicosanoid Metabolism to Alleviate Intestinal Senescence: Multi-Omics Insights,,2025,2025-06-01,10.3390/microorganisms13061379,,,Yu C.,Microorganisms,Article,,https://www.scopus.com/inward/record.uri?partnerID=HzOxMe3b&scp=105009160613&origin=inward,False,page_0004.json.gz,True,False,False,False
scopus,SCOPUS_ID:105036079120,"A generative AI framework unifies human multi-omics to model aging, metabolic health, and intervention response",,2026,2026-06-02,10.1016/j.cmet.2026.03.014,42019500,,Chen J.,Cell Metabolism,Article,,https://www.scopus.com/inward/record.uri?partnerID=HzOxMe3b&scp=105036079120&origin=inward,False,page_0004.json.gz,True,True,True,True
scopus,SCOPUS_ID:85218215857,Multiomics identify the gene expression signature of the spinal cord during aging process,,2025,2025-12-01,10.1038/s42003-025-07475-4,39920442,,Xu L.,Communications Biology,Article,,https://www.scopus.com/inward/record.uri?partnerID=HzOxMe3b&scp=85218215857&origin=inward,False,page_0004.json.gz,True,True,False,False
scopus,SCOPUS_ID:85211120366,Multi-omics revealed that DCP1A and SPDL1 determine embryogenesis defects in postovulatory ageing oocytes,,2025,2025-03-01,10.1111/cpr.13766,39629683,,Kong L.,Cell Proliferation,Article,,https://www.scopus.com/inward/record.uri?partnerID=HzOxMe3b&scp=85211120366&origin=inward,False,page_0004.json.gz,True,True,False,False
scopus,SCOPUS_ID:105009788557,Multi-Omics Analyses Reveal Relationships Between Gut Microbiota and Frailty,,2025,2025-07-01,10.1002/brb3.70657,40620024,,Hou X.,Brain and Behavior,Article,,https://www.scopus.com/inward/record.uri?partnerID=HzOxMe3b&scp=105009788557&origin=inward,False,page_0004.json.gz,True,False,False,False
scopus,SCOPUS_ID:85209937290,A multi-omics approach reveals a link between ribosomal protein alterations and proteome rebalancing in Arabidopsis thaliana seeds,,2024,2024-12-01,10.1111/tpj.17147,39570765,,Bagaza C.,Plant Journal,Article,,https://www.scopus.com/inward/record.uri?partnerID=HzOxMe3b&scp=85209937290&origin=inward,False,page_0004.json.gz,True,False,False,False
scopus,SCOPUS_ID:105026676039,"Integrative multi-omics profiling for early diagnosis, stratification and personalized management of chronic kidney disease: a new paradigm",,2026,2026-12-01,10.1007/s10238-025-01989-1,41351667,,Li Y.,Clinical and Experimental Medicine,Review,,https://www.scopus.com/inward/record.uri?partnerID=HzOxMe3b&scp=105026676039&origin=inward,False,page_0004.json.gz,True,False,False,False
scopus,SCOPUS_ID:85208437906,Multiomic profiling reveals timing of menopause predicts prefrontal cortex aging and cognitive function,,2025,2025-02-01,10.1111/acel.14395,39501567,,Gunter-Rahman F.,Aging Cell,Article,,https://www.scopus.com/inward/record.uri?partnerID=HzOxMe3b&scp=85208437906&origin=inward,False,page_0004.json.gz,True,True,False,False
scopus,SCOPUS_ID:105021278944,Multi-omics Mendelian randomization and single-cell analysis identify novel therapeutic targets for osteosarcopenia,,2025,2025-12-01,10.1093/gerona/glaf228,41071635,,Yang J.,Journals of Gerontology Series A Biological Sciences and Medical Sciences,Article,,https://www.scopus.com/inward/record.uri?partnerID=HzOxMe3b&scp=105021278944&origin=inward,False,page_0004.json.gz,True,False,True,False
scopus,SCOPUS_ID:105007817970,Repurposing Acebutolol for Osteoporosis Treatment: Insights From Multi-Omics and Multi-Modal Data Analysis,,2025,2025-12-01,10.1002/cpt.3738,40476595,,Liu D.Y.,Clinical Pharmacology and Therapeutics,Article,,https://www.scopus.com/inward/record.uri?partnerID=HzOxMe3b&scp=105007817970&origin=inward,False,page_0005.json.gz,True,False,False,False
scopus,SCOPUS_ID:85216792867,Potential biomarkers for predicting the risk of thyroid cancer in immunosenescence: a population-based and externally validated multi omics study,,2024,2024-01-01,10.3389/fonc.2024.1525767,,,Li Q.,Frontiers in Oncology,Article,,https://www.scopus.com/inward/record.uri?partnerID=HzOxMe3b&scp=85216792867&origin=inward,False,page_0005.json.gz,True,False,False,False
scopus,SCOPUS_ID:105030474809,The Age-Dependent Resident Myonuclear Multi-Omic Response to an Acute Skeletal Muscle Hypertrophic Stimulus in Mice,,2026,2026-05-04,10.1002/advs.202521633,41704039,,Koopmans P.J.,Advanced Science,Article,,https://www.scopus.com/inward/record.uri?partnerID=HzOxMe3b&scp=105030474809&origin=inward,False,page_0005.json.gz,True,False,False,False
scopus,SCOPUS_ID:105012166420,TabNet Fusion Framework for Explainable Multi-Omics Alzheimer's Disease Classification,,2025,2025-01-01,10.1109/icici65870.2025.11069639,,,Vidhya K.,Proceedings of the 2025 3rd International Conference on Inventive Computing and Informatics Icici 2025,Conference Paper,,https://www.scopus.com/inward/record.uri?partnerID=HzOxMe3b&scp=105012166420&origin=inward,False,page_0005.json.gz,True,False,False,False
scopus,SCOPUS_ID:105013092981,Multi-omics reveals the synergistic mechanism of polymyxin B and diethyldithiocarbamate against Pseudomonas aeruginosa,,2025,2025-11-01,10.1016/j.ijantimicag.2025.107569,40617550,,Bai Y.,International Journal of Antimicrobial Agents,Article,,https://www.scopus.com/inward/record.uri?partnerID=HzOxMe3b&scp=105013092981&origin=inward,False,page_0005.json.gz,True,False,False,False
scopus,SCOPUS_ID:105015058852,Multi-omics reveals mechanism of Qi-Po-Sheng-Mai granule in reducing atrial fibrillation susceptibility in aged rats,,2025,2025-12-01,10.1186/s13020-025-01154-6,,,Shi S.,Chinese Medicine United Kingdom,Article,,https://www.scopus.com/inward/record.uri?partnerID=HzOxMe3b&scp=105015058852&origin=inward,False,page_0005.json.gz,True,False,False,False
scopus,SCOPUS_ID:105010866425,"Placental DNA methylation key topics: sex- and cell-type specificity, mediation, multi-omics, and biomarker discovery",,2025,2025-01-01,10.1080/17501911.2025.2533115,40668077,,Cohen N.J.,Epigenomics,Review,,https://www.scopus.com/inward/record.uri?partnerID=HzOxMe3b&scp=105010866425&origin=inward,False,page_0005.json.gz,True,False,True,False
scopus,SCOPUS_ID:105003744706,Multi-omics Analysis Sheds Light on the Extracellular Role of PCMT1,,2025,2025-06-06,10.1021/acs.jproteome.4c01111,40287848,,Wang J.,Journal of Proteome Research,Article,,https://www.scopus.com/inward/record.uri?partnerID=HzOxMe3b&scp=105003744706&origin=inward,False,page_0005.json.gz,True,False,False,False
scopus,SCOPUS_ID:85219167977,Identification of CKAP2 as a Potential Target for Prevention of Gastric Cancer Progression: A Multi-Omics Study,,2025,2025-02-01,10.3390/ijms26041557,40004022,,Liu X.,International Journal of Molecular Sciences,Article,,https://www.scopus.com/inward/record.uri?partnerID=HzOxMe3b&scp=85219167977&origin=inward,False,page_0005.json.gz,True,False,False,False
scopus,SCOPUS_ID:105009150152,Meet-in-the-middle meets multi-omics identifying molecular signatures of environmental drivers of childhood overweight,,2025,2025-08-01,10.1016/j.envint.2025.109630,40580709,,Wang C.,Environment International,Article,,https://www.scopus.com/inward/record.uri?partnerID=HzOxMe3b&scp=105009150152&origin=inward,False,page_0005.json.gz,True,False,False,False
scopus,SCOPUS_ID:105011499403,Low-Density Lipoprotein Cholesterol as a Protective Factor in COPD and Implications for Statin Therapy: A Multi-Omics Genetic Epidemiology Study,,2025,2025-01-01,10.2147/copd.s516906,40688239,,Du T.,International Journal of Copd,Article,,https://www.scopus.com/inward/record.uri?partnerID=HzOxMe3b&scp=105011499403&origin=inward,False,page_0005.json.gz,True,False,False,False
scopus,SCOPUS_ID:105031520870,"Epigenetic Clocks, Resilience, and Multi-Omics Ageing: A Review and the EpiAge-R Conceptual Framework",,2026,2026-02-01,10.3390/ijms27041908,41752045,,Yamada H.,International Journal of Molecular Sciences,Review,,https://www.scopus.com/inward/record.uri?partnerID=HzOxMe3b&scp=105031520870&origin=inward,False,page_0005.json.gz,True,True,False,False
scopus,SCOPUS_ID:85198088009,Longevity extension in rats via improved redox homeostasis with high carbohydrate diet intervention from weaning to adulthood: a comprehensive multi-omics study,,2024,2024-06-19,10.1039/d4fo01156b,38979640,,Dong Y.,Food and Function,Article,,https://www.scopus.com/inward/record.uri?partnerID=HzOxMe3b&scp=85198088009&origin=inward,False,page_0005.json.gz,True,True,True,True
scopus,SCOPUS_ID:105004653658,Multi-omics analysis reveals the attenuation effect of C-phycocyanin on aging-induced subfertility in female mice,,2025,2025-04-21,10.1039/d5fo00344j,40326847,,Han Z.,Food and Function,Article,,https://www.scopus.com/inward/record.uri?partnerID=HzOxMe3b&scp=105004653658&origin=inward,False,page_0005.json.gz,True,True,False,False
scopus,SCOPUS_ID:105031814690,Dissecting Normal and Abnormal Human Kidney Development Using Multiomics,,2025,2025-11-10,10.1681/asn.0000000951,41212627,,Klomp L.S.,Journal of the American Society of Nephrology,Review,,https://www.scopus.com/inward/record.uri?partnerID=HzOxMe3b&scp=105031814690&origin=inward,False,page_0005.json.gz,True,False,False,False
scopus,SCOPUS_ID:105010762066,Multi-Omics Analysis and Validation of Cell Senescence-Related Genes Associated with Non-Alcoholic Fatty Liver Disease,,2025,2025-01-01,10.2147/jir.s525168,,,Gong J.,Journal of Inflammation Research,Article,,https://www.scopus.com/inward/record.uri?partnerID=HzOxMe3b&scp=105010762066&origin=inward,False,page_0005.json.gz,True,False,False,False
scopus,SCOPUS_ID:105009593284,Multi-omics analysis reveals metabolic disruptions in cardiac tissues of aging nonhuman primates with spontaneous type 2 diabetes,,2025,2025-06-30,10.18632/aging.206261,40464660,,Liu Y.,Aging,Article,,https://www.scopus.com/inward/record.uri?partnerID=HzOxMe3b&scp=105009593284&origin=inward,False,page_0005.json.gz,True,True,False,False
scopus,SCOPUS_ID:105028906840,"Multi-omics insights into GBA1-associated Parkinson’s disease: interplay of genomics, transcriptomics, proteomics, and lipidomics",,2026,2026-12-01,10.1186/s13024-026-00931-7,41612462,,Ni Y.,Molecular Neurodegeneration,Review,,https://www.scopus.com/inward/record.uri?partnerID=HzOxMe3b&scp=105028906840&origin=inward,False,page_0005.json.gz,True,False,False,False
scopus,SCOPUS_ID:105019975665,Metabolic resilience governs sex-specific pain recovery during hormonal aging: a multi-omics study of neuropathy in mice,,2025,2025-01-01,10.3389/fpain.2025.1655712,,,Marinelli S.,Frontiers in Pain Research,Article,,https://www.scopus.com/inward/record.uri?partnerID=HzOxMe3b&scp=105019975665&origin=inward,False,page_0005.json.gz,True,True,False,False
scopus,SCOPUS_ID:105021367005,Integrative epidemiological and spatial multi-omics analyses reveal SPP1⁺ macrophages with senescence-like features as key mediators linking NO₂ exposure to coronary heart disease,,2025,2025-12-05,10.1016/j.jhazmat.2025.140429,41232188,,Zhu Z.,Journal of Hazardous Materials,Article,,https://www.scopus.com/inward/record.uri?partnerID=HzOxMe3b&scp=105021367005&origin=inward,False,page_0005.json.gz,True,False,False,False
scopus,SCOPUS_ID:105028934261,Integrating multi-omics to characterize the dynamics of rumen microorganisms and metabolites in Angus cattle at different growth stages,,2026,2026-05-01,10.1016/j.rvsc.2026.106092,41633028,,Xue L.,Research in Veterinary Science,Article,,https://www.scopus.com/inward/record.uri?partnerID=HzOxMe3b&scp=105028934261&origin=inward,False,page_0005.json.gz,True,False,False,False
scopus,SCOPUS_ID:85160928130,Advances in Multiomic Analyses of Frailty Biomarkers in the Elderly,,2023,2023-08-15,10.12114/j.issn.1007-9572.2022.0743,,,Xu T.,Chinese General Practice,Article,,https://www.scopus.com/inward/record.uri?partnerID=HzOxMe3b&scp=85160928130&origin=inward,False,page_0005.json.gz,True,False,False,False
scopus,SCOPUS_ID:105034877790,Multiomics Analysis across the Life Cycle Identifies Zn2Cys6_61 as a Target for Enhancing Triterpenoid Production in Ganoderma lucidum,,2026,2026-04-01,10.1021/acs.jafc.5c17368,41855097,,Li Y.,Journal of Agricultural and Food Chemistry,Article,,https://www.scopus.com/inward/record.uri?partnerID=HzOxMe3b&scp=105034877790&origin=inward,False,page_0005.json.gz,True,False,False,False
scopus,SCOPUS_ID:105029264113,Novel multi-omic biomarkers to combat oocyte and ovarian aging,,2026,2026-01-01,10.1007/s11357-026-02119-9,,,Kordowitzki P.,Geroscience,Article,,https://www.scopus.com/inward/record.uri?partnerID=HzOxMe3b&scp=105029264113&origin=inward,False,page_0005.json.gz,True,True,False,False
scopus,SCOPUS_ID:105020582055,Multi-omics analyses identify the modulators COX6A1 and NAL as regulators of silk cocoon formation in Plutella xylostella,,2026,2026-01-01,10.1016/j.pestbp.2025.106764,41326076,,Niu R.C.,Pesticide Biochemistry and Physiology,Article,,https://www.scopus.com/inward/record.uri?partnerID=HzOxMe3b&scp=105020582055&origin=inward,False,page_0005.json.gz,True,False,False,False
scopus,SCOPUS_ID:105034660579,Multi-omics analyses related to mitochondria and ageing in triple-negative breast cancer implicate PYCR1 potentiates tumor progression,,2026,2026-12-01,10.1186/s12935-026-04235-0,,,Huang J.N.,Cancer Cell International,Article,,https://www.scopus.com/inward/record.uri?partnerID=HzOxMe3b&scp=105034660579&origin=inward,False,page_0006.json.gz,True,True,False,False
scopus,SCOPUS_ID:85211588077,Investigating the causal relationship between inflammation and multiple types of hearing loss: a multi-omics approach combining Mendelian randomization and molecular docking,,2024,2024-01-01,10.3389/fneur.2024.1422241,,,Zhang J.,Frontiers in Neurology,Article,,https://www.scopus.com/inward/record.uri?partnerID=HzOxMe3b&scp=85211588077&origin=inward,False,page_0006.json.gz,True,False,True,False
scopus,SCOPUS_ID:105039326685,Genetic and pathway complexity in Alzheimer’s disease: Insights from multi-omic data about the immune response and mitochondrial function,,2026,2026-09-01,10.4103/nrr.nrr-d-25-00184,,,Xu X.,Neural Regeneration Research,Article,,https://www.scopus.com/inward/record.uri?partnerID=HzOxMe3b&scp=105039326685&origin=inward,False,page_0006.json.gz,True,False,False,False
scopus,SCOPUS_ID:105018310137,Multiomic clocks to predict phenotypic age in mice,,2025,2025-11-01,10.1093/gerona/glaf188,40875557,,Vera D.L.,Journals of Gerontology Series A Biological Sciences and Medical Sciences,Article,,https://www.scopus.com/inward/record.uri?partnerID=HzOxMe3b&scp=105018310137&origin=inward,False,page_0006.json.gz,True,False,False,False
scopus,SCOPUS_ID:105027229402,A multi-omics integrative gene network of pear (Pyrus),,2026,2026-03-01,10.1111/jipb.70117,41508432,,Li H.,Journal of Integrative Plant Biology,Article,,https://www.scopus.com/inward/record.uri?partnerID=HzOxMe3b&scp=105027229402&origin=inward,False,page_0006.json.gz,True,False,False,False
scopus,SCOPUS_ID:105029539696,Multi-Omics Analysis Deciphers Nitrogen-Phosphate Balance to Maintain Metabolic Homoeostasis and Promote Plant Growth in Rapeseed,,2026,2026-05-01,10.1111/pce.70432,41656800,,Lou H.,Plant Cell and Environment,Article,,https://www.scopus.com/inward/record.uri?partnerID=HzOxMe3b&scp=105029539696&origin=inward,False,page_0006.json.gz,True,False,False,False
scopus,SCOPUS_ID:105031636849,Multiomics analysis reveals that senescent CXCL16+ macrophages promote lung adenocarcinoma progression through TGF-β signalling,,2026,2026-12-01,10.1186/s12967-026-07766-2,41622242,,Zhang Z.H.,Journal of Translational Medicine,Article,,https://www.scopus.com/inward/record.uri?partnerID=HzOxMe3b&scp=105031636849&origin=inward,False,page_0006.json.gz,True,False,False,False
scopus,SCOPUS_ID:105028991032,Gut–Metabolome–Proteome Interactions in Age-Related Hearing Loss: Insights from Fecal Microbiota Transplantation and Multi-Omics Analyses,,2026,2026-03-27,10.1002/advs.202514269,41618858,,Yang T.,Advanced Science,Article,,https://www.scopus.com/inward/record.uri?partnerID=HzOxMe3b&scp=105028991032&origin=inward,False,page_0006.json.gz,True,False,False,False
scopus,SCOPUS_ID:105021459368,"Genetic and metabolomic pathways linking frailty, chronic kidney disease, and kidney failure: a Mendelian randomization and multi-omics analysis",,2025,2025-01-01,10.1080/0886022x.2025.2584751,41219152,,Chen Y.,Renal Failure,Article,,https://www.scopus.com/inward/record.uri?partnerID=HzOxMe3b&scp=105021459368&origin=inward,False,page_0006.json.gz,True,False,True,False
scopus,SCOPUS_ID:105020392938,Integrative Omics Reveal Female-Specific Benefits of p16+ Cell Clearance in Aging Mice,,2026,2026-01-14,10.1002/advs.202509444,41168880,,Lin Y.,Advanced Science,Article,,https://www.scopus.com/inward/record.uri?partnerID=HzOxMe3b&scp=105020392938&origin=inward,False,page_0006.json.gz,True,True,False,False
scopus,SCOPUS_ID:105026222992,Multi-Omics Analysis Reveals Photodynamic Therapy Ameliorating Skin Photoaging by Improving Cellular Senescence Through Mitohormesis-Mediated Reduction of Citrate Content,,2026,2026-01-01,10.1111/acel.70328,41456904,,Yan Y.,Aging Cell,Article,,https://www.scopus.com/inward/record.uri?partnerID=HzOxMe3b&scp=105026222992&origin=inward,False,page_0006.json.gz,True,True,True,True
scopus,SCOPUS_ID:105030122170,Integrated omics analysis reveals the age-dependent dynamic changes of gut microbiota and metabolites in layer chickens,,2026,2026-05-01,10.1016/j.psj.2026.106611,41691804,,Su Y.,Poultry Science,Article,,https://www.scopus.com/inward/record.uri?partnerID=HzOxMe3b&scp=105030122170&origin=inward,False,page_0006.json.gz,True,False,False,False
scopus,SCOPUS_ID:105027475537,Hormone-centric multi-omics atlas of flower and early fruit development in tomato,,2026,2026-01-12,10.1016/j.xplc.2025.101674,41388669,,Vainer A.,Plant Communications,Article,,https://www.scopus.com/inward/record.uri?partnerID=HzOxMe3b&scp=105027475537&origin=inward,False,page_0006.json.gz,True,False,False,False
scopus,SCOPUS_ID:105003385842,Multiomics Analysis of a Micronutrient-Rich Dietary Pattern and the Aging Genotype 9p21 on the Plasma Proteome of Young Adults,,2025,2025-04-01,10.3390/nu17081398,40284261,,Mahdavi S.,Nutrients,Article,,https://www.scopus.com/inward/record.uri?partnerID=HzOxMe3b&scp=105003385842&origin=inward,False,page_0006.json.gz,True,True,False,False
scopus,SCOPUS_ID:105021370654,Investigating the causal role of cellular senescence-related genes in preeclampsia: a multi-omics Mendelian randomization study with differential expression analysis,,2025,2025-01-01,10.3389/fendo.2025.1661666,,,Zhu H.,Frontiers in Endocrinology,Article,,https://www.scopus.com/inward/record.uri?partnerID=HzOxMe3b&scp=105021370654&origin=inward,False,page_0006.json.gz,True,True,True,True
scopus,SCOPUS_ID:105030037472,"Multi-Omics Analysis of Morbid Obesity Using a Patented Unsupervised Machine Learning Platform: Genomic, Biochemical, and Glycan Insights",,2026,2026-02-01,10.3390/ijms27031551,41683970,,Šnajdar I.,International Journal of Molecular Sciences,Article,,https://www.scopus.com/inward/record.uri?partnerID=HzOxMe3b&scp=105030037472&origin=inward,False,page_0006.json.gz,True,False,False,False
scopus,SCOPUS_ID:105001081078,"N6,N6-Dimethyl-l-Lysine: An Anti-Obesity Metabolite of Lactiplantibacillus plantarum R2-5 From Longevity Area Revealed by Multi-Omics Analysis",,2025,2025-03-01,10.1002/fft2.515,,,Su M.,Food Frontiers,Article,,https://www.scopus.com/inward/record.uri?partnerID=HzOxMe3b&scp=105001081078&origin=inward,False,page_0006.json.gz,True,True,False,False
scopus,SCOPUS_ID:105017845606,Deciphering the three-dimensional biomolecular distribution in the Alzheimer's disease brain: A multiomic approach integrating immunohistochemistry with MALDI MS imaging,,2025,2025-12-15,10.1016/j.aca.2025.344721,41167884,,Lu K.H.,Analytica Chimica Acta,Article,,https://www.scopus.com/inward/record.uri?partnerID=HzOxMe3b&scp=105017845606&origin=inward,False,page_0006.json.gz,True,False,False,False
scopus,SCOPUS_ID:105021958199,Multi-omics analysis reveals PkNF-YA7a as a transcriptional activator that promotes glycerolipid biosynthesis in Pinus koraiensis seeds,,2025,2025-12-30,10.1016/j.foodchem.2025.147083,41240857,,An Z.,Food Chemistry,Article,,https://www.scopus.com/inward/record.uri?partnerID=HzOxMe3b&scp=105021958199&origin=inward,False,page_0006.json.gz,True,False,False,False
scopus,SCOPUS_ID:105021449694,Dynamic multi-omics mechanisms underpinning retinol tolerance: stage-specific reconstruction of skin barrier function and host–microbiome metabolic interactions,,2025,2025-01-01,10.3389/fmicb.2025.1668712,,,Huang Y.,Frontiers in Microbiology,Article,,https://www.scopus.com/inward/record.uri?partnerID=HzOxMe3b&scp=105021449694&origin=inward,False,page_0006.json.gz,True,False,False,False
scopus,SCOPUS_ID:105022197120,Multi-omics reveals that Sophora alopecuroides lysine decarboxylase (SaLDC)-mediated polyamine metabolism enhances salt tolerance and early flowering in Arabidopsis,,2026,2026-03-01,10.1016/j.plantsci.2025.112891,41270872,,Tian Y.,Plant Science,Article,,https://www.scopus.com/inward/record.uri?partnerID=HzOxMe3b&scp=105022197120&origin=inward,False,page_0006.json.gz,True,False,True,False
scopus,SCOPUS_ID:105035620262,Multi-omics guided Saccharomyces cerevisiae engineering optimizes flavor metabolism in cigar tobacco leaves fermentation,,2026,2026-05-01,10.1016/j.fbio.2026.108593,,,Chen C.,Food Bioscience,Article,,https://www.scopus.com/inward/record.uri?partnerID=HzOxMe3b&scp=105035620262&origin=inward,False,page_0006.json.gz,True,False,False,False
scopus,SCOPUS_ID:105044064603,From organ age gaps to precision geromedicine: Multi-omic and imaging frameworks for heterogeneous biological aging,,2026,2026-10-01,10.1016/j.arr.2026.103238,,,Li Q.M.,Ageing Research Reviews,Review,,https://www.scopus.com/inward/record.uri?partnerID=HzOxMe3b&scp=105044064603&origin=inward,False,page_0006.json.gz,True,True,False,False
scopus,SCOPUS_ID:105036389368,"Low-vs high-load power training on muscle quality, functional performance, and multi-omic profiles in frail older adults: protocol for the FrailPow randomized controlled trial",,2026,2026-03-01,10.31491/apt.2026.03.206,,,Mateos-Marañón X.,Aging Pathobiology and Therapeutics,Article,,https://www.scopus.com/inward/record.uri?partnerID=HzOxMe3b&scp=105036389368&origin=inward,False,page_0006.json.gz,True,False,True,False
scopus,SCOPUS_ID:105033292272,Senescent epithelial cells remodel the tumor microenvironment and drive early LUAD progression: a multiomics risk model and single-cell analysis,,2026,2026-12-01,10.1007/s00018-026-06101-8,41776080,,Zhou Y.,Cellular and Molecular Life Sciences,Article,,https://www.scopus.com/inward/record.uri?partnerID=HzOxMe3b&scp=105033292272&origin=inward,False,page_0006.json.gz,True,False,False,False
scopus,SCOPUS_ID:105032244267,Integrative multi-omics profiling of mild cognitive impairment in older patients combined with coronary heart disease: a cross-sectional cohort study,,2026,2026-01-01,10.3389/fcvm.2026.1602893,,,Li T.,Frontiers in Cardiovascular Medicine,Article,,https://www.scopus.com/inward/record.uri?partnerID=HzOxMe3b&scp=105032244267&origin=inward,False,page_0007.json.gz,True,False,False,False
scopus,SCOPUS_ID:105017163628,"Association of HTR1F with Prognosis, Tumor Immune Microenvironment, and Drug Sensitivity in Cancer: A Multi-Omics Perspective",,2025,2025-09-01,10.3390/biomedicines13092238,,,Gao Y.,Biomedicines,Article,,https://www.scopus.com/inward/record.uri?partnerID=HzOxMe3b&scp=105017163628&origin=inward,False,page_0007.json.gz,True,False,False,False
scopus,SCOPUS_ID:105020774896,Multi-omics analysis of the potential association between ageing and rheumatoid arthritis and screening of potential therapeutic targets,,2025,2025-01-01,10.1080/21691401.2025.2582448,41185125,,Yun X.,Artificial Cells Nanomedicine and Biotechnology,Article,,https://www.scopus.com/inward/record.uri?partnerID=HzOxMe3b&scp=105020774896&origin=inward,False,page_0007.json.gz,True,True,False,False
scopus,SCOPUS_ID:105017582207,Decoding the genetic architecture of women reproductive aging: multi-omic integration identifies novel loci and mechanistic pathways for precision intervention,,2025,2025-12-01,10.1186/s12864-025-12016-8,41023601,,Kang Y.F.,BMC Genomics,Article,,https://www.scopus.com/inward/record.uri?partnerID=HzOxMe3b&scp=105017582207&origin=inward,False,page_0007.json.gz,True,True,True,True
scopus,SCOPUS_ID:105041343759,Multiomics Reveals the Mechanisms of Rhizosphere Symbiotic Fungi in Mitigating Micro(nano)plastics Transfer and Toxicity in Food Chains,,2026,2026-06-09,10.1021/acs.est.5c16131,42210596,,Li X.,Environmental Science and Technology,Article,,https://www.scopus.com/inward/record.uri?partnerID=HzOxMe3b&scp=105041343759&origin=inward,False,page_0007.json.gz,True,False,False,False
scopus,SCOPUS_ID:105000136866,Identification of Druggable Targets for Intervertebral Disc Degeneration Based on Multi-Omics Data-Driven Mendelian Randomization and Prediction of Traditional Chinese Medicine Interventions,,2025,2025-03-01,10.19803/j.1672-8629.20240899,,,Guo D.,Chinese Journal of Pharmacovigilance,Article,,https://www.scopus.com/inward/record.uri?partnerID=HzOxMe3b&scp=105000136866&origin=inward,False,page_0007.json.gz,True,False,True,False
scopus,SCOPUS_ID:105036415709,From Multiomics Biomarker Discovery to AI-Driven Clinical Translation: Precision Early Detection of Pulmonary Arterial Hypertension in Older Adults Across G20 Nations,,2026,2026-01-01,10.1155/ijcp/6652927,,,Ye M.,International Journal of Clinical Practice,Article,,https://www.scopus.com/inward/record.uri?partnerID=HzOxMe3b&scp=105036415709&origin=inward,False,page_0007.json.gz,True,False,False,False
scopus,SCOPUS_ID:105039679729,Loss of calcium-dependent phospholipase A2 contributes to multi-omic changes in mouse denervated skeletal muscle,,2026,2026-05-01,10.14814/phy2.70906,42163780,,Czyżowska-Froemling A.,Physiological Reports,Article,,https://www.scopus.com/inward/record.uri?partnerID=HzOxMe3b&scp=105039679729&origin=inward,False,page_0007.json.gz,True,False,False,False
scopus,SCOPUS_ID:105035231778,Genetic risk modifies the effect of exogenous nucleotides on insulin resistance in older adults: insights from multi-omics analyses,,2026,2026-05-26,10.1039/d5fo05425g,41954460,,Fu R.,Food and Function,Article,,https://www.scopus.com/inward/record.uri?partnerID=HzOxMe3b&scp=105035231778&origin=inward,False,page_0007.json.gz,True,False,False,False
scopus,SCOPUS_ID:105023644248,Identification and validation of novel risk genes for intervertebral disc disorder by integrating large-scale multi-omics analyses and experimental studies,,2025,2025-01-01,10.3389/fmed.2025.1698050,,,Zhang Z.,Frontiers in Medicine,Article,,https://www.scopus.com/inward/record.uri?partnerID=HzOxMe3b&scp=105023644248&origin=inward,False,page_0007.json.gz,True,False,False,False
scopus,SCOPUS_ID:105034831249,Multi-omics analysis of Raptor1A knockout reveals resistance to Tuta absoluta in tomato without growth penalties,,2026,2026-06-01,10.1111/nph.71123,41928503,,Song L.,New Phytologist,Article,,https://www.scopus.com/inward/record.uri?partnerID=HzOxMe3b&scp=105034831249&origin=inward,False,page_0007.json.gz,True,False,True,False
scopus,SCOPUS_ID:105024146717,Multi-omics profiling reveals mitochondrial dysfunction and epigenetic dysregulation in postoperative cognitive dysfunction: identification of novel biomarkers in an aged mouse model,,2026,2026-02-01,10.1007/s10522-025-10357-1,41361137,,Hu L.,Biogerontology,Article,,https://www.scopus.com/inward/record.uri?partnerID=HzOxMe3b&scp=105024146717&origin=inward,False,page_0007.json.gz,True,False,False,False
scopus,SCOPUS_ID:105040673320,Multi-Omics Reveals Dysregulation of the Endosome-Lysosome-Autophagy Axis and Immune-Inflammatory Imbalance in Elderly Sepsis,,2026,2026-01-01,10.2147/cia.s613629,42226934,,Gou Y.,Clinical Interventions in Aging,Article,,https://www.scopus.com/inward/record.uri?partnerID=HzOxMe3b&scp=105040673320&origin=inward,False,page_0007.json.gz,True,False,False,False
scopus,SCOPUS_ID:105007545832,Prediction of mild cognitive impairment using blood multi-omics data,,2025,2025-01-01,10.3389/fgene.2025.1552063,,,Zhang D.F.,Frontiers in Genetics,Article,,https://www.scopus.com/inward/record.uri?partnerID=HzOxMe3b&scp=105007545832&origin=inward,False,page_0007.json.gz,True,False,False,False
scopus,SCOPUS_ID:105044016494,At the crossroads of senescence and immunosuppression: Machine learning and multi-omics unveil the central role of FAP in HNSCC,,2026,2026-09-15,10.1016/j.bioorg.2026.110221,,,Zhang J.,Bioorganic Chemistry,Article,,https://www.scopus.com/inward/record.uri?partnerID=HzOxMe3b&scp=105044016494&origin=inward,False,page_0007.json.gz,True,False,False,False
scopus,SCOPUS_ID:105007791801,Multi-omics Mendelian randomization study on the causality between non-ionizing radiation and facial aging,,2025,2025-06-20,10.3760/cma.j.cn501225-20240830-00320,,,He Z.,Chinese Journal of Burns and Wounds,Article,,https://www.scopus.com/inward/record.uri?partnerID=HzOxMe3b&scp=105007791801&origin=inward,False,page_0007.json.gz,True,True,True,True
scopus,SCOPUS_ID:105002412785,Harnessing Human Holobiome and Meta-Multi-Omics Analyses for Medical Applications,,2025,2025-05-01,10.1089/omi.2025.0024,40197113,,Karabekmez M.E.,OMICS A Journal of Integrative Biology,Review,,https://www.scopus.com/inward/record.uri?partnerID=HzOxMe3b&scp=105002412785&origin=inward,False,page_0007.json.gz,True,False,False,False
scopus,SCOPUS_ID:105041944315,The Evolving Landscape of Clinical Aging Clocks: From Epigenetic to Multi-Omics Integration,,2026,2026-06-01,10.1111/acel.70579,42304052,,Liu L.,Aging Cell,Review,,https://www.scopus.com/inward/record.uri?partnerID=HzOxMe3b&scp=105041944315&origin=inward,False,page_0007.json.gz,True,True,False,False
scopus,SCOPUS_ID:85199353031,Advancing Insights into Large-Artery Stiffening in Humans Through the Application of Multi-omics,,2024,2024-12-01,10.1007/s44200-024-00050-y,,,Dib M.J.,Artery Research,Review,,https://www.scopus.com/inward/record.uri?partnerID=HzOxMe3b&scp=85199353031&origin=inward,False,page_0007.json.gz,True,False,False,False
scopus,SCOPUS_ID:105030501533,Multi-omics approach unveils novel therapeutic targets for osteoporosis: integrated analysis of Asian and European gene-tissue expression consortium data,,2026,2026-08-28,10.12307/2026.190,,,Yongxi C.,Chinese Journal of Tissue Engineering Research,Article,,https://www.scopus.com/inward/record.uri?partnerID=HzOxMe3b&scp=105030501533&origin=inward,False,page_0007.json.gz,True,False,False,False
scopus,SCOPUS_ID:105038586331,Multi-omics integration constructs a senescence-based prognostic model and identifies EIF4EBP1 as a therapeutic target in clear cell renal cell carcinoma,,2026,2026-12-01,10.1007/s12672-026-04484-5,,,Duan H.,Discover Oncology,Article,,https://www.scopus.com/inward/record.uri?partnerID=HzOxMe3b&scp=105038586331&origin=inward,False,page_0007.json.gz,True,False,False,False
scopus,SCOPUS_ID:105041073139,"Multi-omics and experimental evidence in human chondrocytes identify caspase-8 as a non-apoptotic regulator of inflammatory, senescent, and fibrotic signaling in osteoarthritis",,2026,2026-12-01,10.1186/s12964-026-02985-y,42249421,,Mei J.,Cell Communication and Signaling,Article,,https://www.scopus.com/inward/record.uri?partnerID=HzOxMe3b&scp=105041073139&origin=inward,False,page_0007.json.gz,True,False,False,False
scopus,SCOPUS_ID:105001642126,Comprehensive Multi-omics and Mendelian Randomization Reveal the Key Role of Monocytes in Aging and Osteoarthritis,,2026,2026-02-01,10.1007/s12033-025-01416-6,40172742,,Shi X.,Molecular Biotechnology,Article,,https://www.scopus.com/inward/record.uri?partnerID=HzOxMe3b&scp=105001642126&origin=inward,False,page_0007.json.gz,True,True,True,True
scopus,SCOPUS_ID:105036436233,Effects of concurrent Helicobacter pylori infection and small intestinal bacterial overgrowth on the gut microbiota and metabolic profiles: A multi-omics study,,2026,2026-01-01,10.1556/030.2026.02894,41989870,,Zhu Y.C.,Acta Microbiologica Et Immunologica Hungarica,Article,,https://www.scopus.com/inward/record.uri?partnerID=HzOxMe3b&scp=105036436233&origin=inward,False,page_0007.json.gz,True,False,False,False
scopus,SCOPUS_ID:105029552418,Developmental neurotoxicity of thyroid hormone system-disrupting chemicals: a systems-level exploration using multi-omics approach,,2026,2026-05-01,10.1007/s00204-026-04303-4,41654649,,Clavel Rolland N.,Archives of Toxicology,Article,,https://www.scopus.com/inward/record.uri?partnerID=HzOxMe3b&scp=105029552418&origin=inward,False,page_0007.json.gz,True,False,False,False
scopus,SCOPUS_ID:105032127678,Multi-omics evaluation of grape microbial diversity and natural wine flavor metabolites under extra-simplified eco-viticulture,,2026,2026-05-01,10.1016/j.foodchem.2026.148671,41791164,,Ding Y.,Food Chemistry,Article,,https://www.scopus.com/inward/record.uri?partnerID=HzOxMe3b&scp=105032127678&origin=inward,False,page_0008.json.gz,True,False,False,False
scopus,SCOPUS_ID:105029780124,Integration of Multi-Omics and Machine Learning Identifies TGFB1 and SERPINE1 as Biomarkers of Vascular Smooth Muscle Cell Senescence in Intracranial Aneurysms,,2026,2026-02-01,10.1007/s12975-026-01419-8,41665703,,Qiu H.,Translational Stroke Research,Article,,https://www.scopus.com/inward/record.uri?partnerID=HzOxMe3b&scp=105029780124&origin=inward,False,page_0008.json.gz,True,False,False,False
scopus,SCOPUS_ID:105034787411,Discovery of frailty-linked proteins through multi-omics integration of brain and plasma proteomes with GWAS datasets,,2026,2026-06-01,10.1016/j.exger.2026.113120,41932587,,Zhong J.Y.,Experimental Gerontology,Article,,https://www.scopus.com/inward/record.uri?partnerID=HzOxMe3b&scp=105034787411&origin=inward,False,page_0008.json.gz,True,False,False,False
scopus,SCOPUS_ID:105009007757,Multi-Omic Analysis Identifies Key Genes Driving Testicular Fusion in Spodoptera litura,,2025,2025-06-01,10.3390/ijms26125564,40565028,,Dong Y.,International Journal of Molecular Sciences,Article,,https://www.scopus.com/inward/record.uri?partnerID=HzOxMe3b&scp=105009007757&origin=inward,False,page_0008.json.gz,True,False,False,False
scopus,SCOPUS_ID:105022216152,The fetal exposome and preterm birth: a systematic synthesis of environmental exposures and multi-omics evidence,,2026,2026-02-01,10.1515/jpm-2025-0231,41242981,,Andonotopo W.,Journal of Perinatal Medicine,Article,,https://www.scopus.com/inward/record.uri?partnerID=HzOxMe3b&scp=105022216152&origin=inward,False,page_0008.json.gz,True,False,False,False
scopus,SCOPUS_ID:105041324740,Multiome-based identification of molecular markers for prospective identification of platelet-biased HSCs,,2026,2026-07-14,10.1016/j.stemcr.2026.102959,42276065,,Zhang B.,Stem Cell Reports,Article,,https://www.scopus.com/inward/record.uri?partnerID=HzOxMe3b&scp=105041324740&origin=inward,False,page_0008.json.gz,True,False,False,False
scopus,SCOPUS_ID:105024195576,An exploratory single arm study to evaluate the role of an Ayurvedic treatment protocol as a prerequisite for in vitro fertilization in women with diminished ovarian reserve incorporating multi-omics approaches: study protocol,,2025,2025-01-01,10.3389/fmed.2025.1666888,,,Muraleedharan A.,Frontiers in Medicine,Article,,https://www.scopus.com/inward/record.uri?partnerID=HzOxMe3b&scp=105024195576&origin=inward,False,page_0008.json.gz,True,False,False,False
scopus,SCOPUS_ID:105041194158,Urate-Related Genetic Risk Modulates the Anti-Aging Effects of Exogenous Nucleotides: Multi-Omics Evidence From Older Adults,,2026,2026-06-01,10.1111/acel.70581,42265534,,Fu R.,Aging Cell,Article,,https://www.scopus.com/inward/record.uri?partnerID=HzOxMe3b&scp=105041194158&origin=inward,False,page_0008.json.gz,True,True,False,False
scopus,SCOPUS_ID:105043072441,"Presbycusis Across the Lifespan: Genetic, Molecular, and Multi-Omics Contributions",,2026,2026-06-01,10.3390/audiolres16030081,,,Morgan A.,Audiology Research,Review,,https://www.scopus.com/inward/record.uri?partnerID=HzOxMe3b&scp=105043072441&origin=inward,False,page_0008.json.gz,True,True,False,False
scopus,SCOPUS_ID:105044201436,Single-Cell and Multiomics Characterization of p21 in Cancer Progression and Therapeutic Sensitivity,,2026,2026-01-01,10.1155/humu/5598948,,,Zhang W.,Human Mutation,Article,,https://www.scopus.com/inward/record.uri?partnerID=HzOxMe3b&scp=105044201436&origin=inward,False,page_0008.json.gz,True,False,False,False
scopus,SCOPUS_ID:105038155668,Multi-omics identification of aging-related diagnostic genes and therapeutic targets in renal fibrosis,,2026,2026-08-15,10.1016/j.cca.2026.121058,42102994,,Yin S.,Clinica Chimica Acta,Article,,https://www.scopus.com/inward/record.uri?partnerID=HzOxMe3b&scp=105038155668&origin=inward,False,page_0008.json.gz,True,True,False,False
scopus,SCOPUS_ID:105024715549,A multi-omics analysis of human fibroblasts overexpressing an Alu transposon reveals widespread disruptions in aging-associated pathways,,2026,2026-06-01,10.1007/s11357-025-02033-6,41381971,,Bravo J.I.,Geroscience,Article,,https://www.scopus.com/inward/record.uri?partnerID=HzOxMe3b&scp=105024715549&origin=inward,False,page_0008.json.gz,True,True,False,False
scopus,SCOPUS_ID:105029167987,Multi-omics-guided discovery: yeast protein alleviates glucocorticoid-induced muscle atrophy through dual activation of IGF-1/PI3K/Akt/FOXO and CaMKK/AMPK signaling pathways,,2026,2026-02-23,10.1039/d5fo04912a,41612951,,Liang Y.,Food and Function,Article,,https://www.scopus.com/inward/record.uri?partnerID=HzOxMe3b&scp=105029167987&origin=inward,False,page_0008.json.gz,True,False,False,False
scopus,SCOPUS_ID:105044381113,Ageing alters cysteine oxidation-regulated redox signalling in skeletal muscle: Integrative omics and AI-based structural predictions,,2026,2026-01-01,10.1113/ep093750,,,Ersoy U.,Experimental Physiology,Article,,https://www.scopus.com/inward/record.uri?partnerID=HzOxMe3b&scp=105044381113&origin=inward,False,page_0008.json.gz,True,True,False,False
scopus,SCOPUS_ID:105028797661,Pan-cancer and multi-omics analyses reveal the diagnostic and prognostic value of BAZ2B in cancer,,2026,2026-12-01,10.1038/s41598-025-33622-2,41501318,,Guo J.,Scientific Reports,Article,,https://www.scopus.com/inward/record.uri?partnerID=HzOxMe3b&scp=105028797661&origin=inward,False,page_0008.json.gz,True,False,False,False
scopus,SCOPUS_ID:105009434057,Molecular Mechanisms of Exercise in Promoting Health: a Multi-omics Analysis of Metabolic Biomarkers,,2025,2025-06-28,10.16476/j.pibb.2025.0200,,,Zhang S.,Progress in Biochemistry and Biophysics,Review,,https://www.scopus.com/inward/record.uri?partnerID=HzOxMe3b&scp=105009434057&origin=inward,False,page_0008.json.gz,True,False,False,False
scopus,SCOPUS_ID:105044671736,Multiomic profiling of responses to clinical and novel bisphosphonates reveals extraskeletal effects on ageing related signatures,,2026,2026-12-01,10.1038/s41392-026-02799-x,,,Lu J.,Signal Transduction and Targeted Therapy,Article,,https://www.scopus.com/inward/record.uri?partnerID=HzOxMe3b&scp=105044671736&origin=inward,False,page_0008.json.gz,True,True,False,False
scopus,SCOPUS_ID:105034732124,Multi omics analysis reveals senescence associated genes in metabolic dysfunction associated steatohepatitis related liver cancer and their functional validation,,2026,2026-04-01,10.1016/j.ijbiomac.2026.151713,41933769,,Lin S.,International Journal of Biological Macromolecules,Article,,https://www.scopus.com/inward/record.uri?partnerID=HzOxMe3b&scp=105034732124&origin=inward,False,page_0008.json.gz,True,False,False,False
scopus,SCOPUS_ID:105010640864,CXCL14 drives age-related intervertebral disc degeneration via NF-κB pathway activation in a multiomic study,,2025,2025-12-01,10.1038/s41598-025-10998-9,40653514,,Zhou T.,Scientific Reports,Article,,https://www.scopus.com/inward/record.uri?partnerID=HzOxMe3b&scp=105010640864&origin=inward,False,page_0008.json.gz,True,False,False,False
scopus,SCOPUS_ID:105021200657,Integrated Multiomics Analysis and Mendelian Randomization Identify SIRT1 as a Pivotal Aging-Associated Gene in Meningioma,,2025,2025-11-01,10.1002/iub.70072,41208649,,Du G.,IUBMB Life,Article,,https://www.scopus.com/inward/record.uri?partnerID=HzOxMe3b&scp=105021200657&origin=inward,False,page_0008.json.gz,True,True,True,True
scopus,SCOPUS_ID:105009516109,Integrating Multiomics and Machine Learning: Senescence-Regulated ALMS1-IT1/miR-7c-5p/HMGA2 Axis as a Novel Therapeutic Target for Head and Neck Squamous Cell Carcinoma,,2025,2025-07-15,10.1021/acsomega.4c11093,,,Zhu Y.,ACS Omega,Article,,https://www.scopus.com/inward/record.uri?partnerID=HzOxMe3b&scp=105009516109&origin=inward,False,page_0008.json.gz,True,False,False,False
scopus,SCOPUS_ID:105042489697,Multi-omics and mendelian randomization uncover microbial-metabolite-gene interactions in age-related hearing loss,,2026,2026-12-01,10.1186/s13568-026-02040-6,,,Li S.,AMB Express,Article,,https://www.scopus.com/inward/record.uri?partnerID=HzOxMe3b&scp=105042489697&origin=inward,False,page_0008.json.gz,True,False,True,False
scopus,SCOPUS_ID:105039635649,Optimal Preservation Method for Long-term Preservation in ddH2O and Starvation Adaptive Mechanisms of Flavobacterium columnare Revealed by Multi-omic Analysis,,2026,2026-12-01,10.1007/s00248-026-02756-9,41973238,,Gao S.,Microbial Ecology,Article,,https://www.scopus.com/inward/record.uri?partnerID=HzOxMe3b&scp=105039635649&origin=inward,False,page_0008.json.gz,True,False,False,False
scopus,SCOPUS_ID:105022310984,Integrative multi-omics and computational modeling reveal RPL22-driven skin aging mechanisms under PM2.5 exposure and identify high-stability natural inhibitors,,2026,2026-02-01,10.1007/s00210-025-04680-0,41247455,,Yang L.,Naunyn Schmiedeberg S Archives of Pharmacology,Article,,https://www.scopus.com/inward/record.uri?partnerID=HzOxMe3b&scp=105022310984&origin=inward,False,page_0008.json.gz,True,True,False,False
scopus,SCOPUS_ID:105041657887,"Healthful plant-based diet, gut enterotype, and cognition in a rural Chinese elderly cohort: A longitudinal multi-omics study",,2026,2026-06-16,10.1016/j.xcrm.2026.102797,42127905,,Shen J.,Cell Reports Medicine,Article,,https://www.scopus.com/inward/record.uri?partnerID=HzOxMe3b&scp=105041657887&origin=inward,False,page_0008.json.gz,True,False,False,False
scopus,SCOPUS_ID:105043487132,Multi-omics profiling reveals systemic rejuvenation of the aged kidney through senolytic therapy,,2026,2026-12-01,10.1038/s41536-026-00490-x,,,Chen S.,Npj Regenerative Medicine,Article,,https://www.scopus.com/inward/record.uri?partnerID=HzOxMe3b&scp=105043487132&origin=inward,False,page_0009.json.gz,True,True,False,False
scopus,SCOPUS_ID:105040131614,Machine learning-driven multi-omics integration uncovers a senescence associated molecular axis in HCC,,2026,2026-01-01,10.3389/fimmu.2026.1762222,42183188,,Tuergan T.,Frontiers in Immunology,Article,,https://www.scopus.com/inward/record.uri?partnerID=HzOxMe3b&scp=105040131614&origin=inward,False,page_0009.json.gz,True,False,False,False
scopus,SCOPUS_ID:105044484086,Integrated multi-omics analysis identifies key microglial subpopulations and therapeutic targets in Parkinson's disease,,2026,2026-09-01,10.1016/j.parkreldis.2026.108418,,,Yang L.,Parkinsonism and Related Disorders,Article,,https://www.scopus.com/inward/record.uri?partnerID=HzOxMe3b&scp=105044484086&origin=inward,False,page_0009.json.gz,True,False,False,False
scopus,SCOPUS_ID:105041849851,A chromosome-scale genome assembly of watermelon (Citrullus lanatus cv. ‘Mimei’) integrates multi-omics data to decipher fruit quality development,,2026,2026-07-01,10.1007/s00425-026-05025-8,42301476,,Shao Z.,Planta,Article,,https://www.scopus.com/inward/record.uri?partnerID=HzOxMe3b&scp=105041849851&origin=inward,False,page_0009.json.gz,True,False,False,False
scopus,SCOPUS_ID:105034750619,Multiomic single-cell perturbation screens reveal critical lncRNA regulators of senescence,,2026,2026-04-01,10.1038/s43587-026-01100-7,,,Zhu S.,Nature Aging,Article,,https://www.scopus.com/inward/record.uri?partnerID=HzOxMe3b&scp=105034750619&origin=inward,False,page_0009.json.gz,True,False,True,False
scopus,SCOPUS_ID:105040843114,StackAge: an ensemble-based clock for precise quantification of biological age using multi-omics data,,2026,2026-05-01,10.1093/bib/bbag271,42218715,,Jiang Y.,Briefings in Bioinformatics,Article,,https://www.scopus.com/inward/record.uri?partnerID=HzOxMe3b&scp=105040843114&origin=inward,False,page_0009.json.gz,True,True,False,False
scopus,SCOPUS_ID:105040518349,Spatial transcriptomics and multi-omics approach to decipher age-related tissue microenvironments and therapeutics in neurodegeneration and aging,,2026,2026-07-01,10.1016/j.arr.2026.103189,42214504,,Lakra A.,Ageing Research Reviews,Review,,https://www.scopus.com/inward/record.uri?partnerID=HzOxMe3b&scp=105040518349&origin=inward,False,page_0009.json.gz,True,True,False,False
scopus,SCOPUS_ID:85219148974,Multi-Omics Analysis of Aberrances and Functional Implications of IRF5 in Digestive Tract Tumours,,2025,2025-02-01,10.1111/jcmm.70433,39993973,,Yao L.,Journal of Cellular and Molecular Medicine,Article,,https://www.scopus.com/inward/record.uri?partnerID=HzOxMe3b&scp=85219148974&origin=inward,False,page_0009.json.gz,True,False,False,False
scopus,SCOPUS_ID:105029320647,Multi-omics data reveal causal associations of cellular senescence-related genes in rheumatoid arthritis: A summary-data-based Mendelian randomization and co-localization analysis,,2026,2026-01-30,10.1097/md.0000000000047376,41630247,,Jiang P.,Medicine United States,Article,,https://www.scopus.com/inward/record.uri?partnerID=HzOxMe3b&scp=105029320647&origin=inward,False,page_0009.json.gz,True,True,True,True
scopus,SCOPUS_ID:105029869943,Network-based multiomics and transgenic validation reveal that OsPHR3 modulates phosphate-carbon metabolic trade-offs during rice seed development,,2026,2026-02-01,10.1016/j.plaphy.2025.110981,41455431,,Pazhamala L.,Plant Physiology and Biochemistry,Article,,https://www.scopus.com/inward/record.uri?partnerID=HzOxMe3b&scp=105029869943&origin=inward,False,page_0009.json.gz,True,False,False,False
scopus,SCOPUS_ID:105029944644,Multi-omics Mendelian randomization revealing SEMA7A as potential drug target for facial skin aging,,2026,2026-12-01,10.1186/s40537-025-01355-8,,,Cai X.,Journal of Big Data,Article,,https://www.scopus.com/inward/record.uri?partnerID=HzOxMe3b&scp=105029944644&origin=inward,False,page_0009.json.gz,True,True,True,True
scopus,SCOPUS_ID:105026810278,Cell senescence-related pathogenic genes in sleep disorders: a multi-omics Mendelian randomization study,,2026,2026-06-01,10.1007/s00406-025-02170-1,41489638,,Li J.,European Archives of Psychiatry and Clinical Neuroscience,Article,,https://www.scopus.com/inward/record.uri?partnerID=HzOxMe3b&scp=105026810278&origin=inward,False,page_0009.json.gz,True,False,True,False
scopus,SCOPUS_ID:105023210158,Luteolin Alleviates Vascular Senescence Through Retinoic Acid–Peroxisome Proliferator-Activated Receptor Signaling and Lipid Metabolism Remodeling Combined with Multi-Omics Analysis,,2025,2025-11-01,10.3390/nu17223607,41305657,,Bai H.,Nutrients,Article,,https://www.scopus.com/inward/record.uri?partnerID=HzOxMe3b&scp=105023210158&origin=inward,False,page_0009.json.gz,True,False,False,False
scopus,SCOPUS_ID:105034665569,Multi-omics Mendelian randomization to identify novel immune therapeutic targets in benign prostatic hyperplasia,,2026,2026-07-01,10.1016/j.gendis.2025.101944,,,Zhu Z.,Genes and Diseases,Article,,https://www.scopus.com/inward/record.uri?partnerID=HzOxMe3b&scp=105034665569&origin=inward,False,page_0009.json.gz,True,False,True,False
scopus,SCOPUS_ID:105039199814,Structural decomposition enables multi-omics dissection of common and organ-specific aging,,2026,2026-01-01,10.1007/s11427-025-3242-5,,,Huang H.,Science China Life Sciences,Article,,https://www.scopus.com/inward/record.uri?partnerID=HzOxMe3b&scp=105039199814&origin=inward,False,page_0009.json.gz,True,True,False,False
scopus,SCOPUS_ID:105020426295,Multi-omics and machine learning identify FN1 and ALDH2 as diagnostic biomarkers and therapeutic targets in early and late diabetic kidney disease,,2025,2025-01-01,10.1080/0886022x.2025.2577849,41162187,,Lin J.,Renal Failure,Article,,https://www.scopus.com/inward/record.uri?partnerID=HzOxMe3b&scp=105020426295&origin=inward,False,page_0009.json.gz,True,False,False,False
scopus,SCOPUS_ID:105038354454,"A comparison of deep multiomics profiles across ethnicity, geography, and age",,2026,2026-05-14,10.1016/j.cell.2026.04.032,42134306,,Barapour N.,Cell,Article,,https://www.scopus.com/inward/record.uri?partnerID=HzOxMe3b&scp=105038354454&origin=inward,False,page_0009.json.gz,True,False,False,False
scopus,SCOPUS_ID:105036434772,Multi-Omics Reveals Mechanisms of Metabolic Rejuvenation in Aged Mice and Pre-Frail Older Men by Losartan,,2026,2026-05-01,10.1111/acel.70498,42017270,,Bene M.R.,Aging Cell,Article,,https://www.scopus.com/inward/record.uri?partnerID=HzOxMe3b&scp=105036434772&origin=inward,False,page_0009.json.gz,True,True,False,False
scopus,SCOPUS_ID:105031282989,Size-Dependent Disruption of Lipid Metabolism by Polystyrene Micro- and Nanoplastics in Caenorhabditis elegans Revealed Through Multi-Omics and Functional Genetic Validation,,2026,2026-02-01,10.3390/toxics14020170,,,Qu Z.,Toxics,Article,,https://www.scopus.com/inward/record.uri?partnerID=HzOxMe3b&scp=105031282989&origin=inward,False,page_0009.json.gz,True,False,False,False
