phase,suite_version,set_name,comparability_group,change,record_count,run_count,schema_success_rate,final_decision_exact_agreement,decisive_criteria_exact_agreement,all_tracked_criteria_exact_agreement,raw_reviewer_draft_exact_agreement,contract_verifier_field_unanimity_rate,manual_review_rate,unstable_record_count,final_route_unstable_record_count,acceptance_result,artifact_directory
preliminary_baseline,0.95.0,new_development_baseline_10,preliminary_only,Draft-conditioned contract verifiers; ten-record baseline.,10,5,1.0,1.0,1.0,1.0,0.9,0.9888888888888889,0.0,0,0,pass,data/screening/stability/development-v096-baseline-v0.95.0
initial_focus,0.96.0,new_development_focus_5,preliminary_only,Contract verifiers receive the source record without the specialist draft.,5,5,1.0,1.0,1.0,1.0,0.6,0.9822222222222222,0.0,0,0,pass,data/screening/stability/development-v096-focus5-v0.96.0
development,0.96.0,independent_development_50,development_50,Source-only verifier architecture evaluated on the full development set.,50,5,1.0,0.9,0.88,0.88,0.66,0.964625850340136,0.02,6,5,fail,data/screening/stability/development-full-50-v0.96.0
focused_iteration,0.96.0,unstable_focus_6_derived,same_focus_6,Post hoc subset of the six records unstable under v0.96.0.,6,5,1.0,0.16666666666666666,0.0,0.0,0.16666666666666666,0.7777777777777778,0.16666666666666666,6,5,diagnostic_derived_subset,data/screening/stability/development-full-50-v0.96.0
focused_iteration,0.97.0,unstable_focus_6,same_focus_6,Three-way categorical ties map to unclear; development-derived class boundaries were clarified.,6,5,1.0,0.8333333333333334,0.6666666666666666,0.6666666666666666,0.0,0.8851851851851852,0.0,2,1,fail,data/screening/stability/development-v096-unstable6-v0.97.0
focused_iteration,0.98.0,unstable_focus_6,same_focus_6,"Ellipsis and current-report attribution rules were aligned across reviewers, verifiers, and adjudication.",6,5,1.0,0.8333333333333334,0.8333333333333334,0.8333333333333334,0.0,0.9703703703703703,0.0,1,1,fail,data/screening/stability/development-v096-unstable6-v0.98.0
focused_iteration,0.99.0,unstable_focus_6,same_focus_6,Exclusionary no and nonempirical verifier values require unanimity.,6,5,1.0,1.0,1.0,1.0,0.3333333333333333,0.9592592592592593,0.0,0,0,pass,data/screening/stability/development-v096-unstable6-v0.99.0
development_confirmation,0.99.0,independent_development_50,development_50,Frozen candidate rerun on the complete development set.,50,5,1.0,1.0,1.0,1.0,0.66,0.9791111111111112,0.0,0,0,pass,data/screening/stability/development-full-50-v0.99.0
sealed_evaluation,0.99.0,sealed_v8_25,sealed_evaluation,One-time evaluation after candidate freeze commit d5646a9.,25,5,1.0,0.96,0.92,0.92,0.72,0.9635555555555556,0.0,2,1,fail,data/screening/stability/sealed-v8-v0.99.0
