record_id,doi,title,abstract_chars,within_new_maximum
doi:10.1001/jama.2012.9516,10.1001/jama.2012.9516,APC Gene testing for Familial Adenomatosis Polyposis,8108,True
doi:10.1002/1097-0215(20000901)87:5 3.0.co;2-i,10.1002/1097-0215(20000901)87:5 3.0.co;2-i,Seventh Japanese-German workshop on molecular and cellular aspects of carcinogenesis,20706,False
doi:10.1002/1097-0215(20000901)87:5 3.3.co;2-9,10.1002/1097-0215(20000901)87:5 3.3.co;2-9,Seventh Japanese–German workshop on molecular and cellular aspects of carcinogenesis,20706,False
doi:10.1002/1873-3468.13043,10.1002/1873-3468.13043,The Nordic EMBL Partnership – a paragon of collaboration,20593,False
doi:10.1002/ajh.27371,10.1002/ajh.27371,Improving healthspan among people with sickle cell disease: Leveraging precision health in an era of treatments with curative intent,6196,True
doi:10.1002/alz.12278,10.1002/alz.12278,Neuroscience Next 2020 Abstracts,18497,True
doi:10.1002/aps3.11471,10.1002/aps3.11471,Methodologies in gametophyte biology,16001,True
doi:10.1002/art.39759,10.1002/art.39759,Review: Long Noncoding RNAs in the Regulation of Inflammatory Pathways in Rheumatoid Arthritis and Osteoarthritis,20739,False
doi:10.1002/bes2.70072,10.1002/bes2.70072,Symposium Review: Wild Animal Welfare is in Our Backyards,19920,True
doi:10.1002/ctm2.1006,10.1002/ctm2.1006,"Metabolic dysregulation in patients with premature ovarian insufficiency revealed by integrated transcriptomic, methylomic and metabolomic analyses",7832,True
doi:10.1002/ctm2.1430,10.1002/ctm2.1430,Predictive value of DOT1L mutations for clinical outcomes in non‐small‐cell lung cancer patients receiving immune checkpoint inhibitor therapy,14199,True
doi:10.1002/ctm2.1608,10.1002/ctm2.1608,From intestinal metabolites to the brain: Investigating the mysteries of Long COVID,9694,True
doi:10.1002/ctm2.317,10.1002/ctm2.317,A folate receptor 3 SNP promotes mitochondria‐induced clonogenicity of CML leukemia cells: Implications for treatment free remission,7920,True
doi:10.1002/ctm2.70395,10.1002/ctm2.70395,Customised virus‐like particles: Opening a new chapter for clinical precision gene therapy,8694,True
doi:10.1002/ctm2.70625,10.1002/ctm2.70625,A population‐scale multi‐omics blueprint of immune gene regulation,8179,True
doi:10.1002/ctm2.70693,10.1002/ctm2.70693,Envisioning population‐scale immune multi‐omics atlas projects,9945,True
doi:10.1002/ddr.21854,10.1002/ddr.21854,Personalized treatments in neuropsychiatric disorders,6185,True
doi:10.1002/dvdy.21737,10.1002/dvdy.21737,"Annual Drosophila Research Conference, 2008",23878,False
doi:10.1002/dvdy.23806,10.1002/dvdy.23806,"Annual Drosophila Research Conference, 2012",22694,False
doi:10.1002/ehf2.14139,10.1002/ehf2.14139,Distinct Gut Microbiota Composition Among Older Adults with Myocardial Ageing,6102,True
doi:10.1002/ejhf.10,10.1002/ejhf.10,Meeting Highlights from the 2013 European Society of Cardiology Heart Failure Association Winter Meeting on Translational Heart Failure Research,22047,False
doi:10.1002/ejhf.1169,10.1002/ejhf.1169,"Acute Heart Failure: Lessons Learned, Roads Ahead",21225,False
doi:10.1002/ejhf.2246,10.1002/ejhf.2246,"Omics, machine learning, and personalized medicine in heart failure with preserved ejection fraction: promising future or false hope?",10354,True
doi:10.1002/hcs2.69,10.1002/hcs2.69,Development trends of etiological research contents and methods of noncommunicable diseases,18382,True
doi:10.1002/hep.27581,10.1002/hep.27581,Sofosbuvir modulates the intimate relationship between hepatitis C virus and lipids,15396,True
doi:10.1002/hon.2950,10.1002/hon.2950,Differential transcriptomic profiling in ibrutinib‐naïve versus ibrutinib‐resistant Richter syndrome,5309,True
doi:10.1002/humu.22757,10.1002/humu.22757,Germline & Somatic Mosaicism: The 2014 Annual Scientific Meeting of the Human Genome Variation Society,21146,False
doi:10.1002/imo2.70097,10.1002/imo2.70097,Beyond “you are what you eat”: Unlocking gut microbiota‐mediated biotransformation of dietary phytochemicals,25671,False
doi:10.1002/j.1939-4640.2003.tb03146.x,10.1002/j.1939-4640.2003.tb03146.x,Synopsis: 2003 Annual Meeting of the American Society of Andrology,17081,True
doi:10.1002/mco2.209,10.1002/mco2.209,Single‐cell transcriptome analysis of the mouse and primate ovaries reveals oocyte‐specific expression patterns of risk genes in ovarian aging,9091,True
doi:10.1002/mco2.682,10.1002/mco2.682,Time – The fourth dimension of immune cells,9074,True
doi:10.1002/mef2.101,10.1002/mef2.101,Unlocking longevity: How blocking IL‐11 signaling could extend healthspan and lifespan,7434,True
doi:10.1002/mrd.23722,10.1002/mrd.23722,"Sperm, eggs, pollen, and gelato, oh my!",19174,True
doi:10.1002/nbm.4127,10.1002/nbm.4127,Cancer metabolism and metabolomics,5598,True
doi:10.1002/pmic.201570213,10.1002/pmic.201570213,Proteomics in Marine Organisms,16181,True
doi:10.1002/pmic.202200535,10.1002/pmic.202200535,Post‐translational modification and phenotype,12795,True
doi:10.1002/prca.201470024,10.1002/prca.201470024,Proteomics and the Eye,6030,True
doi:10.1002/pul2.70023,10.1002/pul2.70023,The 7th International Leh Symposium: Lungs at High Altitude: Molecular Mechanisms and Therapeutics of Hypoxic Lung,25480,False
doi:10.1002/sctm.21-0138,10.1002/sctm.21-0138,IFSC 2020 Meeting Report,23126,False
doi:10.1002/wps.20675,10.1002/wps.20675,The crossroads of psychiatric epigenomics,8345,True
doi:10.1007/s00038-016-0828-6,10.1007/s00038-016-0828-6,Public Health Genomics: the essential part for good governance in public health,8068,True
doi:10.1007/s00112-022-01643-0,10.1007/s00112-022-01643-0,Abstracts der 96. Wissenschaftlichen Tagung der Gesellschaft für Pädiatrische Onkologie und Hämatologie (GPOH),9731,True
doi:10.1007/s11689-009-9005-z,10.1007/s11689-009-9005-z,Foreword for inaugural issue of Journal of Neurodevelopmental Disorders,6354,True
doi:10.1007/s12603-022-1808-6,10.1007/s12603-022-1808-6,A Golden Age of Aging Biomarker Discovery,5439,True
doi:10.1007/s13238-016-0347-5,10.1007/s13238-016-0347-5,The rising young scientist stars in China,10871,True
doi:10.1007/s13238-019-0617-0,10.1007/s13238-019-0617-0,Basic and translational aging research in China: present and future,22452,False
doi:10.1007/s13238-020-00805-8,10.1007/s13238-020-00805-8,"Roles of Tet2 in meiosis, fertility and reproductive aging",22886,False
doi:10.1007/s13337-022-00787-7,10.1007/s13337-022-00787-7,"Abstracts of the papers presented in the international conference of Indian Virological Society, VIROCON 2021 on “Emerging and Re-emerging Viral Diseases – Climate Change Impacts and Mitigation”, during March 26–28, 2022, at AIIMS, Hyderabad, India (Virtual Mode)",10000,True
doi:10.1007/s13539-012-0061-y,10.1007/s13539-012-0061-y,Recent developments in the treatment of cachexia: highlights from the 6th Cachexia Conference,20131,False
doi:10.1016/j.ard.2025.06.824,10.1016/j.ard.2025.06.824,POS1480-HPR EXPLORING THE CAUSAL RELATIONSHIP BETWEEN AGING AND AUTOIMMUNE DISEASES: A BIDIRECTIONAL MENDELIAN RANDOMIZATION STUDY,5312,True
doi:10.1016/j.atherosclerosis.2017.06.892,10.1016/j.atherosclerosis.2017.06.892,"Circulating miR-155, miR-145 and let-7c as diagnostic biomarkers of the coronary artery disease.",6125,True
doi:10.1016/j.biopsych.2013.01.004,10.1016/j.biopsych.2013.01.004,Connectomics Sheds New Light on Alzheimer's Disease,9903,True
doi:10.1016/j.cardiores.2005.03.004,10.1016/j.cardiores.2005.03.004,Aging hearts and vessels: Masters of adaptation and survival,12508,True
doi:10.1016/j.gpb.2015.09.003,10.1016/j.gpb.2015.09.003,Autoimmune Diseases in the Bioinformatics Paradigm,6105,True
doi:10.1016/j.jbc.2022.102437,10.1016/j.jbc.2022.102437,The RNA-binding protein AUF1 facilitates Akt phosphorylation at the membrane,27807,False
doi:10.1016/j.jid.2019.07.004,10.1016/j.jid.2019.07.004,Genome-wide association study of acne inversa in a multi-ethnic cohort,9518,True
doi:10.1016/j.jid.2020.03.360,10.1016/j.jid.2020.03.360,353 A polylysine dendrigraft able to balance acneic and non acneic strains of Cutibacterium acnes to prevent acne and skin imperfections,10000,True
doi:10.1016/j.jid.2024.03.018,10.1016/j.jid.2024.03.018,"Downregulation of OPN3 Gene Induces Ferroptosis, Apoptosis, and Pyroptosis of Human Dermal Fibroblasts In Vitro",20329,False
doi:10.1016/j.joca.2013.02.236,10.1016/j.joca.2013.02.236,FRZB is a critical modulator of canonical WNT signalling in cartilage biology,9194,True
doi:10.1016/j.metop.2023.100229,10.1016/j.metop.2023.100229,Editorial: Special issue: Non-alcoholic fatty liver disease: From molecular basis to therapeutic advances,5865,True
doi:10.1016/j.nbd.2010.02.006,10.1016/j.nbd.2010.02.006,Introduction: Epigenetics and neuropsychiatric diseases,8806,True
doi:10.1016/j.nbd.2021.105333,10.1016/j.nbd.2021.105333,Frontiers in neuroepigenetics.,5614,True
doi:10.1016/j.tig.2022.08.005,10.1016/j.tig.2022.08.005,Insights from multi-omics integration in complex disease primary tissues,29304,False
doi:10.1016/j.xcrm.2024.101650,10.1016/j.xcrm.2024.101650,Patient-derived tumor organoids to model drug response in gastric cancer,12007,True
doi:10.1016/s1063-4584(08)60031-x,10.1016/s1063-4584(08)60031-x,I-21 COMBINED TRANSCRIPTOME AND PROTEOME APPROACHES TO ELUCIDATE GENE EXPRESSION PATTERNS OF SYNOVIAL TISSUES AND SYNOVIAL FLUIDS FROM PATIENTS WITH RHEUMATOID ARTHRITIS VERSUS OSTEOARTHRITIS,8840,True
doi:10.1016/s1063-4584(08)60033-3,10.1016/s1063-4584(08)60033-3,I-23 EPIDEMIOLOGIC EVIDENCE FOR JOINT SHAPE AS A CAUSE OF OA,8840,True
doi:10.1021/cr200295k,10.1021/cr200295k,Bioinformatics and Systems Biology of the Lipidome,7060,True
doi:10.1021/pr070294o.s001,10.1021/pr070294o.s001,Global Quantitative Analysis of the IR Response of p53K317R Knock-in Mouse Thymocytes Differential Recovery of Peptides from Sample Tubes and the Reproducibility of Quantitative Proteomic Data,10000,True
doi:10.1038/msb.2009.12,10.1038/msb.2009.12,A landmark systems analysis of prion disease of the brain,7168,True
doi:10.1038/s41375-021-01184-7,10.1038/s41375-021-01184-7,Map of ubiquitin-like post-translational modifications in chronic lymphocytic leukemia. Role of p53 lysine 120 NEDDylation,11602,True
doi:10.1038/s41375-026-03034-w,10.1038/s41375-026-03034-w,Selective targeting of RSK signaling with PMD-026 suppresses FLT3-activated acute myeloid leukemia while sparing normal hematopoiesis,16823,True
doi:10.1038/s41392-021-00609-0,10.1038/s41392-021-00609-0,Modulating the tumor microenvironment via oncolytic virus and PI3K inhibition synergistically restores immune checkpoint therapy response in PTEN-deficient glioblastoma,5766,True
doi:10.1038/s41392-021-00842-7,10.1038/s41392-021-00842-7,MEOX1: a novel druggable target that orchestrates the activation of fibroblasts in cardiac fibrosis,5675,True
doi:10.1038/s41408-024-01035-5,10.1038/s41408-024-01035-5,Genetically determined telomere length and risk for haematologic diseases: results from large prospective cohorts and Mendelian Randomization analysis,12353,True
doi:10.1038/s41571-023-00852-0,10.1038/s41571-023-00852-0,"BRAF, a tumor-agnostic drug target with lineage-specific dependencies",5113,True
doi:10.1074/jbc.c400477200,10.1074/jbc.c400477200,DNA Methyltransferase Gene dDnmt2 and Longevity of Drosophila,17874,True
doi:10.1074/jbc.r200008200,10.1074/jbc.r200008200,The Ceramide-centric Universe of Lipid-mediated Cell Regulation: Stress Encounters of the Lipid Kind,24185,False
doi:10.1080/21505594.2015.1036218,10.1080/21505594.2015.1036218,Paving the way to acceptance of Galleria mellonella as a new model insect,6893,True
doi:10.1093/af/vfab053,10.1093/af/vfab053,Effects of sperm DNA methylation on domesticated animal performance and perspectives on cross-species epigenetics in animal breeding,24462,False
doi:10.1093/af/vfag005,10.1093/af/vfag005,Molecular composition of meats: a novel look at microRNAs as functional nutrients,20817,False
doi:10.1093/ajhp/zxae134,10.1093/ajhp/zxae134,The times are changing: A primer on novel clinical trial designs and endpoints in critical care research,23819,False
doi:10.1093/annonc/mdz246.051,10.1093/annonc/mdz246.051,A metabolomic recurrence score for risk-stratification of elderly patients (pts) with early colorectal cancer (eCRC),5446,True
doi:10.1093/clinchem/hvae004,10.1093/clinchem/hvae004,Proteomic Identification of Plasma Proteins Associated with Future Dementia Development,16552,True
doi:10.1093/cvr/cvaa294,10.1093/cvr/cvaa294,Ageing is associated with increased variability of cellular reprogramming and wound healing,12499,True
doi:10.1093/cvr/cvac146,10.1093/cvr/cvac146,Finding the culprit for the failure of the immune clock as time goes by,10336,True
doi:10.1093/cvr/cvp165,10.1093/cvr/cvp165,Identifying needs and opportunities for advancing translational research in cardiovascular disease,25053,False
doi:10.1093/eep/dvy012,10.1093/eep/dvy012,"Transgenerational epigenetic inheritance: from biology to society—Summary Latsis Symposium Aug 28–30, 2017, Zürich, Switzerland",21164,False
doi:10.1093/ehjcvp/pvae061,10.1093/ehjcvp/pvae061,Focus on different lipid-lowering treatment and genetic testing for optimal pharmacotherapy use in the clinic,5865,True
doi:10.1093/eurheartj/ehab747,10.1093/eurheartj/ehab747,New targets in vascular biology and new challenges in vascular medicine,14360,True
doi:10.1093/eurheartj/ehac394,10.1093/eurheartj/ehac394,From the garden to the clinic: how Mendelian randomization is shaping up atherosclerotic cardiovascular disease prevention strategies,9945,True
doi:10.1093/eurheartj/ehac621,10.1093/eurheartj/ehac621,Heart failure in cardio-oncology and adult congenital heart disease: new challenges and therapeutic targets,14207,True
doi:10.1093/eurheartj/ehad481,10.1093/eurheartj/ehad481,"Focus on translational vascular biology: new therapeutic targets in hypertension, aortic aneurysm, and atherosclerosis",20904,False
doi:10.1093/eurheartj/ehae038,10.1093/eurheartj/ehae038,Plasma proteins can tell your biological organs’ age (including the heart),9384,True
doi:10.1093/eurheartj/ehae643,10.1093/eurheartj/ehae643,New light shed on the treatment of heart failure and on novel therapeutic targets,19628,True
doi:10.1093/eurheartj/ehaf1019,10.1093/eurheartj/ehaf1019,The growing role of genomics and genetics in the management of cardiovascular diseases,9510,True
doi:10.1093/eurheartj/ehaf433,10.1093/eurheartj/ehaf433,"Leducq-funded network: calcification-omics, molecular elucidation, and therapeutics (COMET)",7013,True
doi:10.1093/eurheartj/ehaf715,10.1093/eurheartj/ehaf715,The future of heart replacement therapy: four frontiers of transformation,9078,True
doi:10.1093/eurheartj/ehaf720,10.1093/eurheartj/ehaf720,The management of heart failure: a brief look into the future,8215,True
doi:10.1093/eurheartj/ehaf920,10.1093/eurheartj/ehaf920,Atherothrombosis: its mechanisms and novel targets,20590,False
doi:10.1093/eurheartj/ehx027,10.1093/eurheartj/ehx027,Transitioning from usual care to biomarker-based personalized and precision medicine in heart failure: call for action,21315,False
doi:10.1093/eurheartj/ehx588,10.1093/eurheartj/ehx588,Stem cell therapy: from translational hurdles to new frontiers,9165,True
doi:10.1093/eurheartj/ehy371,10.1093/eurheartj/ehy371,Prevention: From Lifestyle Changes to Medication,11170,True
doi:10.1093/eurpub/ckaa212,10.1093/eurpub/ckaa212,The future of healthy aging: translation of geroscience discoveries to public health practice,5657,True
doi:10.1093/g3journal/jkab239,10.1093/g3journal/jkab239,The field of neurogenetics: where it stands and where it is going,9806,True
doi:10.1093/gbe/evaf094,10.1093/gbe/evaf094,Highlight: “Jumping Genes” Caught in an Aging Merry-Go-Round,7545,True
doi:10.1093/gerona/glab031,10.1093/gerona/glab031,Translational Gerontology Research to Understand the Effects of Medications in Older Adults,9579,True
doi:10.1093/gerona/gln058,10.1093/gerona/gln058,Current Thoughts on the Role of Mitochondria and Free Radicals in the Biology of Aging,15620,True
doi:10.1093/gerona/glp212,10.1093/gerona/glp212,The Role of mTOR Signaling in Controlling Mammalian Life Span: What a Fungicide Teaches Us About Longevity,22269,False
doi:10.1093/gerona/glz159,10.1093/gerona/glz159,Drosophila Flies in the Face of Aging,11019,True
doi:10.1093/humrep/deab137,10.1093/humrep/deab137,Association of medically assisted reproduction with offspring cord blood DNA methylation across cohorts.,5131,True
doi:10.1093/humrep/deaf252,10.1093/humrep/deaf252,Contribution of endometrial microbiome to inflammation-mediated infertility in women undergoing ART,5524,True
doi:10.1093/humrep/deag047,10.1093/humrep/deag047,Decoding serotonin in endometriosis: unveiling its role in disease pathogenesis via the gut-reproductive microbiota axis.,5337,True
doi:10.1093/icb/icad098,10.1093/icb/icad098,Octopus death and dying,16582,True
doi:10.1093/ije/30.4.661,10.1093/ije/30.4.661,Epidemiology and the genetic basis of disease,20224,False
doi:10.1093/ije/dyaa075,10.1093/ije/dyaa075,Cohort Profile: The Leipzig Research Center for Civilization Diseases–Heart Study (LIFE-Heart),18774,True
doi:10.1093/ije/dyaa231,10.1093/ije/dyaa231,The human exposome and health in the Anthropocene,22918,False
doi:10.1093/ije/dyad026,10.1093/ije/dyad026,Cohort Profile: The Northern Ireland Cohort for the Longitudinal Study of Ageing (NICOLA),23407,False
doi:10.1093/ije/dyae051,10.1093/ije/dyae051,Cohort Profile Update: The Glostrup Population Studies 1964–2024,28217,False
doi:10.1093/ije/dyaf139,10.1093/ije/dyaf139,"Cohort Profile Update: The Norwegian Mother, Father and Child Cohort (MoBa)",20790,False
doi:10.1093/ije/dyp240,10.1093/ije/dyp240,"Birth cohort studies: past, present and future",21042,False
doi:10.1093/ije/dyv198,10.1093/ije/dyv198,"From stem cells to the law courts: DNA methylation, the forensic epigenome and the possibility of a biosocial archive",24284,False
doi:10.1093/ije/dyx190,10.1093/ije/dyx190,Cohort Profile: Pregnancy And Childhood Epigenetics (PACE) Consortium,25078,False
doi:10.1093/ije/dyz073,10.1093/ije/dyz073,"Cohort Profile: Extended Cohort for E-health, Environment and DNA (EXCEED)",24777,False
doi:10.1093/ije/dyz174,10.1093/ije/dyz174,"Cohort Profile: East London Genes & Health (ELGH), a community-based population genomics and health study in British Bangladeshi and British Pakistani people",16723,True
doi:10.1093/ije/dyz254,10.1093/ije/dyz254,Polygenic risk scores and the prediction of common diseases,10990,True
doi:10.1093/ilar.38.1.32,10.1093/ilar.38.1.32,Transgenic Technology and Laboratory Animal Science,24321,False
doi:10.1093/ilar.38.3.124,10.1093/ilar.38.3.124,Use of Transgenic Mice in Aging Research,25236,False
doi:10.1093/infdis/jiac388,10.1093/infdis/jiac388,"Cognitive Health in Persons With Human Immunodeficiency Virus: The Impact of Early Treatment, Comorbidities, and Aging",22768,False
doi:10.1093/jxb/erag079,10.1093/jxb/erag079,Seed biology: the birth of plant life,14214,True
doi:10.1093/jxb/eru104,10.1093/jxb/eru104,A tribute to Ko Shimamoto (1949–2013),19682,True
doi:10.1093/jxb/ery070,10.1093/jxb/ery070,Plant autophagy: mechanisms and functions,18207,True
doi:10.1093/lifemedi/lnac018,10.1093/lifemedi/lnac018,The secret of youth: how is systemic rejuvenation achieved at the single cell level?,9850,True
doi:10.1093/lifemedi/lnac022,10.1093/lifemedi/lnac022,When spermatogenesis meets human aging and elevated body mass,5687,True
doi:10.1093/lifemedi/lnac041,10.1093/lifemedi/lnac041,Retrotransposon: a versatile player in human preimplantation development and health,10307,True
doi:10.1093/lifemedi/lnae020,10.1093/lifemedi/lnae020,Unlocking heart anti-aging potential: the SIRT2-STAT3-CDKN2B pathway as a bridge between fiction and reality,9485,True
doi:10.1093/lifemeta/load012,10.1093/lifemeta/load012,Glutathione restoration: a sword to combat skeletal muscle stem cell aging,9172,True
doi:10.1093/lifemeta/loae020,10.1093/lifemeta/loae020,Genome-wide CRISPR screens identify PTPN21 and WDR26 as modulators of the mitochondrial stress-induced ISR,23913,False
doi:10.1093/ndt/gfy244,10.1093/ndt/gfy244,Is vitamin D3 bad for the kidney?,9189,True
doi:10.1093/neuonc/noab260,10.1093/neuonc/noab260,Long telomeres in need of a SNP: Germline contributions of telomere maintenance to glioma,7148,True
doi:10.1093/neuonc/now196,10.1093/neuonc/now196,Highlights from the Literature,14670,True
doi:10.1093/neuonc/nox074,10.1093/neuonc/nox074,Highlights from the Literature,18163,True
doi:10.1093/neuonc/noy148.258,10.1093/neuonc/noy148.258,COMP-03. TUMOR CONNECTOME: INSIGHT INTO THE IMPACT OF CNS NEOPLASIA AND THERAPY ON THE BRAIN NETWORK,8091,True
doi:10.1093/nsr/nwaf225,10.1093/nsr/nwaf225,AIM: AI for microbiology,9963,True
doi:10.1093/nsr/nwx146,10.1093/nsr/nwx146,cGAS-STING pathway in senescence-related inflammation,9922,True
doi:10.1093/nsr/nwy136,10.1093/nsr/nwy136,Genome tagging project: tag every protein in mice through ‘artificial spermatids’,10558,True
doi:10.1093/ntr/ntae035,10.1093/ntr/ntae035,Deciphering the Multidimensional Effects of Tobacco Smoke and E-cigarette Aerosol in Humans and Rodents: From Behavior to Inflammation and Beyond,6061,True
doi:10.1093/nutrit/nuy054,10.1093/nutrit/nuy054,Introduction to the Fifth Global Summit on the Health Effects of Yogurt,10012,True
doi:10.1093/plphys/kiaa059,10.1093/plphys/kiaa059,On the Inside,10916,True
doi:10.1093/plphys/kiac182,10.1093/plphys/kiac182,A bZIP transcription factor accelerates the transition to reproductive tuber growth and aging in Solanum tuberosum,8082,True
doi:10.1093/procel/pwad012,10.1093/procel/pwad012,CRISPR-based screening identifies XPO7 as a positive regulator of senescence,22250,False
doi:10.1093/procel/pwae047,10.1093/procel/pwae047,A promising clinical technique to rescue women’s ovarian aging: engineered stem cell-based therapy with the help of AI,22550,False
doi:10.1093/qjmed/hcad072,10.1093/qjmed/hcad072,Scientific Business Abstracts,21834,False
doi:10.1093/sleep/zsab107,10.1093/sleep/zsab107,"Sleep and Big Data : harnessing data, technology, and analytics for monitoring sleep and improving diagnostics, prediction, and interventions—an era for Sleep-Omics ?",20084,False
doi:10.1093/treephys/tpy026,10.1093/treephys/tpy026,Branching out: a new era of investigating physiological processes in forest trees using genomic tools,21450,False
doi:10.1095/biolreprod.113.108498,10.1095/biolreprod.113.108498,WORLD OF REPRODUCTIVE BIOLOGY: Silent No More,11665,True
doi:10.1095/biolreprod.113.108647,10.1095/biolreprod.113.108647,WORLD OF REPRODUCTIVE BIOLOGY: Retroviruses May Drive Placental Diversity,11665,True
doi:10.1095/biolreprod.113.108704,10.1095/biolreprod.113.108704,WORLD OF REPRODUCTIVE BIOLOGY: Dysfunctional DNA Does In Female Fertility,11665,True
doi:10.1095/biolreprod.113.108985,10.1095/biolreprod.113.108985,WORLD OF REPRODUCTIVE BIOLOGY: Epigenetics: Get Them While They're Young,11665,True
doi:10.1095/biolreprod.113.109199,10.1095/biolreprod.113.109199,World of Reproductive Biology,11665,True
doi:10.1095/biolreprod.114.117291,10.1095/biolreprod.114.117291,WORLD OF REPRODUCTIVE BIOLOGY: IVF--It's the Hormones,15252,True
doi:10.1095/biolreprod.114.117317,10.1095/biolreprod.114.117317,WORLD OF REPRODUCTIVE BIOLOGY: Single-Cell Technique Peers into Oocyte DNA,15252,True
doi:10.1095/biolreprod.114.117887,10.1095/biolreprod.114.117887,WORLD OF REPRODUCTIVE BIOLOGY: Mendel Meets Imprinting,15252,True
doi:10.1095/biolreprod.114.118208,10.1095/biolreprod.114.118208,WORLD OF REPRODUCTIVE BIOLOGY: A Little Seminal Fluid Goes a Long Way,15252,True
doi:10.1095/biolreprod.114.118216,10.1095/biolreprod.114.118216,World of Reproductive Biology,15252,True
doi:10.1096/fj.202002065,10.1096/fj.202002065,"The 2020 FASEB Science Research Conference on Translational Neuroimmunology: From Mechanisms to Therapeutics, June 29‐30, 2020",10544,True
doi:10.1096/fj.202100317,10.1096/fj.202100317,"The 2020 FASEB virtual Catalyst Conference on Integrative Approach for Complex Diseases Prevention and Management and Beyond, December 16, 2020",6157,True
doi:10.1096/fj.202201027,10.1096/fj.202201027,"The 2022 FASEB virtual Catalyst Conference on B Cells in Injury and Regeneration, March 30, 2022",13924,True
doi:10.1097/00029330-200708020-00021,10.1097/00029330-200708020-00021,2007 Changsha International Symposium on Lupus,10901,True
doi:10.1097/01.cot.0000314394.41199.d1,10.1097/01.cot.0000314394.41199.d1,Invasive Bladder Cancer,20010,False
doi:10.1097/01.cot.0001017128.07056.c1,10.1097/01.cot.0001017128.07056.c1,Shop Talk,20004,False
doi:10.1097/01.jcma.0001096048.54396.64,10.1097/01.jcma.0001096048.54396.64,Title Index,19298,True
doi:10.1097/01.jcma.0001177672.68128.57,10.1097/01.jcma.0001177672.68128.57,Title Index,16258,True
doi:10.1097/01.qai.0000532481.31513.89,10.1097/01.qai.0000532481.31513.89,Speaker Schedule,24837,False
doi:10.1097/aln.0000000000001180,10.1097/aln.0000000000001180,Fallacy…. Really?,6909,True
doi:10.1097/aln.0000000000005112,10.1097/aln.0000000000005112,"Science, Medicine, and the Anesthesiologist",16799,True
doi:10.1097/bs9.0000000000000041,10.1097/bs9.0000000000000041,"The convergence of hematology and immunology (November 13–15; Tianjin, China)",19428,True
doi:10.1097/bs9.0000000000000147,10.1097/bs9.0000000000000147,"The eighth International Forum on Stem Cells: virtual meeting, October 20–21, 2022",23750,False
doi:10.1097/cm9.0000000000001829,10.1097/cm9.0000000000001829,Akkermansia muciniphila in inflammatory bowel disease and colorectal cancer,13233,True
doi:10.1097/cm9.0000000000002473,10.1097/cm9.0000000000002473,Identification of novel candidate genes in East Asian COPD patients by the functional summary-based imputation and the unified test for molecular signatures: a transcriptome-wide association study,10872,True
doi:10.1097/cm9.0000000000003715,10.1097/cm9.0000000000003715,Global challenges and development of heart transplantation: Wuhan Protocol development and clinical implementation,9210,True
doi:10.1097/fjc.0000000000000863,10.1097/fjc.0000000000000863,Deciphering the Mechanisms Behind Cardiovascular Disease: Long Noncoding RNAs as Key Molecular Signaling Hubs and Biomarkers of Atherosclerosis,11176,True
doi:10.1097/gox.0000000000005319,10.1097/gox.0000000000005319,PSTM Abstract Supplement Table of Contents,21664,False
doi:10.1097/hjh.0b013e32834ee23c,10.1097/hjh.0b013e32834ee23c,Essential hypertension,15848,True
doi:10.1097/hm9.0000000000000141,10.1097/hm9.0000000000000141,World’s top 50 high-impact research studies in traditional medicine in 2024,16000,True
doi:10.1097/hs9.0000000000000036,10.1097/hs9.0000000000000036,Stem Cells Spirited Away by Alcohol‐Induced DNA Damage,7239,True
doi:10.1097/hs9.0000000000000635,10.1097/hs9.0000000000000635,The EHA Research Roadmap: Malignant Myeloid Diseases,24402,False
doi:10.1097/hs9.0000000000000643,10.1097/hs9.0000000000000643,The EHA Research Roadmap: Blood Coagulation and Hemostatic Disorders,24376,False
doi:10.1097/hs9.0000000000000669,10.1097/hs9.0000000000000669,The EHA Research Roadmap: Normal Hematopoiesis,24949,False
doi:10.1097/hs9.0000000000000671,10.1097/hs9.0000000000000671,The EHA Research Roadmap: Hematopoietic Stem Cell Gene Therapy,24917,False
doi:10.1097/hs9.0000000000000714,10.1097/hs9.0000000000000714,The EHA Research Roadmap: Hematopoietic Stem Cells and Allotransplantation,19385,True
doi:10.1097/hs9.0000000000000816,10.1097/hs9.0000000000000816,Reporting From the First EHA Research Conference: Exciting Science With Panoramic Views,9798,True
doi:10.1097/hs9.0000000000000947,10.1097/hs9.0000000000000947,Genetic Predisposition to Clonal Hematopoiesis,20287,False
doi:10.1097/imna-d-25-00063,10.1097/imna-d-25-00063,Vascular Calcification in Chronic Kidney Disease: Targeting Cellular Senescence with Traditional Chinese Medicines,10672,True
doi:10.1097/jbr.0000000000000140,10.1097/jbr.0000000000000140,"A new ""single"" era of biomedicine and implications in disease research",24074,False
doi:10.1097/jd9.0000000000000068,10.1097/jd9.0000000000000068,Pathogenesis of Photoaging in Human Dermal Fibroblasts,19475,True
doi:10.1097/jd9.0000000000000087,10.1097/jd9.0000000000000087,Beta Human Papillomavirus and Merkel Cell Polyomavirus in Skin Neoplasms,22885,False
doi:10.1097/md.0000000000029313,10.1097/md.0000000000029313,Proceedings of the 25th Annual Meeting of the Portuguese Society of Human Genetics (SPGH – Sociedade Portuguesa de Genética Humana),22656,False
doi:10.1097/md.0000000000033154,10.1097/md.0000000000033154,"Proceedings of the 26th Annual Meeting of the Portuguese Society of Human Genetics (SPGH – Sociedade Portuguesa de Genética Humana) Coimbra, 17–19 November 2022",23249,False
doi:10.1097/ms9.0000000000005037,10.1097/ms9.0000000000005037,AI-driven predictive modeling of sarcopenia progression in limbic-predominant age-related TDP-43 encephalopathy: a novel biomarker fusion approach,5601,True
doi:10.1097/pn9.0000000000000059,10.1097/pn9.0000000000000059,Nutritional care is the first-line therapy for many conditions,22290,False
doi:10.1097/shk.0000000000001819,10.1097/shk.0000000000001819,"What's New in Shock, July 2021?",17606,True
doi:10.1097/shk.0b013e3182597cab,10.1097/shk.0b013e3182597cab,Seventh Congress of the International Federation of Shock Societies Thirty-Fifth Annual Conference on Shock,22412,False
doi:10.1101/105288,10.1101/105288,“Integrative genomics study of microglial transcriptome reveals effect of DLG4 (PSD95) on white matter in preterm infants”,6710,True
doi:10.1101/2023.12.16.571594,10.1101/2023.12.16.571594,"Within-subject changes in methylome profile identify individual signatures of early-life adversity, with a potential to predict neuropsychiatric outcome",5587,True
doi:10.1101/2025.06.19.660635,10.1101/2025.06.19.660635,Downregulation of LATS1/2 Drives Endothelial Senescence-Associated Stemness (SAS) and Atherothrombotic Lesion Formation,5081,True
doi:10.1104/pp.104.042531,10.1104/pp.104.042531,Stress-Induced Cell Reprogramming. A Role for Global Genome Regulation?,22543,False
doi:10.1104/pp.104.900230,10.1104/pp.104.900230,On the Inside,10334,True
doi:10.1104/pp.104.900273,10.1104/pp.104.900273,On the Inside,11974,True
doi:10.1104/pp.110.161430,10.1104/pp.110.161430,Flavonoids and Isoflavonoids: From Plant Biology to Agriculture and Neuroscience,16492,True
doi:10.1104/pp.110.900319,10.1104/pp.110.900319,On the Inside,11243,True
doi:10.1104/pp.111.188052,10.1104/pp.111.188052,"Nucleoli: Composition, Function, and Dynamics",23002,False
doi:10.1104/pp.112.199869,10.1104/pp.112.199869,Ubiquitin on the Move: The Ubiquitin Modification System Plays Diverse Roles in the Regulation of Endoplasmic Reticulum- and Plasma Membrane-Localized Proteins,22216,False
doi:10.1104/pp.113.900456,10.1104/pp.113.900456,On the Inside,11346,True
doi:10.1104/pp.17.00972,10.1104/pp.17.00972,On the Inside,10718,True
doi:10.1111/1751-7915.12181,10.1111/1751-7915.12181,Silent clusters – speak up!,6658,True
doi:10.1111/all.15581,10.1111/all.15581,Single‐cell analysis of allergic diseases,5597,True
doi:10.1111/apha.12348,10.1111/apha.12348,Is muscle hypertrophy following resistance exercise regulated by truncated splice variants of PGC-1 α ?,9406,True
doi:10.1111/apha.13372,10.1111/apha.13372,Therapeutic potential for miR‐133a/b to prevent Zinc Finger Homeobox 3 loss of function‐dependent Atrial Fibrillation,7556,True
doi:10.1111/bjd.21181,10.1111/bjd.21181,P59: Basal cell carcinoma exhibits novel cancer immune evasion via ectodomain shed CD200,5765,True
doi:10.1111/bjd.21182,10.1111/bjd.21182,P60: Merkel cell cancer: the need to standardize care,5765,True
doi:10.1111/bjh.70172,10.1111/bjh.70172,UHRF2 as a genetic correlate of hospitalization in sickle cell disease,13194,True
doi:10.1111/ddg.12403,10.1111/ddg.12403,From skin to other cell types of the body,11887,True
doi:10.1111/eva.12616,10.1111/eva.12616,"Fourth International Biannual Evolution and Cancer Conference (Resistance, resilience, and robustness: Can we target cancer's evolutionary and ecological nature?)",23413,False
doi:10.1111/exd.12771,10.1111/exd.12771,All is balanced: inter‐ α ‐trypsin inhibitors as unseen extracellular matrix proteins in epidermal morphology and differentiation,6582,True
doi:10.1111/gbb.12646,10.1111/gbb.12646,Sex differences in mechanisms of disease,6551,True
doi:10.1111/ijd.17874,10.1111/ijd.17874,Photophagy: Unveiling a Novel Cellular Mechanism in UVB ‐Induced Skin Aging and Resilience,12193,True
doi:10.1111/imr.13311,10.1111/imr.13311,Inborn errors of immunity illuminate mechanisms of human immunology and pave the road to precision medicine,21816,False
doi:10.1111/imr.13423,10.1111/imr.13423,Introduction,21774,False
doi:10.1111/j.1349-7006.2005.00034.x,10.1111/j.1349-7006.2005.00034.x,"Cancer and epigenetics – basic research and clinical implications: Joint Meeting of the Fourteenth International Symposium of the Hiroshima Cancer Seminar and the Eighth Meeting of the Tottori Bioscience Promotion Foundation, October 2004",21056,False
doi:10.1111/j.1399-3054.2006.00706.x,10.1111/j.1399-3054.2006.00706.x,Focus: Plant sciences in Korea,20121,False
doi:10.1111/j.1440-1746.2012.07142.x,10.1111/j.1440-1746.2012.07142.x,Lessons from Lumiracoxib: Are cyclooxygenase‐2 inhibitors less hepatotoxic than non‐selective non‐steroidal anti‐inflammatory drugs?,7278,True
doi:10.1111/j.1440-1843.2009.01702.x,10.1111/j.1440-1843.2009.01702.x,"Year‐in‐review 2009: Asthma, COPD and airway biology",24270,False
doi:10.1111/j.1469-8137.2007.02106.x,10.1111/j.1469-8137.2007.02106.x,Transcriptional or post‐transcriptional regulation – how does a plant know when to senesce?,10005,True
doi:10.1111/j.1474-9726.2005.00143.x,10.1111/j.1474-9726.2005.00143.x,Drosophila longevity is not affected by heterochromatin‐mediated gene silencing,8239,True
doi:10.1111/j.1567-1364.2007.00222.x,10.1111/j.1567-1364.2007.00222.x,"Conspiracy of yeast killers: The fifth international meeting on yeast apoptosis in Prague, Czech Republic, 3â7 September, 2006",16209,True
doi:10.1111/j.1600-0625.2006.00456.x,10.1111/j.1600-0625.2006.00456.x,Notes from the Arbeitsgemeinschaft Dermatologische Forschung (ADF),10203,True
doi:10.1111/j.1601-183x.2006.00222.x,10.1111/j.1601-183x.2006.00222.x,From genes to neurons to brain,15581,True
doi:10.1111/j.1751-7915.2009.00090_16.x,10.1111/j.1751-7915.2009.00090_16.x,Measurements versus understanding: the (metabol)omics dilemma,6828,True
doi:10.1111/j.1751-7915.2009.00090_18.x,10.1111/j.1751-7915.2009.00090_18.x,Human biome biotechnology and the personalization of odour profiles*,9405,True
doi:10.1111/j.1751-7915.2009.00159.x,10.1111/j.1751-7915.2009.00159.x,Probiotics genomics,17434,True
doi:10.1111/jcmm.14657,10.1111/jcmm.14657,Effect of oxidative stress and 3‐hydroxytyrosol on DNA methylation levels of miR‐9 promoters,11195,True
doi:10.1111/jcmm.71017,10.1111/jcmm.71017,dock11 Knockdown in Zebrafish Disrupts Embryogenesis: Insights Into the Genetic Causes of Early Pregnancy Loss,7625,True
doi:10.1111/jdi.12150,10.1111/jdi.12150,Epigenetics: Reprogrammable interface of the genome and environments,6735,True
doi:10.1111/jgh.16182,10.1111/jgh.16182,Is this the end of colonoscopy screening for colorectal cancer? An Asia‐Pacific perspective,15729,True
doi:10.1111/jocd.16780,10.1111/jocd.16780,Epigenetic Modifications and the Role of Medical Lasers in Enhancing Skin Regeneration,14323,True
doi:10.1111/jocd.70150,10.1111/jocd.70150,Navigating the Intersection of Lasers and the Skin Microbiome: A New Frontier in Esthetic Dermatology,22872,False
doi:10.1111/nbu.12575,10.1111/nbu.12575,Vitamin D: One hundred years on,19269,True
doi:10.1111/resp.13285,10.1111/resp.13285,Year in review 2017: Chronic obstructive pulmonary disease and asthma,20658,False
doi:10.1111/resp.13782,10.1111/resp.13782,Contemporary Concise Review 2019: Chronic obstructive pulmonary disease,14718,True
doi:10.1111/tra.12697,10.1111/tra.12697,Looking back to traffic forward: A tribute to Thomas Kreis (1952‐1998) and his inspiration,8017,True
doi:10.1111/trf.18129,10.1111/trf.18129,A monthly roundup of key articles in other journals,13471,True
doi:10.1113/jp280366,10.1113/jp280366,Exercise: it's only a matter of time,11358,True
doi:10.1113/jp282134,10.1113/jp282134,Circadian control of skeletal muscle adaptations to exercise,8827,True
doi:10.1113/jp283190,10.1113/jp283190,Maternal obesity: influencing the heart right from the start,7778,True
doi:10.1113/jp285654,10.1113/jp285654,Extracellular vesicles in organ and systems function in health and disease,22995,False
doi:10.1113/jp287235,10.1113/jp287235,Epigenome–proteome integration in aged skeletal muscle after exercise training,10706,True
doi:10.1126/science.aau4732,10.1126/science.aau4732,Effects of microbiota-directed foods in gnotobiotic animals and undernourished children,6204,True
doi:10.1126/science.abd0875,10.1126/science.abd0875,QSER1 Protects DNA Methylation Valleys from De Novo Methylation,6002,True
doi:10.1126/science.abm2948,10.1126/science.abm2948,Natural history–guided omics reveals plant defensive chemistry against leafhopper pests,6279,True
doi:10.1126/science.abn5647,10.1126/science.abn5647,Enhanced T Cell Effector Activity by Targeting Mediator Kinase Module,6905,True
doi:10.1126/science.add1236,10.1126/science.add1236,ApoE isoform and microbiota-dependent progression of neurodegeneration in a mouse model of tauopathy,5979,True
doi:10.1136/bmjopen-2025-112826,10.1136/bmjopen-2025-112826,"Efficacy of bumetanide for cognitive improvement in children and adolescents with Down syndrome: study protocol of a randomised, double-blind, placebo-controlled trial",5036,True
doi:10.1155/2010/398926,10.1155/2010/398926,Lipid Mediators in Skin Inflammation: Updates and Current Views,6463,True
doi:10.1155/2014/263189,10.1155/2014/263189,Computational and Bioinformatics Techniques for Immunology,8121,True
doi:10.1155/2014/893068,10.1155/2014/893068,Emerging Biomarkers in Renal Damage,5174,True
doi:10.1155/2015/275631,10.1155/2015/275631,Recent Advances and Future Perspective in Microbiota and Probiotics,7802,True
doi:10.1155/2016/9415645,10.1155/2016/9415645,Genomics and Metabolomics in Obesity and Type 2 Diabetes,7172,True
doi:10.1155/s1110724302207032,10.1155/s1110724302207032,All We Are Saying Is Give Plants a Chance!,9213,True
doi:10.1158/0008-5472.4667.75.22,10.1158/0008-5472.4667.75.22,Highlights from Recent Cancer Literature,7152,True
doi:10.1158/0008-5472.7159.74.24,10.1158/0008-5472.7159.74.24,Highlights from Recent Cancer Literature,6941,True
doi:10.1158/0008-5472.can-04-1991,10.1158/0008-5472.can-04-1991,Highlights of the National Cancer Institute Workshop on Mitochondrial Function and Cancer,22999,False
doi:10.1158/1535-7163.mct-17-1244,10.1158/1535-7163.mct-17-1244,Refining Radiation for the Next Century,13974,True
doi:10.1158/1538-7445.am2025-sy02-01,10.1158/1538-7445.am2025-sy02-01,Abstract SY02-01: Inflammatory memory and selective advantage in human clonal hematopoiesis,8154,True
doi:10.1158/1557-3265.sabcs24-p4-08-16,10.1158/1557-3265.sabcs24-p4-08-16,Abstract P4-08-16: Modulating Gut Microbiota to enhance the efficacy of Immunotherapy in Triple Negative Breast Cancer (TNBC),6147,True
doi:10.1158/2159-8290.cd-12-12-iti,10.1158/2159-8290.cd-12-12-iti,In This Issue,7712,True
doi:10.1158/2159-8290.cd-13-2-iti,10.1158/2159-8290.cd-13-2-iti,In This Issue,8324,True
doi:10.1158/2159-8290.cd-16-3-iti,10.1158/2159-8290.cd-16-3-iti,Highlighted Research Articles,6327,True
doi:10.1161/circresaha.118.313940,10.1161/circresaha.118.313940,Introduction to Cardiovascular Aging Compendium.,5816,True
doi:10.1165/rcmb.2019-0156ed,10.1165/rcmb.2019-0156ed,RNA Sequencing: A Potentiator of Discovery-based Research,6077,True
doi:10.1165/rcmb.2021-0238ed,10.1165/rcmb.2021-0238ed,Integrated 'Omics in Idiopathic Pulmonary Fibrosis: Where Do We Go from Here?,5759,True
doi:10.1176/appi.pn.2019.1b6,10.1176/appi.pn.2019.1b6,AJP Editors Select 2018 Favorites,6785,True
doi:10.1176/appi.pn.2024.01.1.23,10.1176/appi.pn.2024.01.1.23,"Special Report: Positive Psychiatry Shines Light on Patients’ Strengths, Wisdom",24206,False
doi:10.1176/appi.pn.2024.03.3.19,10.1176/appi.pn.2024.03.3.19,Special Report: Lifestyle Psychiatry Emphasizes Behaviors Supporting Mental Health,23751,False
doi:10.1177/0148607113508783,10.1177/0148607113508783,American Society for Parenteral and Enteral Nutrition Research Agenda,22892,False
doi:10.1182/blood-2018-154,10.1182/blood-2018-154,"Phase II Trial of Combination of Elotuzumab, Lenalidomide, and Dexamethasone in High-Risk Smoldering Multiple Myeloma",6668,True
doi:10.1182/blood-2018-99-116280,10.1182/blood-2018-99-116280,"A Phase II Study of the Efficacy and Safety of Lenalidomide, Subcutaneous Bortezomib and Dexamethasone (RVD) Combination Therapy for Patients with Newly Diagnosed Multiple Myeloma: Promising Activity and Manageable Toxicity, Including in High Risk Disease",5919,True
doi:10.1182/blood-2019-129411,10.1182/blood-2019-129411,Phase I Trial Using CD19/CD22 Bispecific CAR T Cells in Pediatric and Adult Acute Lymphoblastic Leukemia (ALL),6282,True
doi:10.1182/blood-2021-148332,10.1182/blood-2021-148332,Clinical and Biological Effects of Combined CD27 and CD20 Antibody Therapy in Relapsed/Refractory B-Cell Lymphoma: The Riva Trial,7834,True
doi:10.1182/blood-2021-149173,10.1182/blood-2021-149173,Myeloid Sarcoma Reveals a Unique Tumor Micro-Environment and Differential Prognosis Based on Transplant Status and Type of Treatment Received,5415,True
doi:10.1182/blood-2021-150684,10.1182/blood-2021-150684,Daratumumab Versus Lenalidomide Maintenance Therapy for Multiple Myeloma: A Randomized Pilot Study Comparing Patient-Reported Health Related Quality of Life Measures,6875,True
doi:10.1182/blood-2021-152684,10.1182/blood-2021-152684,Aging-Associated Epigenetic Reprogramming Alters the Germinal Center Reaction and Targets Pathways Related to Lymphomagenesis,5136,True
doi:10.1182/blood-2021-153550,10.1182/blood-2021-153550,Single-Cell Transcriptomics Study of Human Hematopoietic Progenitors Reveals Alterations Associated with Aging and Myeloid Malignancies,5633,True
doi:10.1182/blood-2021-154521,10.1182/blood-2021-154521,Establishing a Novel Pipeline That Combines in-Silico Prediction with in-Vitro and Ex-Vivo Validation to Discover Secondary Drug Combinations Against Relapsed and/or Refractory Multiple Myeloma,5525,True
doi:10.1186/gb4148,10.1186/gb4148,Progress in genomics according to bingo: 2013 edition,8041,True
doi:10.1186/gm394,10.1186/gm394,Pharmacogenomics: a key component of personalized therapy,7430,True
doi:10.1186/s12864-016-2858-0,10.1186/s12864-016-2858-0,"Abstracts from the 3rd International Genomic Medicine Conference (3rd IGMC 2015) : Jeddah, Kingdom of Saudi Arabia. 30 November - 3 December 2015.",33892,False
doi:10.1186/s13027-022-00435-1,10.1186/s13027-022-00435-1,"Abstracts from “Chronic viral infection and cancer, openings for vaccines” virtual symposium of the TechVac network",10000,True
doi:10.1210/en.2014-1624,10.1210/en.2014-1624,Expression of the Vitamin D Receptor in Skeletal Muscle: Are We There Yet?,18060,True
doi:10.1210/en.2017-00611,10.1210/en.2017-00611,High-Fat Diet and Pregnancy: Are You Ready To Take Risks for Your Offspring?,10922,True
doi:10.1210/jc.2007-2078,10.1210/jc.2007-2078,"Phenomics, Lamin A/C, and Metabolic Disease",12941,True
doi:10.1212/nxg.0000000000000100,10.1212/nxg.0000000000000100,"19th Workshop of the International Stroke Genetics Consortium, April 28–29, 2016, Boston, Massachusetts, USA",10000,True
doi:10.1242/dev.205306,10.1242/dev.205306,In preprints: cell type-specific gene regulation through the lens of echinoderms,10905,True
doi:10.1289/ehp12012,10.1289/ehp12012,"Invited Perspective: PFOS–Pick Fiber, Oust Sulfonate",7173,True
doi:10.13005/ojc/400635,10.13005/ojc/400635,"Plant Mediated Synthesis Cu-Ag-Ru Trimetallic Nanoparticles Using Andrographis Paniculata extract: Antibacterial, Anticancer and Photocatalytic Activities",8991,True
doi:10.1373/clinchem.2012.187047,10.1373/clinchem.2012.187047,"Reflection on the Discovery of Carcinoembryonic Antigen, Prostate-Specific Antigen, and Cancer Antigens CA125 and CA19-9",22049,False
doi:10.1373/clinchem.2016.266114,10.1373/clinchem.2016.266114,Genomics-Inspired Biomarkers and Diagnostics—Where Are They?,11331,True
doi:10.1373/clinchem.2017.273672,10.1373/clinchem.2017.273672,Wellness Initiatives: Benefits and Limitations,20804,False
doi:10.1373/clinchem.2017.274084,10.1373/clinchem.2017.274084,Dietary Fat: Friend or Foe?,23268,False
doi:10.1373/clinchem.2018.287284,10.1373/clinchem.2018.287284,The Microbiome and Men's Health,23851,False
doi:10.1373/clinchem.2018.291062,10.1373/clinchem.2018.291062,A Blueprint for Systems Biology,6608,True
doi:10.1513/annalsats.201508-521mg,10.1513/annalsats.201508-521mg,Nasal Microbiome Composition Is Associated with Chitotriosidase (Chit1) Activity in Adult Hutterites.,5503,True
doi:10.1525/bio.2013.63.3.11,10.1525/bio.2013.63.3.11,Defining Epigenetics in Deterministic Terms,19856,True
doi:10.1534/genetics.116.187864,10.1534/genetics.116.187864,The Sustained Impact of Model Organisms—in Genetics and Epigenetics,11177,True
doi:10.1634/theoncologist.2016-ma-1,10.1634/theoncologist.2016-ma-1,"Chabner Colloquium: Answering the Big Questions in Cancer Research & 2016 STO Annual Meeting (Boston, MA: November 11-12, 2016)",10000,True
doi:10.1634/theoncologist.2019-ma-1,10.1634/theoncologist.2019-ma-1,10th Chabner Colloquium: Answering the Big Questions in Cancer Research,7456,True
doi:10.1681/asn.2014111157,10.1681/asn.2014111157,Gut Feeling in AKI,10279,True
doi:10.17605/osf.io/gt3sj,10.17605/osf.io/gt3sj,Keyora Astaxanthin Series,9834,True
doi:10.17912/micropub.biology.000288,10.17912/micropub.biology.000288,Caspar SUMOylation regulates Drosophila lifespan,8238,True
doi:10.18174/266223,10.18174/266223,High fat challenges and detection of early perturbations in endothelial health : the use of a comprehensive phenotyping approach,5317,True
doi:10.18174/288708,10.18174/288708,Insertional mutagenesis in the vascular wilt pathogen Verticillium dahliae,5311,True
doi:10.18632/aging.100466,10.18632/aging.100466,To the heart of the problem. mIGF-1: local effort for global impact,6321,True
doi:10.18632/aging.100774,10.18632/aging.100774,Age cutoff in lymphoma diagnosis,6475,True
doi:10.18632/oncoscience.154,10.18632/oncoscience.154,Oncogene-induced NAD+ depletion in tumorigenesis,6853,True
doi:10.2106/jbjs.23.01003,10.2106/jbjs.23.01003,What’s New in Musculoskeletal Basic Science,20963,False
doi:10.2106/jbjs.24.01086,10.2106/jbjs.24.01086,What’s New in Musculoskeletal Basic Science,21487,False
doi:10.2164/jandrol.05125,10.2164/jandrol.05125,Synopsis: 2005 Annual Meeting of the American Society of Andrology,23577,False
doi:10.2215/cjn.14931218,10.2215/cjn.14931218,Assessing Clinical Relevance of Uremic Toxins,9302,True
doi:10.2217/epi-2016-0099,10.2217/epi-2016-0099,Can we Identify Meaningful Epigenetic Effects on Human Brain Function and Related Risk for Mental Illness?,20701,False
doi:10.2217/epi-2023-0112,10.2217/epi-2023-0112,The Epigenetic Landscape: How Environmental Cues Shape Gene Expression,5116,True
doi:10.31635/ccschem.019.20180034,10.31635/ccschem.019.20180034,Amyloid β and Tumorigenesis: Amyloid β-Induced Telomere Dysfunction in Tumor Cells,26392,False
doi:10.3201/eid1104.041142,10.3201/eid1104.041142,Workshop on Carbohydrate Moieties as Vaccine Candidates,7113,True
doi:10.3389/fcimb.2012.00144,10.3389/fcimb.2012.00144,Human gut microbiota: onset and shaping through life stages and perturbations,9315,True
doi:10.3389/fcvm.2014.00002,10.3389/fcvm.2014.00002,The Grand Challenge of Cardiovascular Epidemiology: Turning the Tide,9650,True
doi:10.3389/fendo.2025.1651141,10.3389/fendo.2025.1651141,Specialty grand challenge: existing issues and emerging frontiers in renal endocrinology,16819,True
doi:10.3389/fgene.2024.1421955,10.3389/fgene.2024.1421955,Data report on gene expression after hepatic portal vein ligation (PVL) in rats,16447,True
doi:10.3389/fimmu.2026.1718849,10.3389/fimmu.2026.1718849,UNC93B1 promotes pancreatic cancer progression through modulation of cGAS–STING signaling,5765,True
doi:10.3389/fimmu.2026.1780328,10.3389/fimmu.2026.1780328,Targeting the miR-32533/CREB5 axis: a promising immunomodulatory and therapeutic strategy for Alzheimer’s disease,13423,True
doi:10.3389/fimmu.2026.1822628,10.3389/fimmu.2026.1822628,Denosumab in osteoarthritis: from mechanism to clinical translation,17793,True
doi:10.3389/fmicb.2011.00063,10.3389/fmicb.2011.00063,Genomic Analyses of Clonal Isolates Provide Clues to the Evolution of Streptococcus pneumoniae,6987,True
doi:10.3389/fnagi.2025.1675694,10.3389/fnagi.2025.1675694,"Regulatory mechanisms of neuro inflammation from a gender perspective: interactions among astrocytes, sex hormones, and the gut-brain axis",17085,True
doi:10.3389/fneph.2025.1719673,10.3389/fneph.2025.1719673,"Charting the future of cardiorenal medicine: a vision for integration, innovation, and impact",14700,True
doi:10.3389/fnmol.2025.1716805,10.3389/fnmol.2025.1716805,Astrocyte epigenetics as a priority area in neuroscience research,16372,True
doi:10.3389/fnmol.2026.1745086,10.3389/fnmol.2026.1745086,Peroxisomes and the nervous system: progress and challenges in neuroinflammation and cell-specific functions,8072,True
doi:10.3389/fnut.2025.1603165,10.3389/fnut.2025.1603165,The role of intermittent fasting in the treatment of cognitive dysfunction in type 2 diabetes mellitus,14560,True
doi:10.3389/fnut.2026.1773391,10.3389/fnut.2026.1773391,The therapeutic potential of gypenosides for age-related macular degeneration,14707,True
doi:10.3389/fped.2013.00013,10.3389/fped.2013.00013,Neonatology Specialty Grand Challenge,6223,True
doi:10.3389/fphys.2010.00127,10.3389/fphys.2010.00127,Exciting Challenges Ahead for Integrative Physiology,8881,True
doi:10.3389/fpls.2015.00284,10.3389/fpls.2015.00284,Regulation of mRNA translation controls seed germination and is critical for seedling vigor,7331,True
doi:10.3389/fpls.2025.1550190,10.3389/fpls.2025.1550190,A micropeptide regulates seed desiccation,18450,True
doi:10.3389/fpls.2025.1616650,10.3389/fpls.2025.1616650,Small signaling peptides define leaf longevity,18659,True
doi:10.3389/fpls.2026.1782656,10.3389/fpls.2026.1782656,Transcriptomic and metabolomic data of Populus deltoides ‘Shalinyang’ response to feeding of Anoplophora glabripennis adults,15075,True
doi:10.3389/fragi.2025.1658952,10.3389/fragi.2025.1658952,"The human biological clock and aging—a comprehensive approach integrating reductionism, holism, and geromedicine for proactive healthspan strategies",14730,True
doi:10.3389/ijph.2026.1609910,10.3389/ijph.2026.1609910,"Beyond ethanol: wine, biological aging, and the Mediterranean context",7736,True
doi:10.34067/kid.0000000000000347,10.34067/kid.0000000000000347,Prognostic Value of Oxylipins for the Development of ESKD,6054,True
doi:10.3724/j.pibb.2025.0287,10.3724/j.pibb.2025.0287,The Mechanism of Exerkines on The Comorbidity of Sarcopenia and Cognitive Impairment,5970,True
doi:10.4081/ejtm.2026.14960,10.4081/ejtm.2026.14960,"Abstract | 009 | Lecture - FES in mice, rats and men: adaptation and recovery in aging rodent muscle",7688,True
doi:10.4103/0301-4738.115786,10.4103/0301-4738.115786,Recent trends in Glaucoma management,5017,True
doi:10.4103/0366-6999.158375,10.4103/0366-6999.158375,Sirtuins Function as the Modulators in Aging-related Diseases in Common or Respectively,22669,False
doi:10.4103/1673-5374.217328,10.4103/1673-5374.217328,Can we treat neurodegenerative diseases by preventing an age-related decline in microRNA expression?,18641,True
doi:10.4103/1673-5374.228719,10.4103/1673-5374.228719,"Metabolism, neurodegeneration and epigenetics: Emerging role of Sirtuins",11369,True
doi:10.4103/1673-5374.230283,10.4103/1673-5374.230283,Epigenetic interventions for brain rejuvenation: anchoring age-related transposons,13983,True
doi:10.4103/1673-5374.249223,10.4103/1673-5374.249223,Induced pluripotent stem cells from Huntington’s disease patients: a promising approach to define and correct disease-related alterations,13964,True
doi:10.4103/1673-5374.286960,10.4103/1673-5374.286960,Mending the broken in amyotrophic lateral sclerosis: DNA damage and repair in motor neuron degeneration,12617,True
doi:10.4103/1673-5374.286963,10.4103/1673-5374.286963,Fused in sarcoma-amyotrophic lateral sclerosis as a novel member of DNA single strand break diseases with pure neurological phenotypes,16760,True
doi:10.4103/1673-5374.293142,10.4103/1673-5374.293142,The important functional role of TDP-43 plays in amyotrophic lateral sclerosis-frontotemporal dementia,12206,True
doi:10.4103/1673-5374.297074,10.4103/1673-5374.297074,A crate of Pandora: do amyloids from bacteria promote Alzheimer’s disease?,12382,True
doi:10.4103/1673-5374.335807,10.4103/1673-5374.335807,Non-canonical role of the ATR pathway in axon regeneration as a mechanosensitive brake,10395,True
doi:10.4103/1673-5374.343893,10.4103/1673-5374.343893,Myelin lipid deficiency: a new key driver of Alzheimer’s disease,8781,True
doi:10.4103/1673-5374.371359,10.4103/1673-5374.371359,Enrichment of novel Tau isoform with altered biochemical properties in Alzheimer’s disease,13977,True
doi:10.4103/1673-5374.373687,10.4103/1673-5374.373687,Implication of gut microbiome in age-related macular degeneration,15172,True
doi:10.4103/abhs.abhs_26_24,10.4103/abhs.abhs_26_24,"The 10th Emirati-German Congress in Medicine and Dental Medicine 5–6 February, 2024 University of Sharjah, United Arab Emirates",20165,False
doi:10.4103/gmit.gmit-d-25-00197,10.4103/gmit.gmit-d-25-00197,Enhancing In Vitro Fertilization Outcomes in Advanced Maternal Age,19204,True
doi:10.4103/hm.hm-d-23-00013,10.4103/hm.hm-d-23-00013,Addressing Clinician Burnout: A Unifying Systems Medicine Model with Meditation as a Heart-Mind Intervention,21724,False
doi:10.4103/ijd.ijd_562_21,10.4103/ijd.ijd_562_21,Neem in Dermatology: Shedding Light on the Traditional Panacea,15155,True
doi:10.4103/ijp.ijp_376_25,10.4103/ijp.ijp_376_25,Potential application of the wolly mouse in future research,13750,True
doi:10.4103/jpcs.jpcs_77_23,10.4103/jpcs.jpcs_77_23,Cardiovascular Research Convergence 2023,21440,False
doi:10.4103/mgmj.mgmj_120_23,10.4103/mgmj.mgmj_120_23,"Healthy aging, living longer, or living forever",17150,True
doi:10.4103/njpt.njpt_75_25,10.4103/njpt.njpt_75_25,NAPTICON-2025 – SYSTEMATIC REVIEWS AND META-ANALYSIS,26029,False
doi:10.4103/nrr.nrr-d-24-00442,10.4103/nrr.nrr-d-24-00442,Brain endothelial cyclic GMP-AMP synthase (cGAS)–stimulator of interferon genes (STING) signaling pathway in aging and neurodegeneration,19267,True
doi:10.4103/nrr.nrr-d-24-00646,10.4103/nrr.nrr-d-24-00646,Complementary roles of glial cells in generating region-specific neuroinflammatory responses and phagocytosis in Parkinson’s disease,12368,True
doi:10.4103/nrr.nrr-d-25-00422,10.4103/nrr.nrr-d-25-00422,Shuttle and stabilize: H1.2-FUS complex in amyotrophic lateral sclerosis pathogenesis,12994,True
doi:10.4161/cc.24986,10.4161/cc.24986,"Chromatin remodeling, BRCA1, SAHF and cellular senescence",5950,True
doi:10.4161/cc.25705,10.4161/cc.25705,Unpicking neurodegeneration in a dish with human pluripotent stem cells,5962,True
doi:10.5281/zenodo.18644752,10.5281/zenodo.18644752,Proactive Healthcare - Fighting the affects of aging (Closed-Loop Biological Restoration & Multi-Omics Optimization Platform),8079,True
doi:10.5281/zenodo.20257527,10.5281/zenodo.20257527,"ITU and Genomics: A Single-Axiom View of DNA, Human Genome Project, CRISPR Gene Editing, AlphaFold, AI Drug Discovery, Population Genetics, Coalescent Theory, and Ancient DNA — Block B 5/?, Pass-1 Final Tier 1",5558,True
doi:10.6092/unina/fedoa/10084,10.6092/unina/fedoa/10084,A proteomic approach for the identification of novel direct targets of microRNA-494 and of novel mediators of cellular senescence,5953,True
doi:10.69750/dmls.02.010.0160,10.69750/dmls.02.010.0160,Harnessing CRISPR Technology for Next-Generation Therapeutics in Genetic Disorders,8944,True
doi:10.69750/dmls.03.04.0200,10.69750/dmls.03.04.0200,The Failure of Translational Neuroscience: Why Promising Mechanisms Rarely Become Therapies,8723,True
doi:10.7245/0026-2005-46.1.1,10.7245/0026-2005-46.1.1,"Annual Meetings of the Michigan Academy, Central Michigan University, March 9, 2018",21489,False
doi:10.7326/m16-0271,10.7326/m16-0271,Effect of Fecal Microbiota Transplantation on Recurrence in Multiply Recurrent Clostridium difficile Infection,10000,True
doi:10.7936/zw5q-8j61,10.7936/zw5q-8j61,Investigating Biological Mechanisms of Radiation Resistance in Advanced Stage Cervical Cancer,5185,True
no-doi:1c9a2deccbd12c2ecfb1584b,,Poster Session A,66745,False
no-doi:40bd6d05bb59fa3d752ad2f2,,Mechanisms of Heart Failure in Type 2 Diabetes Mellitus,8783,True
no-doi:4893b40d901df43960991343,,Poster Session B,34373,False
no-doi:6b948b17e7b2f0820ff487e7,,"Could psilocin rescue chronic, stress-accelerated, transcriptional aging in brain?",8879,True
no-doi:6d9dd557029d32d7bc3c451e,,Poster Session B,74785,False
no-doi:e9214ccfa632ec1fb98e8021,,Proactive Healthcare,8079,True
