record_id,canonical_id,source,provenance_sources,source_record_id,doi,pmid,pmcid,title,abstract,year,publication_date,document_type,language,url,is_preprint,duplicate_count,query_branches,local_multiomics_match,local_aging_match,local_causal_anchor_match,local_three_block_match
doi:10.1002/aro2.70036,doi:10.1002/aro2.70036,semantic_scholar,semantic_scholar,c54d4c17bb46e411d1c09ed1cff34465ad129b96,10.1002/aro2.70036,,,Fasting and Refeeding Mediated Phospholipid Remodeling Plays an Important Role in Improving Meat Quality of Aged Laying Hens,"This study explored fasting‐induced physiological remodeling effects on meat quality in aged laying hens. Fasting for 15 days (F15) significantly reduced abdominal fat, intermuscular fat width, subcutaneous fat thickness, and liver index versus pre‐fasting (F0) ( p 0.7). Fasting upregulated ACSL4/LPCAT, enhancing acyl‐CoA and lipid reacylation to drive phospholipid remodeling, improving meat quality.",2025,2025-10-31,JournalArticle,,https://www.semanticscholar.org/paper/c54d4c17bb46e411d1c09ed1cff34465ad129b96,False,0,,False,False,True,False
doi:10.1002/jcsm.70002,doi:10.1002/jcsm.70002,pubmed,pubmed,40745399,10.1002/jcsm.70002,40745399,PMC12313545,Exogenous Nucleotides Supplementation Attenuates Age-Related Sarcopenia.,"Sarcopenia, an age-related clinical syndrome characterized by reduced skeletal muscle mass and strength, often leads to a loss of physical function. Nucleotides (NTs) supplementation is a potential strategy for preventing age-related sarcopenia as evidence suggests that NTs declined in muscles with aging, and 5'-CMP, 5'-UMP can mitigate muscle atrophy in C2C12 myotubes. This study aimed to investigate the effects of NTs supplementation on sarcopenia and its possible mechanism. Senescence-accelerated mouse prone-8 (SAMP8) mice and C2C12 cells were used to assess the effect of NTs on sarcopenia. We fed an NTs-enriched mixture to SAMP8 mice starting from the age of 3 months for 9 months or 15 months. NTs' effects on H 2 O 2 -induced C2C12 atrophy cells were tested using nucleotide monomers and mixtures. The body composition was measured by EchoMRI analysis meter. Physical performance was tested including grip strength, wire hang, horizontal bar and gait test. The immunofluorescence staining was used to evaluate the cross-sectional area (CSA) or type of muscle fibers and the diameter of myotubes. RT-qPCR, western blot, RNA sequencing (RNA-seq) and targeted metabolomic analyses were conducted to elucidate the underlying mechanisms. The results demonstrated that NTs significantly increased lean mass/body weight (p < 0.01, η 2 = 0.434), the grip strength at 7 (p < 0.0001, η 2 = 0.312), 9 (p < 0.001, η 2 = 0.293) and 11 (p < 0.0001, η 2 = 0.507) months of age and the gait speed of mice (p < 0.0001, η 2 = 0.3861). The immunofluorescence staining results indicated that NTs increased the CSA of muscle fibers (p < 0.0001, η 2 = 0.1081), especially for type IIb fibres. The RNA-seq results showed that NTs significantly downregulated the expression of sarcopenia-related genes (Trim63, Dkk3 and Mt1). The downregulation of Fbxo32, Trim63, Dkk3, Mt1 and p53 genes in NTs intervention group was confirmed by RT-qPCR and/or western blot (p < 0.05). Integrated analyses of RNA-seq and metabolomic showed that NTs could cause changes in metabolites, such as ketoleucine, 3-hydroxylisovalerylcarnitine and 3-methyl-2-oxovaleric acid, which could further regulate sarcopenia-related genes and inhibit protein degradation and promote protein synthesis. In vitro studies confirmed that NTs increased myotubes diameter and decreased expression of sarcopenia-related genes. Our findings reveal the protective role of NTs in improving muscle protein balance during ageing, suggesting they may serve as a conditionally essential nutrient for older individuals. Further research is needed to explore the efficacy and safety of NTs supplementation for sarcopenia in humans.",2025,2025-08-01,Journal Article,eng,https://pubmed.ncbi.nlm.nih.gov/40745399/,False,0,,True,True,True,True
doi:10.1002/ygh2.341,doi:10.1002/ygh2.341,semantic_scholar,semantic_scholar,27159eb99d04c9675bc8809a2a1e9f5db4d11e4b,10.1002/ygh2.341,,,Letter: management of patients with chronic hepatitis C failing repeated courses of interferon‐free DAA combination therapy: a translational research perspective with clinical impact,"EDITORS, Chronic hepatitis C and interrelated hepatic disorders are emerg‐ ing as major public health challenges with significant financial/ psychosocial distress amongst disease‐susceptible population subsets of varying lifestyles/ethnicities; cost‐effective prevention strategies are warranted to precisely dissect the aetiopathogen‐ esis of viral hepatitis/virulence/immunogenicity/subsequent re‐ currence/relapse following single and/or combinatorial treatment modalities/therapies. The recently published study by Kozbial et al in the reputed GastroHep journal critically investigated the clin‐ ical management of chronic hepatitis C patients failing repeated courses of interferon (IFN)‐free DAA combination therapy1; the study was well‐designed with stringent inclusion/exclusion crite‐ ria and core tenets of good clinical practice/bioethics/scientific integrity were followed; briefly, 102 patients completed robust DAA retreatment regimen after repeated virological failures to IFN‐free DAA therapy with a follow‐up of 12 months. With my extensive biomedical/epidemiological research experiences in‐ volving American/Asian Indian patient cohorts, I would like to add that larger sample size would have significantly enhanced overall study power/≥ 80% with relatively lower selection bias/ false positives. Ethnicity is a significant predictor of intra‐indi‐ vidual variability in susceptibility to gastrointestinal/liver dis‐ eases1,2; in this context, incorporating a larger number of patients and age‐matched, disease‐free/healthy controls from random population(s) with subgroup stratification of responders (high/ moderate/poor) vs nonresponders to IFN‐DAA combination therapy would lead to more definitive conclusions; relevant ad‐ justment of potential confounders in retreated chronic hepatitis C patients with age/gender/body mass index‐based subgroup stratification of patient subsets along with systemic/local ad‐ verse effects (diarrhoea/gastrointestinal bleeding/fatigue/numb‐ ness/neuropathy) would provide better insights. Interestingly, 20.6% of patients (mean age 50.0 ± 10.6 years, 18 male/3 female) relapsed after retreatment: (GT1a:8/GT1b:4/GT1c:1/GT3a:7/ GT4:1/cirrhosis:15, and resistance‐associated substitutions (RAS):17/19 with clinically reported patient relapse after:SOF/ SMV:2/3D ± RBV:4/SOF/DCV ± RBV:4/SOF/LDV ± RBV:6/SOF/ VEL:3/SOF/VEL/VOX:1/EBV/GZV:1), thereby highlighting the complex genetic intra‐individual variability to treatment‐related response rates following combinatorial therapy. Electronic health records may be reassessed by the treating physician/clinical re‐ searcher for re‐evaluations of responders (high/moderate/poor)/ nonresponders, thereby predicting better treatment outcomes; tapering the dosing based on age/gender/BMI/concurrent usage of nonsteroidal anti‐inflammatory drugs (COX‐2 inhibitor/Vioxx) at follow‐ups may yield higher therapeutic efficacy with lower recurrence rates/adverse effects, ensuring increased adherence to combinatorial IFN‐free DAA treatment regimens, eventually leading to higher patient satisfaction rates. The findings demonstrated that 17/21 patients completed third DAA therapy: 13 achieved SVR12, three relapsed (cirrhosis:2/SOF/ VEL/RBV:GT3a/SOF/LDV/RBV:GT1a/ EBV/GZV/SOF/RBV:GT1b) while one patient was lost to follow‐up; cirrhotic subgroup data set revealed that one (GT1a/cirrhosis) achieved SVR12 after third re‐therapy with 24 weeks of 3D/SOF/RBV, while one (GT3a/cirrho‐ sis) achieved SVR4 after 24 weeks of glecaprevir/pibrentasvir, but succumbed soon. Furthermore, 95/102 (93.1%) patients achieved SVR12 after ≥1 retreatments; gender, cirrhosis, genotype, RAS or baseline viral loads/cut‐offs were not significantly associated with retreatment failure(s), and 13.7% of patients required multiple retreatments. Family‐based/twin/epidemiological gene polymorphism stud‐ ies with multicentric pooled patient populations of diverse eth‐ nicities utilising high‐throughput pharmacogenetics/genomics/ transcriptomics/metabolomics/electrophysiological/immunodi‐ agnostic imaging modalities coupled with survival analyses and stringent surveillance for relapse(s)/adverse effects are war‐ ranted to provide a better understanding of the relapse trends and response rates amongst genetically disparate populations fol‐ lowing IFN‐free DAA therapy treatment regimens. A global cost‐ effective public health research model needs to be developed with urgent allocation of financial grants/funds for propelling gastro/hepatic research for diminishing the increasing burden of morbidities/mortalities in chronic hepatitis C‐susceptible popula‐ tions worldwide.",2019,2019-05-01,,,https://www.semanticscholar.org/paper/27159eb99d04c9675bc8809a2a1e9f5db4d11e4b,False,0,,True,False,False,False
doi:10.1016/j.ecoenv.2026.119676,doi:10.1016/j.ecoenv.2026.119676,semantic_scholar,semantic_scholar,10b96dc3239cc21f78d0fc840d648a4841af4ec4,10.1016/j.ecoenv.2026.119676,41512780,,Dysregulation of atrazine-associated core gene networks and risk prediction in human cancers: Insights from integrated transcriptomics and network toxicology analyses.,"Atrazine, a widely used chlorotriazine herbicide, persists in aquatic environments and poses potential carcinogenic risks. While epidemiological studies link atrazine exposure to malignancies, its intrinsic molecular mechanisms across organ systems remain incompletely understood. This study employed integrated network toxicology and transcriptomic analyses to clarify atrazine-associated oncogenic pathways in liver hepatocellular carcinoma (LIHC), kidney renal clear cell carcinoma (KIRC), lung adenocarcinoma (LUAD), and sarcoma (SARC). Transcriptomic data from The Cancer Genome Atlas (TCGA) for these cancers were analyzed to identify atrazine-related genes. Protein-protein interaction networks were constructed and analyzed to identify hub genes. Functional enrichment, immune microenvironment analyses, and survival analysis were performed. Molecular docking validated atrazine-target binding, and independent datasets were used for hub gene expression and pan-cancer relevance validation. We identified 92 (LUAD), 136 (LIHC), 137 (KIRC), and 161 (SARC) atrazine-associated targets. Hub genes including CDC6, MCM5/7, UBE2C, FEN1, CDCA8, and VIM were differentially expressed across these cancers. Enrichment analyses revealed atrazine disruption of core pathways, including cell cycle progression and chromosomal instability, epithelial-mesenchymal transition, metabolic reprogramming, and senescence-associated secretory pathways. Molecular docking confirmed high-affinity binding between atrazine and key targets. Pan-cancer validation implicated these hub genes in multiple additional malignancies. Transcription factor analysis nominated HSD17B8 as a key regulatory node. This study demonstrates that atrazine promotes carcinogenesis by dysregulating conserved networks governing genomic stability, cell proliferation, metabolic adaptation, and immune microenvironment remodeling, providing a mechanistic framework linking aquatic atrazine exposure to multi-organ carcinogenesis and nominating HSD17B8-associated pathways for therapeutic intervention. These findings underscore the imperative for enhanced environmental monitoring of atrazine contamination.",2026,2026-01-01,JournalArticle,,https://www.semanticscholar.org/paper/10b96dc3239cc21f78d0fc840d648a4841af4ec4,False,0,,True,False,True,False
doi:10.1016/j.kint.2024.04.017,doi:10.1016/j.kint.2024.04.017,pubmed,pubmed,38782200,10.1016/j.kint.2024.04.017,38782200,PMC11270650,DNA methyltransferase 1 (DNMT1) promotes cyst growth and epigenetic age acceleration in autosomal dominant polycystic kidney disease.,"Alteration of DNA methylation leads to diverse diseases, and the dynamic changes of DNA methylation (DNAm) on sets of CpG dinucleotides in mammalian genomes are termed ""DNAm age"" and ""epigenetic clocks"" that can predict chronological age. However, whether and how dysregulation of DNA methylation promotes cyst progression and epigenetic age acceleration in autosomal dominant polycystic kidney disease (ADPKD) remains elusive. Here, we show that DNA methyltransferase 1 (DNMT1) is upregulated in cystic kidney epithelial cells and tissues and that knockout of Dnmt1 and targeting DNMT1 with hydralazine, a safe demethylating agent, delays cyst growth in Pkd1 mutant kidneys and extends life span of Pkd1 conditional knockout mice. With methyl-CpG binding domain (MBD) protein-enriched genome sequencing (MBD-seq), DNMT1 chromatin immunoprecipitation (ChIP)-sequencing and RNA-sequencing analysis, we identified two novel DNMT1 targets, PTPRM and PTPN22 (members of the protein tyrosine phosphatase family). PTPRM and PTPN22 function as mediators of DNMT1 and the phosphorylation and activation of PKD-associated signaling pathways, including ERK, mTOR and STAT3. With whole-genome bisulfide sequencing in kidneys of patients with ADPKD versus normal individuals, we found that the methylation of epigenetic clock-associated genes was dysregulated, supporting that epigenetic age is accelerated in the kidneys of patients with ADPKD. Furthermore, five epigenetic clock-associated genes, including Hsd17b14, Itpkb, Mbnl1, Rassf5 and Plk2, were identified. Thus, the diverse biological roles of these five genes suggest that their methylation status may not only predict epigenetic age acceleration but also contribute to disease progression in ADPKD.",2024,2024-05-21,"Journal Article; Research Support, N.I.H., Extramural",eng,https://pubmed.ncbi.nlm.nih.gov/38782200/,False,0,,True,True,True,True
doi:10.1016/j.phymed.2026.158183,doi:10.1016/j.phymed.2026.158183,europepmc,europepmc;pubmed;scopus,MED:42034026,10.1016/j.phymed.2026.158183,42034026,,Astragaloside IV delays vascular aging by enhancing mitochondrial fatty acid β-oxidation via the MLXIPL-PPARα/PGC-1α axis.,"Background Mitochondrial dysfunction and the dysregulation of lipid metabolism are significant contributors to vascular aging, which in turn raises the risk of age-related cardiovascular diseases (CVDs). Buyang Huanwu decoction (BHD), a traditional formula widely used for treating CVDs, has not been thoroughly investigated in terms of its active components and the molecular mechanisms by which it may delay vascular aging. Purpose This study aims to investigate the effects and mechanisms of BHD and its primary active component, Astragaloside IV (AS-IV), in mitigating vascular aging, focusing on mitochondrial function and lipid metabolism. Methods Experiments were conducted using naturally aged mice and a D-galactose-induced model of vascular smooth muscle cells (VSMCs) senescence. Vascular aging was evaluated through aortic histopathology, assessment of senescence markers and senescence-associated secretory phenotype (SASP) factors. Transcriptomics and lipidomics analyses were employed to uncover critical pathways and identify differential lipid profiles. Mitochondrial structure and function were examined using transmission electron microscopy (TEM), Mitochondrial DNA (mtDNA) copy number, and mitochondrial membrane potential (MMP). The molecular mechanisms were further validated through molecular biology and MLX Interacting Protein-Like (MLXIPL) knockdown and overexpression techniques. Results Both BHD and AS-IV improved age-related vascular morphological changes, mitigated elastic fiber disruption, diminished collagen deposition, and downregulated senescence markers along with SASP factors. Transcriptomic analysis identified MLXIPL as a key transcription factor, emphasizing the involvement of the peroxisome proliferator-activated receptor (PPAR) signaling pathway and mitochondrial fatty acid β-oxidation as critical processes. Lipidomic profiling indicated reduced serum acylcarnitine levels in aged mice, suggesting compromised fatty acid β-oxidation. Both BHD and AS-IV were found to suppress MLXIPL, activate PPARα, increase mtDNA copy number, enhance MMP, improve mitochondrial ultrastructure, and upregulate the expression of key genes and proteins associated with mitochondrial biogenesis and fatty acid β-oxidation. Co-immunoprecipitation assays confirmed that AS-IV facilitated PPARα-PGC-1α interaction. Functional validation established that MLXIPL knockdown produced a stronger effect than AS-IV, whereas MLXIPL overexpression negated the beneficial effects of AS-IV on mitochondrial function, lipid accumulation, and cellular senescence. Conclusion BHD and its active component AS-IV delay vascular aging by inhibiting MLXIPL, thereby activating the PPARα/PGC-1α signaling pathway to promote mitochondrial fatty acid β-oxidation and reduce lipid accumulation. This elucidates a mechanistic basis for BHD's traditional use and highlights AS-IV as a key active principle with therapeutic potential.",2026,2026-04-15,Journal Article,eng,https://europepmc.org/article/MED/42034026,False,2,,True,True,True,True
doi:10.1038/s41420-026-03036-8,doi:10.1038/s41420-026-03036-8,europepmc,europepmc;openalex;pubmed;scopus;semantic_scholar,MED:41881961,10.1038/s41420-026-03036-8,41881961,PMC13139392,NFATC2-mediated CST1 upregulation drives cholangiocarcinoma growth and metastasis.,"Intrahepatic cholangiocarcinoma (CCA) is a highly aggressive malignancy arising from the intrahepatic biliary epithelium with insidious onset and dismal clinical outcomes. The lack of reliable early diagnostic markers and effective therapeutic targets underscores the urgent need for novel intervention strategies. Integrated evaluation of public transcriptomic datasets and local validation cohort with survival analysis were performed to assess expression pattern and prognostic significance of cystatin SN (CST1) in CCA. Functional characterization was performed via gain- and loss-of-function experiments in HuCCT1 and RBE cells, complemented by murine orthotopic liver implantation and pulmonary metastasis models. We found that CST1 was significantly upregulated in human CCA tissues. Elevated CST1 expression predicted unfavorable prognosis in CCA patients. Subsequently functional studies revealed that overexpression of CST1 suppressed cellular senescence markers, as evidenced by decreased senescence-associated β-galactosidase activity and downregulated senescence-associated secretory phenotype factors (IL-6, CCL20). Concomitantly, CST1 overexpression enhanced cell proliferation, migration, invasion, and in vivo metastatic capacity. Integrated multi-omics profiling identified CST1-mediated suppression of pyrimidine metabolism through TYMS downregulation. However, exogenous thymidine supplementation failed to rescue proliferation defects upon CST1 knockdown, indicating that CST1-promoted tumor growth is independent of pyrimidine metabolism. Mechanistically, NFATC2 transcriptionally activates CST1, which subsequently abrogates senescence through SOX4 stabilization; ectopic SOX4 expression rescues senescence induced by CST1 depletion. These findings establish CST1 as a promising therapeutic target and provide mechanistic insights for CCA intervention strategies.",2026,2026-03-25,research-article; Journal Article,eng,https://europepmc.org/article/MED/41881961,False,4,,True,True,True,True
doi:10.1038/s41598-023-27903-x,doi:10.1038/s41598-023-27903-x,europepmc,europepmc;openalex;pubmed;scopus;semantic_scholar,MED:36707530,10.1038/s41598-023-27903-x,36707530,PMC9883521,Investigation of genetic variants and causal biomarkers associated with brain aging.,"Delta age is a biomarker of brain aging that captures differences between the chronological age and the predicted biological brain age. Using multimodal data of brain MRI, genomics, and blood-based biomarkers and metabolomics in UK Biobank, this study investigates an explainable and causal basis of high delta age. A visual saliency map of brain regions showed that lower volumes in the fornix and the lower part of the thalamus are key predictors of high delta age. Genome-wide association analysis of the delta age using the SNP array data identified associated variants in gene regions such as KLF3-AS1 and STX1. GWAS was also performed on the volumes in the fornix and the lower part of the thalamus, showing a high genetic correlation with delta age, indicating that they share a genetic basis. Mendelian randomization (MR) for all metabolomic biomarkers and blood-related phenotypes showed that immune-related phenotypes have a causal impact on increasing delta age. Our analysis revealed regions in the brain that are susceptible to the aging process and provided evidence of the causal and genetic connections between immune responses and brain aging.",2023,2023-01-27,"Research Support, Non-U.S. Gov't; research-article; Journal Article",eng,https://europepmc.org/article/MED/36707530,False,6,,True,True,True,True
doi:10.1093/jmcb/mjag005,doi:10.1093/jmcb/mjag005,europepmc,europepmc;openalex;pubmed,MED:41770026,10.1093/jmcb/mjag005,41770026,,Sarm1-containing extrachromosomal circular DNA promotes aging-associated cardiac fibrosis via TGF-β/Smad activation.,"Cardiac aging is associated with progressive cardiac fibrosis and dysfunction, yet the underlying mechanisms remain incompletely understood. Extrachromosomal circular DNA (eccDNA) has been reported to participate in tumor and age-related genomic instability, while its role in cardiac fibrosis during aging remains to be fully elucidated. In this study, circular DNA sequencing and RNA seqencing were performed to analyze eccDNA profiles in young and aged cardiac tissues. The number of eccDNAs in the cardiac tissue of aged mice is higher than that in young mice. Combining the annotation of eccDNAs and the key genes related to aging identified in the transcriptome, we identified sterile alpha and TIR motif containing 1 (Sarm1), a key regulator of NAD+ metabolism and neurodegeneration located in eccDNAs, as a novel driver of cardiac aging via pro-fibrotic signaling. In aged mice, Sarm1 knockdown significantly restored cardiac function and reduced fibrosis. Conversely, Sarm1 accelerated cardiac aging phenotypes in young Sarm1-overexpressing transgenic mice. Mechanistically, co-immunoprecipitation combined with mass spectrometry identified TGF-β-Smad2/3 as the dominant pathway, with pharmacological inhibition by SIS3 abolishing Sarm1-driven Smad2/3 phosphorylation. Our findings reveal that Sarm1-containing eccDNA drives cardiac aging by amplifying pro-fibrotic signaling through the TGF-β-Smad2/3 pathway, proposing eccDNAs clearance and Sarm1 inhibition as novel therapeutic strategies for aging-related cardiac fibrosis.",2026,2026-03-02,Journal Article,eng,https://europepmc.org/article/MED/41770026,False,2,,True,True,True,True
doi:10.1093/neuped/wuaf001.003,doi:10.1093/neuped/wuaf001.003,semantic_scholar,semantic_scholar,aaab6b4ed77c6a29715bbcb1e571164807231e6d,10.1093/neuped/wuaf001.003,,,ATRT-03. Targeting nuclear export as a potent therapeutic strategy in atypical teratoid/rhabdoid tumors,"Atypical teratoid/rhabdoid tumor (AT/RT) is an aggressive brain cancer that mostly affects children under age 3. While there have been some improvements in outcomes with multimodal therapy, there remains significant treatment-related toxicities associated with intensive therapy. Thus, improved and less toxic therapies for children with AT/RT are necessary. One strategy to determine novel therapeutic approaches is through the identification of cancer dependencies. Exportin-1 (XPO1) is a nuclear export protein that transports cargo proteins containing a nuclear export signal from the nucleus to the cytoplasm. In other cancers, elevated XPO1 expression has been associated with poor prognosis. We harnessed an integrative approach using functional genomics, in vitro AT/RT models, transcriptomics, drug assays, and in vivo intracranial xenograft models to systematically test the hypothesis that XPO1 is a therapeutic vulnerability in AT/RT. Analysis of RNA-sequencing data across pediatric brain tumor cell lines demonstrates that XPO1 is highly expressed in AT/RT cells. Genetic knockdown of XPO1 using CRISPR-Cas9 in patient-derived AT/RT cells led to profound defects in cell viability and proliferation. Pharmacologic inhibition of XPO1 using six different XPO1 inhibitors in multiple AT/RT cell lines showed as low as 5.05 nM IC50. XPO1 inhibition led to significant apoptosis and on target degradation of XPO1 protein levels. Transcriptomic analysis of AT/RT cells with genetic and pharmacologic inhibition of XPO1 is currently underway. Furthermore, we are harnessing protein fractionation coupled with mass spectrometry to specifically identify XPO1 cargo proteins. Additionally, we have tested combinatorial approaches with gemcitabine and XPO1 inhibition to evaluate synergistic effects. Lastly, we are testing this combination using intracranial xenograft murine models of AT/RT to assess in vivo effects on overall survival. Therefore, we demonstrate that XPO1 is a dependency in AT/RT, and targeting nuclear export in combination with cytotoxic chemotherapy shows high translational potential.",2025,2025-08-01,JournalArticle,,https://www.semanticscholar.org/paper/aaab6b4ed77c6a29715bbcb1e571164807231e6d,False,0,,True,False,True,False
doi:10.1097/hep.0000000000001304,doi:10.1097/hep.0000000000001304,semantic_scholar,europepmc;pubmed;scopus;semantic_scholar,654a75203abea21b466d9fa001705092e7bc56e6,10.1097/hep.0000000000001304,40073276,,"CAD manipulates tumor intrinsic DHO/UBE4B/NF-κB pathway and fuels macrophage cross-talk, promoting hepatocellular carcinoma metastasis.","BACKGROUND AND AIMS Portal vein tumor thrombosis (PVTT), an indicator of clinical metastasis, significantly shortens hepatocellular carcinoma (HCC) patients' lifespan, and no effective treatment has been established. We aimed to illustrate mechanisms underlying PVTT formation and tumor metastasis, and identified potential targets for clinical intervention. APPROACH AND RESULTS Multi-omics data of 159 HCC patients (including 37 cases with PVTT) was analyzed to identify contributors to PVTT formation and tumor metastasis. In vitro and in vivo experiments were performed to confirm the critical role of carbamoyl-phosphate synthetase 2, aspartate transcarbamylase, and dihydroorotase (CAD) in HCC metastasis. Metabolomics and transcriptomics techniques, single-cell RNA sequencing, combined with experimental verification were complemented to illustrate mechanisms underlying CAD induced pro-metastatic efficacy. Analysis of proteogenomic data of HCC cohort identified CAD as the key contributor to PVTT formation and tumor metastasis in HCC. Further experiments confirmed that high CAD expression could significantly promote HCC metastasis, and vice versa. Mechanistically, CAD manipulated de novo pyrimidine anabolism, leading to dihydroorotic acid (DHO) accumulation which directly bound to ubiquitination factor E4B (UBE4B). UBE4B subsequently regulated JAK1 ubiquitination and activated the NF-κB pathway to promote epithelial-mesenchymal transition (EMT) of HCC cells. Additionally, CAD generated an immunosuppressive milieu conducive to HCC metastasis by recruiting and reprogramming macrophages into a ""pro-tumor"" phenotype. Consequently, the metastatic capability of HCC was remarkably enhanced. CONCLUSION Therapy targeting CAD may offer a promising approach to curb HCC metastasis by reducing tumor cells' metastatic potential and also shifting the tumor microenvironment towards a less pro-metastatic state.",2025,2025-03-12,JournalArticle,,https://www.semanticscholar.org/paper/654a75203abea21b466d9fa001705092e7bc56e6,False,3,,True,True,True,True
doi:10.1101/2022.07.11.22277435,doi:10.1101/2022.07.11.22277435,europepmc,europepmc;semantic_scholar,PPR:PPR517221,10.1101/2022.07.11.22277435,,,Systems-level patterns in biological processes are changed under prolongevity interventions and across biological age,"Aging manifests as progressive deterioration in cellular and systemic homeostasis, requiring systems-level perspectives to understand the gradual molecular dysregulation of underlying biological processes. Here, we report systems-level changes in the molecular regulation of biological processes under multiple lifespan-extending interventions in mice and across age in humans. In mouse cohorts, Differential Rank Conservation (DIRAC) analyses of liver proteomics and transcriptomics show that mechanistically distinct prolongevity interventions tighten the regulation of aging-related biological modules, including fatty acid metabolism and inflammation processes. An integrated analysis of liver transcriptomics with mouse genome-scale metabolic model supports the shifts in fatty acid metabolism. Additionally, the difference in DIRAC patterns between proteins and transcripts suggests biological modules which may be tightly regulated via cap-independent translation. In a human cohort spanning the majority of the adult lifespan, DIRAC analyses of blood proteomics and metabolomics demonstrate that regulation of biological modules does not monotonically loosen with age; instead, the regulatory patterns shift according to both chronological and biological ages. Our findings highlight the power of systems-level approaches to identifying and characterizing the biological processes involved in aging and longevity.",2022,2022-07-12,Preprint,,https://europepmc.org/article/PPR/PPR517221,True,1,,True,True,True,True
doi:10.1101/2024.05.06.592653,doi:10.1101/2024.05.06.592653,europepmc,europepmc;google_scholar;semantic_scholar,PPR:PPR849477,10.1101/2024.05.06.592653,,,Functional and multi-omic aging rejuvenation with GLP-1R agonism,"Identifying readily implementable methods that can effectively counteract aging is urgently needed for tackling age-related degenerative disorders. Here, we conducted functional assessments and deep molecular phenotyping in the aging mouse to demonstrate that glucagon-like peptide-1 receptor agonist (GLP-1RA) treatment attenuates body-wide age-related changes. Apart from improvements in physical and cognitive performance, the age-counteracting effects are prominently evident at multiple omic levels. These span the transcriptomes and DNA methylomes of various tissues, organs and circulating white blood cells, as well as the plasma metabolome. Importantly, the beneficial effects are specific to aged mice, not young adults, and are achieved with a low dosage of GLP-1RA which has a negligible impact on food consumption and body weight. The molecular rejuvenation effects exhibit organ-specific characteristics, which are generally heavily dependent on hypothalamic GLP-1R. We benchmarked the GLP-1RA age-counteracting effects against those of mTOR inhibition, a well-established anti-aging intervention, observing a strong resemblance across the two strategies. Our findings have broad implications for understanding the mechanistic basis of the clinically observed pleiotropic effects of GLP-1RAs, the design of intervention trials for age-related diseases, and the development of anti-aging-based therapeutics.",2024,2024-05-08,Preprint,,https://europepmc.org/article/PPR/PPR849477,True,2,,True,True,True,True
doi:10.1101/2025.02.28.640792,doi:10.1101/2025.02.28.640792,europepmc,europepmc;semantic_scholar,PPR:PPR986771,10.1101/2025.02.28.640792,,,"Integrating genomic, transcriptomic and epigenetic data to identify phenotypically impactful driver pathways in glioblastoma","Glioblastoma multiforme (GBM), a highly aggressive brain tumor characterized by molecular hetero-geneity, necessitates integrative approaches to decipher driver pathways and therapeutic vulnerabilities. Here, we present gtePIDP , a computational framework that systematically integrates multi-omics data (genomic, transcriptomic, epigenetic) to identify Phenotypically Impactful Driver Pathways through dual evaluation of mutation patterns (coverage/exclusivity) and downstream regulatory cascades. Lever-aging mutation profiles and expression data from The Cancer Genome Atlas (TCGA), combined with transcription factor (TF) and miRNA regulatory networks, we constructed a systems biology model to map somatic alterations to phenotypic outcomes. By iteratively pruning candidate driver genes and quantifying resultant perturbations in gene expression and regulatory activities, gtePIDP prioritizes gene sets that maximize mutational significance and phenotypic impact. Our analysis uncov-ered pivotal GBM driver pathways involving TP53, CDKN2A, MDM2 , and RB1 , which disrupt key cancer-associated regulators (e.g., oncogenic: NFATC2, MIR-370 ; tumor-suppressive: MIR-506, MIR-9, FOXJ2 ), driving dysregulation of angiogenesis, apoptosis, and proliferation. Notably, we identified ther-apeutic axes such as TP53/MIR-185/VEGFA and MDM2/SMAD4/VEGFA , suggesting anti-angiogenic targeting strategies. Furthermore, a PI3K-Akt signaling regulatory module revealed actionable targets ( CDKN2A/CREBBP/OSMR and TP53/MIR-9/FGF12 ) for intervention. By bridging mutational landscapes with transcriptional/epigenetic dysregulation, gtePIDP advances mechanistic driver pathway discovery and prioritizes targets with clinical relevance. This study highlights the power of multi-omics integration to unravel GBM pathogenesis and accelerate precision oncology strategies.",2025,2025-03-06,Preprint,,https://europepmc.org/article/PPR/PPR986771,True,1,,True,True,True,True
doi:10.1136/lupus-2020-eurolupus.147,doi:10.1136/lupus-2020-eurolupus.147,semantic_scholar,semantic_scholar,a7b3c86899e08b25b6bc0f7e722cd8a41309af25,10.1136/lupus-2020-eurolupus.147,,,P103 Aberrant DNA damage response of B cell populations in systemic lupus erythematosus,"Background SLE patients demonstrate increased levels of DNA damage, defective DNA repair and polymorphisms in genes required for maintaining genomic stability. Effective DNA damage response is crucial for the generation of antibodies by B cells while excessive production of autoantibodies is a universal feature of the disease. We sought to investigate DNA damage response/repair a) in total B cells and their subtypes in several tissues of a murine SLE model and b) in transcriptomic data derived by B cell subtypes from the peripheral blood of SLE patients. Methods Flow Cytometry analysis was performed for total B cells or their subtypes combined with γH2ΑX DNA damage marker in blood, spleen, lymph nodes and bone marrow (BM) of NZBW/F1 murine SLE model (pre-diseased, n=5/diseased, n=4) and in the blood of SLE patients (n=7) compared to healthy controls (HC, n=9). Gene set enrichment analysis (GSEA) was performed in a published B cell populations transcriptomic dataset1 derived from the blood of SLE patients (n=9) compared to HC (n=12). Results Increased γH2ΑX expression was identified in B cells from blood and BM of diseased mice compared to pre-diseased (p=0.02) as well as from blood of SLE patients with high disease activity compared to HC (p=0.02). Deregulated γH2ΑX expression levels were detected in distinct B subtypes of diseased mice (p<0.05). GSEA showed significant enrichment of DNA damage response/repair pathways in B subtypes from the blood of SLE patients compared to HC (table 1).Abstract P103 Table 1 Enriched DNA damage response/repair Gene Ontology processes and pathways in SLE B cell populations B CELL SUBTYPE GENE ONTOLOGY PROCESSES & PATHWAYS RELATED TO DNA DAMAGE RESPONSE & REPAIR (GSEA, FDR<0.25) Resting Naive (CD19+IgD+CD27–MTG–CD24+CD38+) • DNA DAMAGE RESPONSE SIGNAL TRANSDUCTION BY P53 CLASS MEDIATOR• INTRINSIC APOPTOTIC SIGNALING PATHWAY IN RESPONSE TO DNA DAMAGE• NUCLEOTIDE EXCISION REPAIR PREINCISION COMPLEX STABILIZATION• G2M CHECKPOINT• MISMATCH REPAIR Transitional 3 (CD19+IgD+CD27−MTG+CD24mid/ +CD38−) • ATM PATHWAY• G2M CHECKPOINT• BASE EXCISION REPAIR AP SITE FORMATION• DNA DAMAGE TELOMERE STRESS INDUCED SENESCENCE Activated Naive (CD19+IgD+CD27−MTG+CD24−CD38−) • G2M CHECKPOINT• GENOTOXIC DAMAGE 4HR Isotype-Switched Memory (CD19+IgD−CD27+) • CELL CYCLE CHECKPOINT• G2 DNA DAMAGE CHECKPOINT• DNA REPAIR Double-Negative (CD19+IgD−CD27−CXCR5−) • BASE EXCISION REPAIR• NUCLEOTIDE EXCISION REPAIR• MISMATCH REPAIR• DNA REPLICATION Conclusions NZBW/F1 murine SLE model presents with increased DNA damage in blood- and BM-derived total B cells and subtypes. Peripheral B cells and distinct B subpopulations show aberrant DNA damage response and repair in SLE patients. Acknowledgements ERC (No. 742390). Reference Scharer, Christopher D., et al. ‘Epigenetic programming underpins B cell dysfunction in human SLE.’Nature immunology 2019; 20.8; 1071–1082.",2020,2020-03-01,,,https://www.semanticscholar.org/paper/a7b3c86899e08b25b6bc0f7e722cd8a41309af25,False,0,,True,False,False,False
doi:10.1161/circresaha.124.325685,doi:10.1161/circresaha.124.325685,europepmc,europepmc;pubmed;scopus;semantic_scholar,MED:40146803,10.1161/circresaha.124.325685,40146803,PMC11949231,Biophysical and Biochemical Roles of Shear Stress on Endothelium: A Revisit and New Insights.,"Hemodynamic shear stress, the frictional force exerted by blood flow on the endothelium, mediates vascular homeostasis. This review examines the biophysical nature and biochemical effects of shear stress on endothelial cells, with a particular focus on its impact on cardiovascular pathophysiology. Atherosclerosis develops preferentially at arterial branches and curvatures, where disturbed flow patterns are most prevalent. The review also highlights the range of shear stress across diverse human arteries and its temporal variations, including aging-related alterations. This review presents a summary of the critical mechanosensors and flow-sensitive effectors that respond to shear stress, along with the downstream cellular events that they regulate. The review evaluates experimental models for studying shear stress in vitro and in vivo, as well as their potential limitations. The review discusses strategies targeting shear stress, including pharmacological approaches, physiological means, surgical interventions, and gene therapies. Furthermore, the review addresses emerging perspectives in hemodynamic research, including single-cell sequencing, spatial omics, metabolomics, and multiomics technologies. By integrating the biophysical and biochemical aspects of shear stress, this review offers insights into the complex interplay between hemodynamics and endothelial homeostasis at the preclinical and clinical levels.",2025,2025-03-27,review-article; Review; Journal Article,eng,https://europepmc.org/article/MED/40146803,False,3,,True,True,True,True
doi:10.1182/blood-2025-4980,doi:10.1182/blood-2025-4980,semantic_scholar,semantic_scholar,de4329314a4a65dab2185daf635805c53eba44aa,10.1182/blood-2025-4980,,,Imputing causality from single-cell transcriptomics in paroxysmal nocturnal hemoglobinuria,"Background Paroxysmal nocturnal hemoglobinuria (PNH) is a rare life-threatening acquired disease, clinically manifest as intravascular hemolysis, bone marrow (BM) failure, and venous thrombosis. PNH originates in hematopoietic stem cells (HSCs) from somatic mutation of the phosphatidylinositol glycan class A (PIGA) gene, which interrupts synthesis of the glycosylphosphoinositol (GPI) moiety and failure to express GPI-anchored cell surface proteins (GPI-AP). In immune-mediated marrow failure, PIGA-mutated (mtPIGA) HSCs clonally expand and can represent the majority of peripheral blood mature cells in PNH patients, but most GPI-AP deficient (GPI(-)) PNH clones are small and stable over time. Several hypotheses have been proposed to explain the clonal expansion of mtPIGA clones, but definitive mechanisms remain unclear. We performed single-cell RNA sequencing (scRNA-seq) of BM cells from patients with large (≥ 50%) and small (10-50%) PNH clones. Method BM from eight patients (male, n = 2, female, n = 6; median age, 43 [range, 21-67]) were divided into two groups according to PNH clone size at sample collection: five patients had large PNH clones (≥ 50% of GPI(-) HSPCs) and three had small PNH clones (10-50% of GPI(-) HSPCs). BM samples were obtained from the eight patients and five age- and sex-matched healthy donors. Flow cytometric sorting of GPI(-) and GPI(+) cells from subjects was performed immediately following isolation of BM mononuclear cells (BMMNCs). Sorted cells were processed through Chromium Controller (10x genomics, Pleasanton, CA, USA). scRNA-Seq libraries were constructed using the Chromium Single Cell 3' Reagent Kits (10x genomics) and sequenced with the NovaSeq 6000 system (Illumina, San Diego, CA, USA). Results As expected, gene expression profiles of HSPCs from PNH patients and healthy controls were different by scRNA-seq analysis, but differences were also apparent between GPI(-) and GPI(+) HSPCs within each patient, and notably between HSPCs from patients with small and large PNH clones. We determined gene expression profiles of each HSPC subset in patients with large PNH clones: by gene set enrichment analysis (GSEA) of differentially expressed genes between GPI(+) vs GPI(-) HSPCs, upregulation of immune response pathways and downregulation of cell-cycling pathways were observed in GPI(+) HSPCs (consistent with our previous results from array data, Chen G et al, Leukemia. 2005;19(5) 862-8). When we compared patients with small and large clones, we were surprised to observe downregulation of genes involved in immune response pathways and upregulation of genes involved in cell-cycling pathways in unmutated GPI(+) HSPCs, as compared to GPI(-) HSPCs, a trend opposite to that seen for HSPCs from patients with large PNH clones. When gene module scores were calculated to directly compare transcriptional features across GPI(+) and GPI(-) HSCs of patients with small and large PNH clones, GPI(+) HSCs in patients with large PNH clones showed significantly higher IFN-γ response and activated HSC module scores than those of GPI(+) HSCs n patients with small PNH clones. However, these scores were equivalent between GPI(-) HSCs from patients with large PNH clones and those from patients with small PNH clones. In summary, transcriptional changes in GPI(+) HSCs, not in GPI(-) HSCs, explain differences in gene expression between GPI(+) and GPI(-) HSCs in PNH. We elucidated gene expression profiles in the PNH BM environment by examining transcriptomes of enriched BM immune cells by scRNA-seq. When gene expression of BM effector cells was compared between patients with small and large PNH clones, upregulation of IFN-γ response pathway was observed in most effector cells from patients with large PNH clones. In addition, cell-cell communications between effector cells and GPI(+) normal HSPCs were enhanced in patients with large PNH clones. In contrast, enhanced interactions between effector cells and GPI(+) HSPCs were not seen in patients with small PNH clones. These results indicate that strong negative selection by effector immune cells on GPI(+) HSCs is linked to clonal expansion of GPI(-) HSCs. Conclusion Our results provide direct evidence of functional evolution in clonal hematopoiesis, and immune escape as responsible for the co-occurrence of PNH and immune bone marrow failure.",2025,2025-11-03,JournalArticle,,https://www.semanticscholar.org/paper/de4329314a4a65dab2185daf635805c53eba44aa,False,0,,True,False,True,False
doi:10.1182/blood-2025-978,doi:10.1182/blood-2025-978,semantic_scholar,semantic_scholar,b939cfce91858c120d06f5230155f1bc2759e0a9,10.1182/blood-2025-978,,,Perturbation of iNKT differentiation during clonal hematopoiesis from rewiring of inflammation and lipid presentation,"Invariant Natural Killer T (iNKT) cells are a rare, non-conventional T cell subset that recognize lipid antigens presented by the MHC class I-like molecule CD1d. Upon activation, iNKTs rapidly produce a wide range of cytokines, enabling them to serve as first responders and modulators of both innate and adaptive immunity. Their roles in inflammation, infection, tumor surveillance, and tissue homeostasis are well documented, but how iNKTs behave in the context of early hematologic transformation remains unclear. Clonal Hematopoiesis of Indeterminate Potential (CHIP) is a common, age-associated premalignant condition characterized by somatic mutations in hematopoietic stem/progenitor cells, most frequently in genes involved in epigenetic regulation such as TET2. CHIP not only predisposes to myeloid malignancies but also promotes systemic inflammation, a hallmark of early disease evolution. While TET2 loss has been shown to promote myeloid skewing and inflammatory signaling, its impact on iNKT biology remains unexplored. We hypothesized that TET2-deficient clonal hematopoiesis alters peripheral iNKT cell homeostasis and function through inflammation and disruption of lipid antigen presentation. To model CHIP, we used a non-irradiated bone marrow chimera system in which wild-type recipients were transplanted with Tet2-deficient (Tet2KO) bone marrow cells. This setup preserves a functional thymus, allowing us to study peripheral effects of clonal hematopoiesis on immune cells in the absence of irradiation-induced artifacts. Tet2KO murine chimeras exhibited a significant and progressive loss of peripheral non-mutated iNKT cells, correlating inversely with the extent of Tet2-deficient hematopoiesis. Thymic iNKT development remained intact, suggesting that peripheral environmental factors, rather than developmental defects, are responsible for the observed phenotype. Single-cell RNA sequencing revealed that Tet2-exposed iNKT cells displayed transcriptional signatures consistent with chronic activation, enhanced TCR signaling, and skewing toward the iNKT17 lineage, while iNKT1-defining transcriptional programs were suppressed. Flow cytometry confirmed a marked reduction in iNKT1 cells and a reciprocal expansion of iNKT17 cells in the spleens of Tet2KO chimeras. The cytokine known to promote iNKT17 differentiation, IL-6, was significantly elevated in the plasma of Tet2KO mice. Transcriptomic data revealed robust enrichment of IL-6–STAT3 target genes in iNKTs exposed to the Tet2-deficient microenvironment, further supporting a mechanistic link. In parallel, ATAC-seq profiling of iNKTs revealed increased chromatin accessibility at NFκB-associated transcription factor motifs and inflammatory response elements, indicating sustained activation.Given that iNKT activation depends on recognition of lipid antigens presented by CD1d, we next examined whether Tet2 loss alters this axis. Tet2KO hematopoietic cells exhibited significantly increased CD1d surface expression on multiple immune cell populations. To assess whether Tet2 deficiency perturbs the composition of lipid antigens available for CD1d presentation, we performed liquid chromatography–mass spectrometry LC-MS lipidomic profiling on Tet2-deficient and WT K562 cells. Notably, Tet2 loss resulted in significant alterations in endogenous glycolipid composition, including the enrichment of several lipid species known to be presented by CD1d to iNKT cells. These findings suggest that Tet2 regulates not only immune signaling but also the antigenic landscape that shapes iNKT activation and differentiation. Our study reveals a novel mechanism by which TET2 mutations in hematopoietic cells reprogram the immune microenvironment and impair the function of iNKT cells. We demonstrate that TET2 loss promotes a dual-hit effect: it generates a pro-inflammatory environment that skews iNKT differentiation toward an iNKT17 fate, and it alters both CD1d expression and lipid antigen composition, potentially reshaping the antigenic context that governs iNKT activation. These findings uncover a previously unrecognized role for TET2 in regulating lipid antigen presentation and iNKT homeostasis. By linking epigenetic dysregulation to innate-like T cell dysfunction, our work provides a mechanistic framework for understanding immune evasion in early clonal hematopoiesis and offers novel immunometabolic targets for therapeutic intervention in CHIP and preleukemic states.",2025,2025-11-03,JournalArticle,,https://www.semanticscholar.org/paper/b939cfce91858c120d06f5230155f1bc2759e0a9,False,0,,True,False,True,False
doi:10.1186/s12866-026-04987-9,doi:10.1186/s12866-026-04987-9,semantic_scholar,europepmc;openalex;pubmed;scopus;semantic_scholar,282a59d8c2c3fac9e249e61252428b5923cf7e1b,10.1186/s12866-026-04987-9,41877025,13137672,Integrated analysis of the gut mycobiota and plasma metabolome reveals mortality and age-specific characteristics in sepsis,"Background Sepsis, a life-threatening syndrome with especially high incidence and mortality in older adults, imposes a major global health burden. Although the gut bacterial microbiota is known to influence sepsis pathogenesis, the role of the gut fungal community (mycobiota) and its functional metabolic output remains largely unknown. In this study, we characterized sepsis-associated alterations in the gut mycobiota and related plasma metabolic signatures, and explored their associations with age and survival outcomes. Methods We conducted an integrated multi-omics analysis of fecal samples from patients with sepsis and matched healthy controls. Using internal transcribed spacer 1 (ITS1) sequencing and untargeted plasma metabolomics at admission, we compared the gut mycobiota composition and metabolic profiles between groups across age strata (non-older vs. older adults) and survival outcomes. Results Patients with sepsis exhibited significant gut mycobiota dysbiosis, characterized by a loss of diversity and marked overgrowth of opportunistic Candida. Metabolomics revealed distinct perturbations, particularly in the bile acid and inflammatory pathways. These alterations were profoundly exacerbated in non-survivors and elderly patients and were strongly correlated with higher Acute Physiology and Chronic Health Evaluation II (APACHE II) scores, organ failure, and mortality. Conclusion Our study identified a sepsis-specific gut mycobiota signature and associated plasma metabolomic disturbances that were associated with mortality and accentuated by aging. These findings reveal an association between the gut mycobiota, host metabolism, and clinical outcomes in sepsis, which merits further validation to assess its potential for prognostic or therapeutic applications. However, the causal relationship remains to be established, and future studies are needed to validate these associations and explore their translational potential. Graphical Abstract Summary of the study design and key findings. The integrated multi-omics analysis characterized alterations in the gut mycobiota and plasma metabolome in sepsis patients stratified by age and survival status, revealing associations of microbial and metabolic signatures with clinical outcomes. Supplementary Information The online version contains supplementary material available at 10.1186/s12866-026-04987-9.",2026,2026-03-24,JournalArticle,,https://www.semanticscholar.org/paper/282a59d8c2c3fac9e249e61252428b5923cf7e1b,False,4,,True,True,True,True
doi:10.1186/s13059-017-1185-3,doi:10.1186/s13059-017-1185-3,europepmc,europepmc;pubmed;scopus,MED:28351383,10.1186/s13059-017-1185-3,28351383,PMC5370462,Diverse interventions that extend mouse lifespan suppress shared age-associated epigenetic changes at critical gene regulatory regions.,"Background Age-associated epigenetic changes are implicated in aging. Notably, age-associated DNA methylation changes comprise a so-called aging ""clock"", a robust biomarker of aging. However, while genetic, dietary and drug interventions can extend lifespan, their impact on the epigenome is uncharacterised. To fill this knowledge gap, we defined age-associated DNA methylation changes at the whole-genome, single-nucleotide level in mouse liver and tested the impact of longevity-promoting interventions, specifically the Ames dwarf Prop1 df/df mutation, calorie restriction and rapamycin. Results In wild-type mice fed an unsupplemented ad libitum diet, age-associated hypomethylation was enriched at super-enhancers in highly expressed genes critical for liver function. Genes harbouring hypomethylated enhancers were enriched for genes that change expression with age. Hypermethylation was enriched at CpG islands marked with bivalent activating and repressing histone modifications and resembled hypermethylation in liver cancer. Age-associated methylation changes are suppressed in Ames dwarf and calorie restricted mice and more selectively and less specifically in rapamycin treated mice. Conclusions Age-associated hypo- and hypermethylation events occur at distinct regulatory features of the genome. Distinct longevity-promoting interventions, specifically genetic, dietary and drug interventions, suppress some age-associated methylation changes, consistent with the idea that these interventions exert their beneficial effects, in part, by modulation of the epigenome. This study is a foundation to understand the epigenetic contribution to healthy aging and longevity and the molecular basis of the DNA methylation clock.",2017,2017-03-28,"Research Support, Non-U.S. Gov't; research-article; Journal Article; Research Support, N.I.H., Extramural",eng,https://europepmc.org/article/MED/28351383,False,2,,True,True,True,True
doi:10.1186/scrt138,doi:10.1186/scrt138,semantic_scholar,semantic_scholar,671c6a0e261a488d15009e98acf64413bdcb5899,10.1186/scrt138,23168092,3580477,From cytogenomic to epigenomic profiles: monitoring the biologic behavior of in vitro cultured human bone marrow mesenchymal stem cells,"Bone marrow mesenchymal stem cells (BM-MSCs) are multipotent cells that can differentiate into different cell lineages and have emerged as a promising tool for cell-targeted therapies and tissue engineering. Their use in a therapeutic context requires large-scale in vitro expansion, increasing the probability of genetic and epigenetic instabilities. Some evidence shows that an organized program of replicative senescence is triggered in human BM-MSCs (hBM-MSCs) on prolonged in vitro expansion that includes alterations in phenotype, differentiation potential, telomere length, proliferation rates, global gene-expression patterns, and DNA methylation profiles. In this study, we monitored the chromosomal status, the biologic behavior, and the senescence state of hBM-MSCs derived from eight healthy donors at different passages during in vitro propagation. For a more complete picture, the telomere length was also monitored in five of eight donors, whereas the genomic profile was evaluated in three of eight donors by array-comparative genomic hybridization (array-CGH). Finally, an epigenomic profile was delineated and compared between early and late passages, by pooling DNA of hBM-MSCs from four donors. Our data indicate that long-term culture severely affects the characteristics of hBM-MSCs. All the observed changes (that is, enlarged morphology, decreased number of cell divisions, random loss of genomic regions, telomere shortening) might be regulated by epigenetic modifications. Gene Ontology analysis revealed that specific biologic processes of hBM-MSCs are affected by variations in DNA methylation from early to late passages. Because we revealed a significant decrease in DNA methylation levels in hBM-MSCs during long-term culture, it is very important to unravel how these modifications can influence the biologic features of hBM-MSCs to keep track of this organized program and also to clarify the conflicting observations on hBM-MSC malignant transformation in the literature.",2012,2012-11-20,JournalArticle,,https://www.semanticscholar.org/paper/671c6a0e261a488d15009e98acf64413bdcb5899,False,0,,True,False,False,False
doi:10.29219/fnr.v69.11923,doi:10.29219/fnr.v69.11923,semantic_scholar,semantic_scholar,d956e6c44ca2dda2b6071c1f3fceb2c1b06aa239,10.29219/fnr.v69.11923,40761502,12320767,Aged garlic attenuates neuroinflammation via modulating the NF-κB pathway: Insights from multi-omics analyses,"Background Neuroinflammation is a key pathological feature in many neurodegenerative diseases, and the nuclear factor kappa-B (NF-κB) signaling pathway is a central mediator of this response. Aged garlic extract (AGE) is a functional food with well-documented antioxidant and anti-inflammatory properties, but its role in mitigating neuroinflammation remains unclear. Objective This study investigates the effects of AGE on neuroinflammation by modulating the NF-κB signaling pathway using multi-omics analyses and experimental validation. Design Lipopolysaccharide (LPS)-induced BV2 microglial cells and LPS-treated C57BL/6 mice were used to assess the effects of AGE. Transcriptomics, metabolomics, and network pharmacology approaches identified potential targets and pathways, focusing on NF-κB signaling. In vitro and in vivo models were employed to evaluate behavioral, biochemical, and histological outcomes. Results AGE reduced pro-inflammatory cytokines (tumor necrosis factor-α, interleukin-1β, inducible nitric oxide synthase, and cyclooxygenase-2) in LPS-stimulated BV2 cells and suppressed microglial activation and neuronal damage in LPS-induced mice. Transcriptomic analysis showed that NF-κB pathway inhibition mediated these effects, with molecular docking confirming interactions between aged garlic compounds and NF-κB targets (NF-κB2 and NF-κB3). Conclusion AGE attenuates neuroinflammation by inhibiting the NF-κB signaling pathway, improving cognitive and motor functions, and reducing neuronal injury in experimental models. These findings suggest aged garlic as a promising neuroprotective agent against neuroinflammation.",2025,2025-07-09,JournalArticle,,https://www.semanticscholar.org/paper/d956e6c44ca2dda2b6071c1f3fceb2c1b06aa239,False,0,,True,False,True,False
doi:10.3389/fpsyt.2025.1730143,doi:10.3389/fpsyt.2025.1730143,pubmed,pubmed;scopus,41704524,10.3389/fpsyt.2025.1730143,41704524,PMC12907309,Brain imaging data and summary data-based Mendelian randomization analysis reveal the impact of multiorgan aging on schizophrenia.,"The adverse health outcomes of schizophrenia (SZ) are largely driven by the high prevalence of other non-neurological diseases. In addition to accelerated brain aging, patients with SZ also exhibit signs of systemic aging. However, the potential causal or biological mechanisms between multisystem aging and schizophrenia remain unknown. We obtained SZ-associated single-nucleotide polymorphism (SNP) sets, aging gene data, and tissue-specific cis-expression quantitative trait locus (cis-eQTL) data of the cerebral cortex and other tissues from a previous two-stage genome-wide association study (GWAS), GeneCards database, and Genotype-Tissue Expression (GTEx) project. We employed tissue-specific Mendelian randomization (MR) analysis to elucidate the tissue-specific expression patterns of aging-related genes, and used the summary data-based MR (SMR) approach to obtain tissue aging-related genes associated with the risk of SZ development. We identified the potential aging-related pathways through which these tissue-specific cis-eQTLs may affect SZ using enrichment analyses. Finally, we explored the relationship between the identified crucial aging-related genes and predicted age difference (PAD) of the brain in our clinical patients. We found that the expression of tissue-specific aging genes, including synuclein alpha ( SNCA ), angiotensin I converting enzyme ( ACE ), BRCA1 DNA repair-associated ( BRCA1 ), MutL homolog 1 ( MLH1 ), vascular endothelial growth factor A ( VEGFA) , microtubule-associated protein tau ( MAPT ), and age-related maculopathy susceptibility 2 ( ARMS2 ), may affect SZ. The tissue-specific cis-eQTL may influence SZ through aging pathways. The brain PAD was significantly higher in the high-expression group of BRCA1 than in the low-expression group. This study provides valuable clues to understand the link between SZ and multiorgan system aging and improves the current understanding of multiple tissue-specific aging-related genes with SZ.",2026,2026-02-02,Journal Article,eng,https://pubmed.ncbi.nlm.nih.gov/41704524/,False,1,,False,True,True,False
doi:10.3390/nu17223607,doi:10.3390/nu17223607,pubmed,pubmed;scopus,41305657,10.3390/nu17223607,41305657,PMC12655561,Luteolin Alleviates Vascular Senescence Through Retinoic Acid-Peroxisome Proliferator-Activated Receptor Signaling and Lipid Metabolism Remodeling Combined with Multi-Omics Analysis.,"Background: Although luteolin (Lut) is well recognized for its anti-inflammatory and antioxidant effects, its potential role in preventing vascular senescence remains underexplored in primary vascular aging. This study aimed to investigate the anti-vascular-aging effects of Lut in both cellular and murine aging models and to elucidate its conserved molecular mechanisms across species. Methods: Canine and feline vascular endothelial cells (cVECs and fVECs) were subjected to doxorubicin-induced senescence, while senescence-accelerated mice prone 8 (SAMP8) received an 8-week dietary supplementation with Lut. Senescence markers, inflammatory cytokines, antioxidant activities, vascular biomechanics, and histological changes were assessed. Transcriptomic and metabolomic analyses were combined to identify molecular pathways. Statistical significance was determined by one-way analysis of variance with Tukey's or Games-Howell post hoc tests ( p < 0.05). Results: Lut markedly reduced senescence-associated β-galactosidase activity, suppressed interleukin-6 and matrix metalloproteinase expression ( p < 0.05), and enhanced superoxide dismutase activity and nicotinamide adenine dinucleotide levels ( p < 0.05) in cVECs, fVECs, and SAMP8 sera. In aged mice, Lut alleviated arterial wall thickening and vascular inflammation, improved vascular biomechanics and systemic oxygenation ( p < 0.05), and attenuated cardiac and hepatic inflammatory infiltration. Multi-omics analyses in cVECs revealed that Lut targets aldehyde dehydrogenase 1 to increase 9-cis retinoic acid, thereby activating the retinol X receptor-peroxisome proliferator-activated receptor (PPAR) network, which accelerates lipid clearance and oxidation. Consistent activation of this pathway was validated in murine vascular transcriptomes. Conclusions: These findings demonstrate that Lut delays vascular aging by activating the retinoic acid-PPAR axis and reprogramming lipid metabolism. This conserved mechanism was consistently observed in doxorubicin-induced cVEC senescence and the SAMP8 model, underscoring the robustness of Lut's action across distinct contexts of vascular aging.",2025,2025-11-19,Journal Article,eng,https://pubmed.ncbi.nlm.nih.gov/41305657/,False,1,,True,True,False,False
doi:10.3760/cma.j.cn501225-20240830-00320,doi:10.3760/cma.j.cn501225-20240830-00320,europepmc,europepmc;google_scholar;pubmed;scopus;semantic_scholar,MED:40588408,10.3760/cma.j.cn501225-20240830-00320,40588408,PMC12242939,[Multi-omics Mendelian randomization study on the causality between non-ionizing radiation and facial aging].,"Objective: To investigate the causality between non-ionizing radiation and facial aging, and to identify potential genes associated with facial aging. Methods: This study employed a method of analysis based on multiple Mendelian randomization (MR). Genome-wide association study data of non-ionizing radiation (FinnGen database, n =218 281) and facial aging (UK Biobank database, n =423 999) were retrieved. Single nucleotide polymorphisms (SNPs) were used as instrumental variables, with a significance threshold ( P -6 ) applied and further linkage disequilibrium analysis performed to select SNPs associated with non-ionizing radiation. Two-sample MR (TSMR) analysis was conducted to assess the causality between non-ionizing radiation and facial aging, using inverse variance weighting (IVW) method as the primary analytical method and supplementing with MR-Egger regression, weighted median, weighted mode, and simple mode methods for validation. For the selected non-ionizing radiation-associated SNPs, heterogeneity was tested by Cochran Q test, horizontal pleiotropy was assessed by the MR-Egger intercept test and MR-PRESSO test, and robustness was evaluated via leave-one-out analysis. Multivariable MR (MVMR) analysis was performed to adjust for confounding factors affecting facial aging including smoking frequency, blood alcohol concentration, exercise frequency, body mass index, and systolic and diastolic blood pressure. Summary-data-based MR (SMR) analysis using expression quantitative trait loci (eQTL) data was conducted to screen candidate genes of facial aging, which were then validated by TSMR analysis. Protein quantitative trait loci (pQTL) and methylation quantitative trait loci (mQTL) data were analyzed by TSMR analysis to examine the causal role of MED1 gene with facial aging from multi-omics aspect. The genetic association of MED1 gene with facial aging was verified by colocalization analysis (posterior probability H4>50%). Results: Twenty non-ionizing radiation-related SNPs that reached the significance threshold were screened out, with F values being all >10. IVW analysis demonstrated a positive causality between non-ionizing radiation and facial aging (with odds ratio of 1.02, with 95% confidence interval of 1.01-1.02, P P Q test under IVW method and MR-Egger showed no significant heterogeneity (with Q values of 23.20 and 22.59, respectively, P >0.05); the MR-Egger intercept test (with intercept absolute value of 0.01, with standard error of 0.01, P >0.05) and MR-PRESSO test ( P >0.05) indicated no horizontal pleiotropy. Leave-one-out analysis further confirmed that no individual SNP had a significant effect on the results. After correction of confounding factors such as systolic blood pressure, diastolic blood pressure, smoking frequency, blood alcohol concentration, body mass index, and exercise frequency, MVMR analysis showed that non-ionizing radiation remained a risk factor for facial aging (with odds ratios of 1.01, 1.01, 1.02, 1.02, 1.01, and 1.04, respectively, with 95% confidence intervals of 1.01-1.02, 1.01-1.02, 1.01-1.02, 1.01-1.02, 1.00-1.01, and 1.03-1.05, respectively, all P values SENP7 , CCND1 , LTBP2 , IKZF3 , MED1 , ORMDL3 , ZBTB7B , LOX , NEBL , EXOSC6 , PSMA4 , and EIF2B2, with odds ratios of 1.01, 1.03, 1.04, 0.99, 1.04, 1.01, 1.06, 0.88, 1.01, 0.99, 1.04, and 0.99, respectively, all P values ZBTB7B , SENP7 , NEBL , MED1 , PSMA4 , and ORMDL3 , with odds ratios of 1.04, 1.01, 1.00, 1.02, 1.03, and 1.01, respectively, with 95% confidence intervals of 1.02-1.05, 1.00-1.01, 1.00-1.01, 1.01-1.03, 1.01-1.04, and 1.00-1.01, respectively, all P values LOX , EIF2B2 , EXOSC6 , and IKZF3, with odds ratios of 0.92, 0.99, 0.99, and 0.99, respectively, with 95% confidence intervals of 0.90-0.94, 0.99-0.99, 0.99-1.00, and 0.99-1.00, respectively, all P values P MED1 gene methylation (with probes of cg15445000 and cg03013999) had a protective effect on facial aging (with odds ratios of 0.99 and 0.99, respectively, both P values MED1 gene and facial aging likely shared the same causal genetic variant. Conclusions: Through multi-omics MR analyses, it has confirmed that there is a causality between non-ionizing radiation and facial aging, which remained highly significant after correcting for potential confounders such as smoking frequency, blood alcohol concentration, exercise frequency, and the others. Clearly, 10 genes including S ENP7 , NEBL , EIF2B2 , PSMA4 , EXOSC6 , IKZF3 , ORMDL3 , ZBTB7B , LOX , and MED1 , particularly the MED1 , may be involved in the process of facial aging.",2025,2025-06-01,research-article; Journal Article; English Abstract,chi,https://europepmc.org/article/MED/40588408,False,4,,True,True,True,True
doi:10.4137/grsb.s13204,doi:10.4137/grsb.s13204,pubmed,pubmed,24250222,10.4137/grsb.s13204,24250222,PMC3825669,Pathway Analysis of ChIP-Seq-Based NRF1 Target Genes Suggests a Logical Hypothesis of their Involvement in the Pathogenesis of Neurodegenerative Diseases.,"Nuclear respiratory factor 1 (NRF1) serves as a transcription factor that activates the expression of a wide range of nuclear genes essential for mitochondrial biogenesis and function, including mitochondrial respiratory complex subunits, heme biosynthetic enzymes, and regulatory factors involved in the replication and transcription of mitochondrial DNA. Increasing evidence indicates that mitochondrial function is severely compromised in the brains of aging-related neurodegenerative diseases. To identify the comprehensive set of human NRF1 target genes potentially relevant to the pathogenesis of neurodegenerative diseases, we analyzed the NRF1 chromatin immunoprecipitation followed by deep sequencing (ChIP-Seq) dataset retrieved from the Encyclopedia of DNA Elements (ENCODE) project. Overall, we identified 2,470 highly stringent ChIP-Seq peaks on protein-coding genes in SK-N-SH human neuroblastoma cells. They were accumulated in the proximal promoter regions with an existence of the NRF1-binding consensus sequence. The set of ChIP-Seq-based NRF1 target genes included known NRF1 targets such as EIF2S1, EIF2S2, CYCS, FMR1, FXR2, E2F6, CD47, and TOMM34. By pathway analysis, the molecules located in the core pathways related to mitochondrial respiratory function were determined to be highly enriched in NRF1 target genes. Furthermore, we found that NRF1 target genes play a pivotal role in regulation of extra-mitochondrial biological processes, including RNA metabolism, splicing, cell cycle, DNA damage repair, protein translation initiation, and ubiquitin-mediated protein degradation. We identified a panel of neurodegenerative disease-related genes, such as PARK2 (Parkin), PARK6 (Pink1), PARK7 (DJ-1), and PAELR (GPR37) for Parkinson's disease, as well as PSENEN (Pen2) and MAPT (tau) for Alzheimer's disease, as previously unrecognized NRF1 targets. These results suggest a logical hypothesis that aberrant regulation of NRF1 and its targets might contribute to the pathogenesis of human neurodegenerative diseases via perturbation of diverse mitochondrial and extra-mitochondrial functions.",2013,2013-11-04,Journal Article,eng,https://pubmed.ncbi.nlm.nih.gov/24250222/,False,0,,False,True,True,False
doi:10.7754/clin.lab.2024.240701,doi:10.7754/clin.lab.2024.240701,semantic_scholar,semantic_scholar,251b646500744f5679e79e9cefd2a5f5eecbc365,10.7754/clin.lab.2024.240701,40066548,,METTL7A as a New Candidate Biomarker in Gastric Cancer by Genomics and Data-Independent Acquisition Proteomic Analysis.,"BACKGROUND Early diagnosis and intervention are essential for improving the prognosis and survival of gastric cancer (GC) patients. However, specific biomarkers for early GC diagnosis are still unavailable. METHODS Data-independent acquisition (DIA) proteomics was employed to identify differentially expressed proteins (DEPs) between GC and adjacent non-tumor tissues. Functional and pathway enrichment analyses were conducted, with subsequent genomic-level validation. Methyltransferase-like 7A (METTL7A) expression in GC versus adjacent tissues was confirmed via tissue microarray analysis. Correlations between METTL7A expression, clinical characteristics, and immune infiltration were also explored. Additionally, co-expressed genes related to METTL7A were analyzed, and gene set variation analysis (GSVA) was performed. RESULTS DIA proteomics identified 84 DEPs, mainly involved in protein binding and enriched in complement and coagulation pathways. Eight DEPs overlapped with results from the gene expression omnibus (GEO) dataset. METTL7A expression was significantly lower in GC tissues compared to adjacent tissues, confirmed at the genomic level. The cancer genome atlas (TCGA) analysis revealed an area under the receiver operating characteristic (ROC) curve (AUC) of 0.81, with METTL7A expression inversely correlated with age (p = 7.307e-05). Tissue microarray analysis further confirmed reduced METTL7A expression in GC tissues (p = 0.000). METTL7A expression was positively correlated with activated B cells and negatively correlated with activated CD4 T cells. CONCLUSIONS METTL7A is a promising biomarker for early GC diagnosis.",2025,2025-03-01,JournalArticle,,https://www.semanticscholar.org/paper/251b646500744f5679e79e9cefd2a5f5eecbc365,False,0,,True,False,True,False
