candidate_id,doi,title,year,sources,proposed_design_family,omics_layers,explicit_multiomics_match,layer_pair_match,formal_method_evidence,aging_evidence,algorithmic_score,candidate_status,expert_1_empirical_primary,expert_1_aging_eligible,expert_1_multiomics_eligible,expert_1_causal_method_eligible,expert_1_overall,expert_2_empirical_primary,expert_2_aging_eligible,expert_2_multiomics_eligible,expert_2_causal_method_eligible,expert_2_overall,adjudicated_empirical_primary,adjudicated_aging_eligible,adjudicated_multiomics_eligible,adjudicated_causal_method_eligible,adjudicated_status,adjudicated_design_family,adjudication_notes
doi:10.1101/2025.07.11.664466,10.1101/2025.07.11.664466,A multi-omics analysis of human fibroblasts overexpressing an Alu transposon reveals widespread disruptions in aging-associated pathways,2025,europepmc,direct_perturbation,genomics;proteomics;transcriptomics,True,True,"Here, we show that overexpression of an AluJb transposon in human primary IMR-90 fibroblasts leads to large-scale alterations across the transcriptome, cellular proteome, and secretome.","ABSTRACT During aging and cellular senescence, repetitive elements are frequently transcriptionally derepressed across species and cell types.",8,unreviewed_candidate_not_gold,pending,pending,pending,pending,pending,pending,pending,pending,pending,pending,pending,pending,pending,pending,pending,,
doi:10.1007/s11357-025-02033-6,10.1007/s11357-025-02033-6,A multi-omics analysis of human fibroblasts overexpressing an Alu transposon reveals widespread disruptions in aging-associated pathways.,2026,europepmc;pubmed,direct_perturbation,genomics;proteomics;transcriptomics,True,True,"Here, we show that overexpression of an AluJb transposon in human primary IMR-90 fibroblasts leads to large-scale alterations across the transcriptome, cellular proteome, and secretome.","During aging and cellular senescence, repetitive elements are frequently transcriptionally derepressed across species and cell types.",8,unreviewed_candidate_not_gold,pending,pending,pending,pending,pending,pending,pending,pending,pending,pending,pending,pending,pending,pending,pending,,
doi:10.1371/journal.pone.0018512,10.1371/journal.pone.0018512,Absence of Ataxin-3 Leads to Enhanced Stress Response in C. elegans,2011,semantic_scholar,direct_perturbation,proteomics;transcriptomics,False,True,elegans ataxin-3 (ATX-3) knockout animals.,"The improved thermotolerancein ATX-3 mutants is independent of heat shock factor 1, the maestro of the heat shock response, but fully dependent on DAF-16, a critical stress responsive transcription factor involved in longevity and stress resistance.",5,unreviewed_candidate_not_gold,pending,pending,pending,pending,pending,pending,pending,pending,pending,pending,pending,pending,pending,pending,pending,,
doi:10.64898/2026.01.20.700435,10.64898/2026.01.20.700435,"Acetyl-CoA availability regulates neuronal metabolism, growth, and synaptic activity.",2026,pubmed,direct_perturbation,metabolomics;proteomics;transcriptomics,False,True,"Here, we show that AT-1 overexpression in primary neurons impacts diverse phenotypes related to neuronal function and plasticity.","At the gene level, AT-1 induces brain aging signatures, and key differences in ribosomal and synaptic processes were identified in both the transcriptome and the proteome.",6,unreviewed_candidate_not_gold,pending,pending,pending,pending,pending,pending,pending,pending,pending,pending,pending,pending,pending,pending,pending,,
doi:10.3390/biology15050441,10.3390/biology15050441,Age-Dependent Alterations in Intestinal Barrier Function: Involvement of Microbiota and TLR4 Signaling.,2026,pubmed,direct_perturbation,microbiomics;transcriptomics,False,True,"This study investigated age-related changes in barrier function and the role of TLR4 using C57BL/6J and TLR4 knockout (TLR4 -/- ) mice across key developmental stages: pups (postnatal day 9), adults (2-4 months), middle-aged (7-9 months), and old (16-19 months).","The intestinal barrier undergoes profound changes with age, impacting local immunity and systemic health, yet the mechanisms coordinating immune and microbial dynamics across the lifespan remain incompletely understood.",5,unreviewed_candidate_not_gold,pending,pending,pending,pending,pending,pending,pending,pending,pending,pending,pending,pending,pending,pending,pending,,
doi:10.1038/s41467-026-72381-0,10.1038/s41467-026-72381-0,"An antagonistically pleiotropic gene regulates vertebrate growth, maturity, and lifespan.",2026,europepmc;pubmed,direct_perturbation,genomics;transcriptomics,False,True,"Here, combining genetic perturbation with longitudinal phenotyping in the turquoise killifish (Nothobranchius furzeri), we identify vestigial-like 3 (vgll3), previously linked by GWAS to age at maturity in humans and male Atlantic salmon, as a gene with antagonistically pleiotropic effects.","An antagonistically pleiotropic gene regulates vertebrate growth, maturity, and lifespan..",8,unreviewed_candidate_not_gold,pending,pending,pending,pending,pending,pending,pending,pending,pending,pending,pending,pending,pending,pending,pending,,
doi:10.1161/jaha.125.047447,10.1161/jaha.125.047447,Cardiomyocyte-Specific Plakophilin-2 Loss Is Sufficient to Induce Aging and Senescence of Nonmyocytes: Relevance to Arrhythmogenic Cardiomyopathy.,2026,europepmc;pubmed,direct_perturbation,proteomics;transcriptomics,False,True,"Senescence-associated heterochromatin foci and increased epigenetic age were not found in cardiomyocytes from cardiomyocyte-specific conditional knockout of plakophilin-2 hearts, although we observed structural features associated with premature aging.",This is the first study to intersect cellular senescence and premature aging with desmosomal arrhythmogenic cardiomyopathies.,5,unreviewed_candidate_not_gold,pending,pending,pending,pending,pending,pending,pending,pending,pending,pending,pending,pending,pending,pending,pending,,
doi:10.64898/2026.07.10.735668,10.64898/2026.07.10.735668,Conserved Transcriptomic Signatures of Sirt6 Activity: A Cross-Species RNA-seq Meta-analysis,2026,europepmc;pubmed,direct_perturbation,genomics;transcriptomics,False,True,"In the present study, we conducted a meta-analysis of 19 mammalian RNA-seq datasets in which Sirt6 levels were perturbed (knockout, knockdown, or overexpression).","Defining the Sirt6-regulated transcriptome is relevant to understanding the various important physiological roles of Sirt6, such as extending lifespan, maintaining metabolic health, and tumor suppression.",5,unreviewed_candidate_not_gold,pending,pending,pending,pending,pending,pending,pending,pending,pending,pending,pending,pending,pending,pending,pending,,
doi:10.1016/j.redox.2026.104065,10.1016/j.redox.2026.104065,ERRα-NOS2-mediated citrulline metabolism attenuates tubular epithelial cell senescence in diabetic kidney disease.,2026,pubmed,direct_perturbation,epigenomics;transcriptomics,False,True,"TECs-specific knockout of ERRα led to reduced NOS2 expression and decreased citrulline levels, exacerbating TECs injury and senescence.","Furthermore, overexpression of NOS2 and supplementation with citrulline ameliorated renal dysfunction and cellular senescence in diabetic mice, underscoring the importance of this metabolic axis.",5,unreviewed_candidate_not_gold,pending,pending,pending,pending,pending,pending,pending,pending,pending,pending,pending,pending,pending,pending,pending,,
doi:10.1038/s41467-025-66217-6,10.1038/s41467-025-66217-6,"Egr1 is a sex-dependent regulator of neuronal chromatin, structural plasticity, and behaviour.",2025,pubmed,direct_perturbation,epigenomics;genomics;transcriptomics,False,True,"Importantly, Egr1 overexpression and knockdown partially mimic the vHIP chromatin state associated with the high and low-oestrogenic phase of the oestrous cycle, respectively.",A major source of brain sex differences is differential secretion of steroid hormones from the gonads across the lifespan.,6,unreviewed_candidate_not_gold,pending,pending,pending,pending,pending,pending,pending,pending,pending,pending,pending,pending,pending,pending,pending,,
doi:10.1016/j.intimp.2026.116802,10.1016/j.intimp.2026.116802,FBXO7 protects against osteoarthritis by promoting IL-6 ubiquitination and inhibiting JAK1/STAT3 signaling.,2026,europepmc;pubmed,direct_perturbation,proteomics;transcriptomics,False,True,"In vivo therapeutic efficacy was evaluated using DMM-induced OA mice treated with lenti-FBXO7, and loss-of-function studies were conducted using Fbxo7 conditional knockout mice.","In vivo studies confirmed that FBXO7 overexpression effectively attenuated OA progression, while Fbxo7 conditional knockout mice exhibited accelerated cartilage degradation, enhanced synovial inflammation, and increased cellular senescence.",5,unreviewed_candidate_not_gold,pending,pending,pending,pending,pending,pending,pending,pending,pending,pending,pending,pending,pending,pending,pending,,
doi:10.1371/journal.pgen.1009083,10.1371/journal.pgen.1009083,Fine-tuning autophagy maximises lifespan and is associated with changes in mitochondrial gene expression in Drosophila,2020,semantic_scholar,direct_perturbation,metabolomics;transcriptomics,False,True,Increased proteasomal activity and reduced triacylglycerol levels were features shared by both moderate and high Atg1 overexpression conditions.,"Interestingly, strong Atg1 up-regulation was detrimental to lifespan.",8,unreviewed_candidate_not_gold,pending,pending,pending,pending,pending,pending,pending,pending,pending,pending,pending,pending,pending,pending,pending,,
doi:10.1016/j.jhazmat.2026.142949,10.1016/j.jhazmat.2026.142949,Gestational exposure to PP-NPs promotes premature placental ageing through global reprogramming of the trophoblast phosphoproteome.,2026,europepmc;pubmed,direct_perturbation,proteomics,True,False,"Pharmacological inhibition of CDK1 with Ro-3306 attenuated trophoblast senescence, restored trophoblast function, alleviated placental injury, and improved fetal outcomes in vivo, while siRNA-mediated CDK1 knockdown similarly suppressed CDK1-linked phosphorylation and rescued senescence-associated functional defects in trophoblasts.","These multi-omics landscapes revealed that cellular senescence is the dominant pathogenic program triggered by PP-NPs, accompanied by extensive phosphorylation remodeling.",6,unreviewed_candidate_not_gold,pending,pending,pending,pending,pending,pending,pending,pending,pending,pending,pending,pending,pending,pending,pending,,
doi:10.1186/s11658-026-00879-y,10.1186/s11658-026-00879-y,HK2-driven histone H3K18 lactylation promotes stromal cell senescence and decidualization deficiency in URSA via CUX1-mediated SASP factor transcription.,2026,pubmed,direct_perturbation,metabolomics;transcriptomics,True,True,"Furthermore, CUX1 knockdown in the URSA murine model reduced stromal senescence and improved decidualization.","Unexplained recurrent spontaneous abortion (URSA) is characterized by defective endometrial stromal cell decidualization, with cellular senescence emerging as a key contributor.",7,unreviewed_candidate_not_gold,pending,pending,pending,pending,pending,pending,pending,pending,pending,pending,pending,pending,pending,pending,pending,,
doi:10.1111/acel.70418,10.1111/acel.70418,Host Oxidative Response Capacity Determines Longevity Outcomes of Microbial Interventions.,2026,europepmc;pubmed,direct_perturbation,genomics;microbiomics,False,True,"Combining classical genetic analysis, quantitative trait locus (QTL) mapping and CRISPR-Cas9 allelic recapitulation, we identify skn-1 (Nrf2) and gsy-1 (glycogen synthase) as key host determinants.","Conversely, robust hosts utilize the same microbial signals to promote longevity.",8,unreviewed_candidate_not_gold,pending,pending,pending,pending,pending,pending,pending,pending,pending,pending,pending,pending,pending,pending,pending,,
doi:10.1002/imt2.70150,10.1002/imt2.70150,Hyperoside alleviates endometrial stromal cell senescence in unexplained recurrent spontaneous abortion via DHX9-mediated R-loop resolution.,2026,europepmc;pubmed,direct_perturbation,genomics,True,False,Functional validation revealed that DHX9 knockdown or introduction of the T419A point mutation markedly attenuated the anti-senescence and pro-decidualization effects of hyperoside.,"Mechanistically, hyperoside effectively alleviated aberrant intracellular R-loop accumulation, thereby suppressing excessive activation of the cyclic GMP-AMP synthase-stimulator of interferon genes (cGAS-STING) pathway which contributes to the initiation of the cellular senescence program.",6,unreviewed_candidate_not_gold,pending,pending,pending,pending,pending,pending,pending,pending,pending,pending,pending,pending,pending,pending,pending,,
doi:10.1093/jmcb/mjag001,10.1093/jmcb/mjag001,Integrated single-nucleus transcriptomic and chromatin accessibility analysis reveals key molecular basis of human testicular aging.,2026,europepmc;pubmed,direct_perturbation,epigenomics;transcriptomics,True,True,"Overexpression of WLS in Sertoli cells significantly accelerated senescence in vitro, implying a potential role for WLS in testicular aging.","Furthermore, the expression of Wntless (WLS), a Wnt transporter, was substantially upregulated in Sertoli cells of aged testes, which was correlated with cellular senescence and the disruption of tight junctions.",7,unreviewed_candidate_not_gold,pending,pending,pending,pending,pending,pending,pending,pending,pending,pending,pending,pending,pending,pending,pending,,
doi:10.1101/2025.10.11.681821,10.1101/2025.10.11.681821,Machine learning-based definition of cellular senescence reveals pro-senescence potential implication in lung adenocarcinoma,2025,europepmc,direct_perturbation,genomics;transcriptomics,True,True,"Transcriptional and epigenetic profiling of HDACi-treated cells pinpointed FOSB as a core transcription factor driving CS, and FOSB knockdown blocked HDACi-induced senescence.",Machine learning-based definition of cellular senescence reveals pro-senescence potential implication in lung adenocarcinoma.,10,unreviewed_candidate_not_gold,pending,pending,pending,pending,pending,pending,pending,pending,pending,pending,pending,pending,pending,pending,pending,,
doi:10.3389/fimmu.2026.1762222,10.3389/fimmu.2026.1762222,Machine learning-driven multi-omics integration uncovers a senescence associated molecular axis in HCC.,2026,europepmc;pubmed,direct_perturbation,metabolomics;proteomics;transcriptomics,True,True,"In vitro , MCM7 knockdown significantly inhibited HepG2 cell proliferation and upregulated senescence enforcers p16 and p21, whereas overexpression facilitated evasion.",Background Hepatocellular carcinoma (HCC) exhibits profound molecular heterogeneity and aberrant cellular senescence.,8,unreviewed_candidate_not_gold,pending,pending,pending,pending,pending,pending,pending,pending,pending,pending,pending,pending,pending,pending,pending,,
doi:10.1111/acel.70498,10.1111/acel.70498,Multi-Omics Reveals Mechanisms of Metabolic Rejuvenation in Aged Mice and Pre-Frail Older Men by Losartan.,2026,europepmc;pubmed,direct_perturbation,metabolomics;proteomics,True,True,"This rejuvenation effect appears to be contingent on the presence of functional angiotensin II receptors, with receptor knockout mice showing no rejuvenation effect with treatment.",Multi-Omics Reveals Mechanisms of Metabolic Rejuvenation in Aged Mice and Pre-Frail Older Men by Losartan..,10,unreviewed_candidate_not_gold,pending,pending,pending,pending,pending,pending,pending,pending,pending,pending,pending,pending,pending,pending,pending,,
doi:10.1038/s41593-025-01889-3,10.1038/s41593-025-01889-3,Neuronal polyunsaturated fatty acids are protective in ALS/FTD,2025,semantic_scholar,direct_perturbation,metabolomics;transcriptomics,False,True,Neuronal overexpression of fatty acid desaturases also suppressed stressor-induced neuronal death in iPS cell neurons of patients with both C9 and TDP-43 ALS/FTD.,"However, increasing PUFA levels specifically in neurons of C9 ALS/FTD flies, by overexpressing fatty acid desaturase enzymes, led to a substantial extension of lifespan.",5,unreviewed_candidate_not_gold,pending,pending,pending,pending,pending,pending,pending,pending,pending,pending,pending,pending,pending,pending,pending,,
title:oxr1 stabilizes the retromer to extend lifespan and neuronal health by dietary restriction,,OXR1 STABILIZES THE RETROMER TO EXTEND LIFESPAN AND NEURONAL HEALTH BY DIETARY RESTRICTION,2022,europepmc,direct_perturbation,genomics;transcriptomics,True,True,Overexpression of OXR1 and retromer proteins rescued AD-associated phenotypes in a fly model of AD.,We demonstrate that mtd/OXR1 in neurons is necessary for DR-mediated lifespan extension.,10,unreviewed_candidate_not_gold,pending,pending,pending,pending,pending,pending,pending,pending,pending,pending,pending,pending,pending,pending,pending,,
doi:10.64898/2026.07.13.738356,10.64898/2026.07.13.738356,PLCγ2 deficiency compromises systemic immune tolerance and erodes myelin homeostasis while enhancing oxidative metabolism in the mouse brain,2026,europepmc;pubmed,direct_perturbation,metabolomics;proteomics;transcriptomics,True,True,"Methods We analyzed the brains of three-month-old Plcg2 wild-type (WT), heterozygous (Het KO) and homozygous knockout (Homo KO) littermate mice modeling human PLCG2 loss-of-function risk alleles linked to AD risk using a multiomic approach that included lipidomics, metabolomics, proteomics, and transcriptomics, together with immunofluorescence, as well as flow-cytometric profiling of peripheral and brain-draining immune compartments.","PLCG2 polymorphisms have been associated with reduced and/or increased risk of Alzheimer’s disease (AD) and related dementias, longevity, autoinflammation, and immune disorders.",8,unreviewed_candidate_not_gold,pending,pending,pending,pending,pending,pending,pending,pending,pending,pending,pending,pending,pending,pending,pending,,
doi:10.34172/aim.34456,10.34172/aim.34456,Prognostic Significance of HMGA1 in Hepatocellular Carcinoma: Implications for Tumor Progression and Targeted Therapy.,2025,pubmed,direct_perturbation,proteomics;transcriptomics,True,True,"Functionally, HMGA1 knockdown suppressed LIHC cell proliferation (38.9% reduction in HepG2 and 46.0% in Huh-7 at 48h), migration (44-59% inhibition at 24h), and colony formation (41.8-44.2% reduction), while significantly inducing cellular senescence (3.4-3.5-fold increase in β-gal+cells, P <0.001).","Functionally, HMGA1 knockdown suppressed LIHC cell proliferation (38.9% reduction in HepG2 and 46.0% in Huh-7 at 48h), migration (44-59% inhibition at 24h), and colony formation (41.8-44.2% reduction), while significantly inducing cellular senescence (3.4-3.5-fold increase in β-gal+cells, P <0.001).",7,unreviewed_candidate_not_gold,pending,pending,pending,pending,pending,pending,pending,pending,pending,pending,pending,pending,pending,pending,pending,,
doi:10.21203/rs.3.rs-8394751/v1,10.21203/rs.3.rs-8394751/v1,Rasal1: A candidate exercise mimetic to increase adult hippocampal neurogenesis in middle age,2026,europepmc,direct_perturbation,proteomics,True,False,Lentiviral knockdown of Rasal1 in the DG promoted AHN and neurite growth in middle-aged rats that were otherwise reluctant to run.,"Middle age is recognised as a period of the lifespan prognostic of cognitive health in older age, and amenable to intervention.",6,unreviewed_candidate_not_gold,pending,pending,pending,pending,pending,pending,pending,pending,pending,pending,pending,pending,pending,pending,pending,,
doi:10.21203/rs.3.rs-7771199/v1,10.21203/rs.3.rs-7771199/v1,Reproductive aging causes precocious ZGA and morula gene expression and chromatin hyper-activation in rhesus monkey embryos via maternal SETDB1 insufficiency,2026,europepmc,direct_perturbation,epigenomics;genomics;transcriptomics,False,True,Knockdown of SETDB1 in young monkey zygotes recapitulates aging-associated phenotypes.,Reproductive aging causes precocious ZGA and morula gene expression and chromatin hyper-activation in rhesus monkey embryos via maternal SETDB1 insufficiency.,9,unreviewed_candidate_not_gold,pending,pending,pending,pending,pending,pending,pending,pending,pending,pending,pending,pending,pending,pending,pending,,
doi:10.1038/s41467-021-23545-7,10.1038/s41467-021-23545-7,Restoration of energy homeostasis by SIRT6 extends healthy lifespan,2021,scopus;semantic_scholar,direct_perturbation,transcriptomics,True,False,"Here, we show that SIRT6 overexpression leads to a reduction in frailty and lifespan extension in both male and female B6 mice.",Restoration of energy homeostasis by SIRT6 extends healthy lifespan.,9,unreviewed_candidate_not_gold,pending,pending,pending,pending,pending,pending,pending,pending,pending,pending,pending,pending,pending,pending,pending,,
doi:10.1016/j.cell.2026.01.016,10.1016/j.cell.2026.01.016,Restoring circadian rhythms in the hypothalamic paraventricular nucleus reverses aging biomarkers and extends lifespan in male mice.,2026,pubmed,direct_perturbation,epigenomics;transcriptomics,False,True,"Transcriptomic, hormonal, and epigenetic profiling reveal robust increases in PVN circadian amplitude following timed 3dA administration, and the PVN-specific knockout of RuvB-like ATPase 2 (Ruvbl2) establishes its genetic necessity by abolishing 3dA's benefits.",Age-related circadian disruptions accelerate physiological decline and shorten lifespan.,8,unreviewed_candidate_not_gold,pending,pending,pending,pending,pending,pending,pending,pending,pending,pending,pending,pending,pending,pending,pending,,
doi:10.18632/aging.100011,10.18632/aging.100011,SIRT6 stabilizes DNA-dependent Protein Kinase at chromatin for DNA double-strand break repair,2009,openalex,direct_perturbation,epigenomics;genomics,False,True,"The mammalian Sir2 family member SIRT6 has been proposed to have analogous functions, because SIRT6-deficiency leads to shortened life span and an aging-like degenerative phenotype in mice, and SIRT6 knockout cells exhibit genomic instability and DNA damage hypersensitivity.",The Sir2 chromatin regulatory factor links maintenance of genomic stability to life span extension in yeast.,5,unreviewed_candidate_not_gold,pending,pending,pending,pending,pending,pending,pending,pending,pending,pending,pending,pending,pending,pending,pending,,
doi:10.1016/j.mad.2026.112209,10.1016/j.mad.2026.112209,Senolytics ameliorate cognitive decline in D-galactose-induced aging mice by inhibiting astrocytic cholesterol accumulation.,2026,europepmc;pubmed,direct_perturbation,,True,False,"Critically, pharmacological activation of cholesterol synthesis and genetic overexpression of Hsd17b7, a key enzyme in the cholesterol synthesis pathway, in astrocytes reversed the anti-senescence benefits of senolytics in vitro, establishing a causal link between cholesterol pathway inhibition and the therapeutic effects.",Cellular senescence plays a crucial role in brain aging and the decline of cognitive abilities.,5,unreviewed_candidate_not_gold,pending,pending,pending,pending,pending,pending,pending,pending,pending,pending,pending,pending,pending,pending,pending,,
doi:10.1111/acel.70564,10.1111/acel.70564,Sex-Specific Regulation of the Turandot Gene Family Modulates Temperature-Dependent Lifespan in Drosophila melanogaster.,2026,europepmc;pubmed,direct_perturbation,metabolomics;transcriptomics,True,True,"We demonstrate that RNAi-mediated knockdown of tot expression is sufficient to extend longevity across a range of temperatures, uncoupling the survival benefit from the thermal environment.","Intriguingly, tot genes are not merely passive responders to temperature; rather, they actively regulate lifespan.",10,unreviewed_candidate_not_gold,pending,pending,pending,pending,pending,pending,pending,pending,pending,pending,pending,pending,pending,pending,pending,,
doi:10.1073/pnas.1720673115,10.1073/pnas.1720673115,Sirt4 is a mitochondrial regulator of metabolism and lifespan in Drosophila melanogaster,2018,scopus;semantic_scholar,direct_perturbation,genomics;metabolomics,False,True,"Sirt4 knockout flies have a short lifespan, with increased sensitivity to starvation and decreased fertility and activity.",Sirt4 is a mitochondrial regulator of metabolism and lifespan in Drosophila melanogaster.,8,unreviewed_candidate_not_gold,pending,pending,pending,pending,pending,pending,pending,pending,pending,pending,pending,pending,pending,pending,pending,,
doi:10.3390/toxics14020170,10.3390/toxics14020170,Size-Dependent Disruption of Lipid Metabolism by Polystyrene Micro- and Nanoplastics in <i>Caenorhabditis elegans</i> Revealed Through Multi-Omics and Functional Genetic Validation.,2026,europepmc;pubmed,direct_perturbation,metabolomics;transcriptomics,True,True,"Integration of multi-omics (transcriptomics and metabolomics) highlighted acdh-1 , ech-6 , hach-1 , and sur-5 as core lipid-metabolism genes; RNA interference confirmed that knockdown of these target genes abolished the size-dependent differences in fat accumulation induced by MPs.","We evaluated multiple phenotypic endpoints, including lifespan, growth (body length and width), locomotion (head thrashes and body bends), reproduction, and intestinal lipofuscin.",7,unreviewed_candidate_not_gold,pending,pending,pending,pending,pending,pending,pending,pending,pending,pending,pending,pending,pending,pending,pending,,
doi:10.1016/j.drup.2026.101415,10.1016/j.drup.2026.101415,The RELA-FTH1 axis in senescent cancer-associated fibroblasts creates a stromal iron sink that drives ferroptosis resistance and therapy failure across solid malignant tumors.,2026,pubmed,direct_perturbation,transcriptomics,True,False,"Functional studies employed conditioned medium assays, transwell co-culture systems with ferroptosis induction and chemosensitivity testing, FerroOrange-based intracellular Fe²⁺ quantification, genetic perturbation (shRNA/siRNA), pharmacological NF-κB inhibition, and subcutaneous xenograft models.","Cellular senescence accumulates across diverse solid tumor types and reshapes the stromal landscape, yet which population dominates this senescent compartment and how senescent cancer-associated fibroblasts (senCAFs) drive resistance remain unresolved.",6,unreviewed_candidate_not_gold,pending,pending,pending,pending,pending,pending,pending,pending,pending,pending,pending,pending,pending,pending,pending,,
doi:10.1016/j.molcel.2018.11.034,10.1016/j.molcel.2018.11.034,The RNA-binding protein PUM2 impairs mitochondrial dynamics and mitophagy during aging,2019,scopus;semantic_scholar,direct_perturbation,,True,False,"puf-8 knock-down in old nematodes and Pum2 CRISPR/Cas9-mediated knockout in the muscles of elderly mice enhances mitochondrial fission and mitophagy in both models, hence improving mitochondrial quality control and tissue homeostasis.","Here, we show that the RNA-binding protein Pumilio2 (PUM2), which is a translation repressor, is induced upon aging and acts as a negative regulator of lifespan and mitochondrial homeostasis.",5,unreviewed_candidate_not_gold,pending,pending,pending,pending,pending,pending,pending,pending,pending,pending,pending,pending,pending,pending,pending,,
doi:10.1016/j.celrep.2024.115099,10.1016/j.celrep.2024.115099,The glial UDP-glycosyltransferase Ugt35b regulates longevity by maintaining lipid homeostasis in Drosophila.,2025,europepmc,direct_perturbation,,True,False,"Knockdown of Ugt35b significantly reduced LD formation by downregulating Lsd-2 expression, while overexpression of Lsd-2 partially rescued the shortened lifespan in glial Ugt35b RNAi flies.",The glial UDP-glycosyltransferase Ugt35b regulates longevity by maintaining lipid homeostasis in Drosophila..,8,unreviewed_candidate_not_gold,pending,pending,pending,pending,pending,pending,pending,pending,pending,pending,pending,pending,pending,pending,pending,,
doi:10.1016/j.gene.2026.150162,10.1016/j.gene.2026.150162,Time-resolved transcriptomics of FEN1 knockdown HEK293T cells identifies altered rhythmic gene expression.,2026,europepmc;pubmed,direct_perturbation,genomics;transcriptomics,False,True,Time-resolved transcriptomics of FEN1 knockdown HEK293T cells identifies altered rhythmic gene expression..,"Genes showing altered rhythmic properties were enriched in pathways related to cell cycle regulation, DNA damage response, and cellular senescence.",8,unreviewed_candidate_not_gold,pending,pending,pending,pending,pending,pending,pending,pending,pending,pending,pending,pending,pending,pending,pending,,
doi:10.1186/1471-2164-15-927,10.1186/1471-2164-15-927,Transcriptional and epigenetic responses to mating and aging in Drosophila melanogaster,2014,semantic_scholar,direct_perturbation,epigenomics;genomics;transcriptomics,False,True,"Overexpression resulted in altered expression of ~70% of candidate target genes, and in all cases affected oviposition.","Female Drosophila melanogaster undergo dramatic physiological changes mediated by seminal fluid components transferred upon mating, including decreased longevity.",6,unreviewed_candidate_not_gold,pending,pending,pending,pending,pending,pending,pending,pending,pending,pending,pending,pending,pending,pending,pending,,
doi:10.1186/s12864-026-12546-9,10.1186/s12864-026-12546-9,Transcriptome analysis reveals KRAS as a crucial regulator of ovarian follicle development in Wuding chickens.,2026,pubmed,direct_perturbation,genomics;transcriptomics,False,True,"Overexpression of KRAS significantly enhanced the production of progesterone (P4) and estradiol (E2) and upregulated the expression of steroidogenic genes (e.g., STAR, CYP19A1, HSD3B1, PTGS2).","Finally, KRAS delayed cellular senescence by reducing SA-β-gal activity and reciprocally regulating P21 (downregulation) and SIRT1 (upregulation).",5,unreviewed_candidate_not_gold,pending,pending,pending,pending,pending,pending,pending,pending,pending,pending,pending,pending,pending,pending,pending,,
doi:10.7554/elife.30952,10.7554/elife.30952,Transcriptomic and proteomic landscape of mitochondrial dysfunction reveals secondary coenzyme Q deficiency in mammals,2017,openalex;scopus;semantic_scholar,direct_perturbation,metabolomics;proteomics;transcriptomics,False,True,"Moreover, we describe sequential protein changes during post-natal development and progressive OXPHOS dysfunction in time course analyses in control mice and a middle lifespan knockout, respectively.","Moreover, we describe sequential protein changes during post-natal development and progressive OXPHOS dysfunction in time course analyses in control mice and a middle lifespan knockout, respectively.",6,unreviewed_candidate_not_gold,pending,pending,pending,pending,pending,pending,pending,pending,pending,pending,pending,pending,pending,pending,pending,,
doi:10.1242/dmm.052935,10.1242/dmm.052935,UBA1 knockdown dysregulates the levels of UBA1-sensitive proteins and impairs muscle function in Drosophila and mice.,2026,europepmc;pubmed,direct_perturbation,proteomics;transcriptomics,False,True,UBA1 knockdown dysregulates the levels of UBA1-sensitive proteins and impairs muscle function in Drosophila and mice..,"Here, we examined Drosophila and mice with muscle-targeted UBA1 knockdown and found that this intervention reduces protein ubiquitination, muscle function, and lifespan.",8,unreviewed_candidate_not_gold,pending,pending,pending,pending,pending,pending,pending,pending,pending,pending,pending,pending,pending,pending,pending,,
doi:10.7150/ijbs.128631,10.7150/ijbs.128631,VDR-Spermidine Axis Protects Against Age-Related Granulosa Cell Dysfunction and Follicular Decline via DNMTs-Mediated p53 Methylation.,2026,pubmed,direct_perturbation,epigenomics;metabolomics;transcriptomics,False,True,"Using GCs-specific Vdr knockout (cVKO) mice and a Vdr -knockout (VKO) human granulosa-like cell line, we demonstrate that loss of Vdr triggers GCs aging and disrupts ovarian function.","Furthermore, both supplements effectively delayed ovarian aging and improved fertility in naturally aged mice.",6,unreviewed_candidate_not_gold,pending,pending,pending,pending,pending,pending,pending,pending,pending,pending,pending,pending,pending,pending,pending,,
doi:10.1016/j.cell.2026.01.022,10.1016/j.cell.2026.01.022,Vitamin B2 and B3 nutrigenomics reveals a therapy for NAXD disease.,2026,europepmc;pubmed,direct_perturbation,genomics;metabolomics;transcriptomics,False,True,"In our Naxd knockout (KO) mouse, we observed NADHX accumulation, NAD + depletion, and impaired serine biosynthesis in neonatal KO brains.","Low-vitamin B3 diets accelerated pathology, whereas vitamin B3 supplementation extended lifespan by more than 40-fold.",6,unreviewed_candidate_not_gold,pending,pending,pending,pending,pending,pending,pending,pending,pending,pending,pending,pending,pending,pending,pending,,
doi:10.1016/j.stem.2026.05.009,10.1016/j.stem.2026.05.009,ZNF512B safeguards genome integrity at regulatory regions to repress the SASP and inflammation.,2026,pubmed,direct_perturbation,epigenomics;genomics,False,True,"In vivo, ZNF512B overexpression reduces DNA damage and inflammation following acute liver injury.","Cellular senescence drives aging and disease largely through the senescence-associated secretory phenotype (SASP), yet its regulatory mechanisms remain unclear.",5,unreviewed_candidate_not_gold,pending,pending,pending,pending,pending,pending,pending,pending,pending,pending,pending,pending,pending,pending,pending,,
doi:10.1038/s44319-026-00791-8,10.1038/s44319-026-00791-8,roX1 and roX2 lncRNAs promote heterochromatinization in intestinal stem cells and impair longevity.,2026,europepmc;pubmed,direct_perturbation,epigenomics;genomics;transcriptomics,False,True,"Overexpression of roX RNAs promotes ISCs hyperplasia, while their inactivation mitigates ISCs dysplasia and extends lifespan.",Maintenance of the genome and epigenome stability is vital for animal longevity.,9,unreviewed_candidate_not_gold,pending,pending,pending,pending,pending,pending,pending,pending,pending,pending,pending,pending,pending,pending,pending,,
doi:10.1016/j.exger.2025.113017,10.1016/j.exger.2025.113017,Bidirectional associations between metabolic syndrome and epigenetic age acceleration: A 20-year longitudinal study in midlife adults.,2025,pubmed,formal_mediation,epigenomics;genomics,False,True,Mediation analysis examined whether EAA mediated the association between MetS severity across waves.,Bidirectional associations between metabolic syndrome and epigenetic age acceleration: A 20-year longitudinal study in midlife adults..,7,unreviewed_candidate_not_gold,pending,pending,pending,pending,pending,pending,pending,pending,pending,pending,pending,pending,pending,pending,pending,,
doi:10.1038/s43587-026-01069-3,10.1038/s43587-026-01069-3,Estropausal gut microbiota transplant improves measures of ovarian function in adult mice.,2026,europepmc;pubmed,formal_mediation,metabolomics;microbiomics;transcriptomics,False,True,"Integrating metagenomics-based causal mediation analyses with serum untargeted metabolomics, we identify candidate microbial species and metabolites that may contribute to the observed effects.","Notably, earlier menopause is linked to shorter lifespan, yet the molecular mechanisms underlying ovarian aging remain poorly understood.",5,unreviewed_candidate_not_gold,pending,pending,pending,pending,pending,pending,pending,pending,pending,pending,pending,pending,pending,pending,pending,,
doi:10.1186/s42523-026-00590-5,10.1186/s42523-026-00590-5,Multi-omics insights into the role of microencapsulated sodium butyrate on production performance in aged quails,2026,springernature,formal_mediation,metabolomics;microbiomics,True,True,Exploratory mediation analysis further suggested that specific metabolites may be involved in the associations between MSB-responsive bacteria and host reproductive traits.,"Overall, this study provides novel insights supporting the use of microencapsulated sodium butyrate as a functional feed additive for extending the productive lifespan of laying quails.",6,unreviewed_candidate_not_gold,pending,pending,pending,pending,pending,pending,pending,pending,pending,pending,pending,pending,pending,pending,pending,,
doi:10.1101/2020.07.06.20147520,10.1101/2020.07.06.20147520,A Trans-Omic Mendelian Randomization Study of Parental Lifespan Uncovers Novel Aging Biology and Drug Candidates for Human Healthspan Extension,2020,europepmc,genetic_instrument,genomics;metabolomics;transcriptomics,False,True,A Trans-Omic Mendelian Randomization Study of Parental Lifespan Uncovers Novel Aging Biology and Drug Candidates for Human Healthspan Extension.,"Liver expression of HP, the gene encoding haptoglobin, and plasma haptoglobin levels were causally linked with parental lifespan.",10,unreviewed_candidate_not_gold,pending,pending,pending,pending,pending,pending,pending,pending,pending,pending,pending,pending,pending,pending,pending,,
doi:10.1038/s41467-024-52310-9,10.1038/s41467-024-52310-9,"A metabolomic profile of biological aging in 250,341 individuals from the UK Biobank.",2024,europepmc;scopus,genetic_instrument,genomics;metabolomics,False,True,"We conduct genome-wide association studies (GWAS) for these 325 biomarkers using whole-genome sequencing (WGS) data from 95,372 individuals and perform multivariable Mendelian randomization (MVMR) analyses, discovering 439 candidate ""biomarker - disease"" causal pairs at the nominal significance level.","A metabolomic profile of biological aging in 250,341 individuals from the UK Biobank..",6,unreviewed_candidate_not_gold,pending,pending,pending,pending,pending,pending,pending,pending,pending,pending,pending,pending,pending,pending,pending,,
doi:10.1101/2025.11.15.25340310,10.1101/2025.11.15.25340310,A photoplethysmography-based aging clock reveals genetic determinants of arterial aging,2025,europepmc,genetic_instrument,genomics;transcriptomics,False,True,"Lastly, Mendelian randomization analysis identified ArtAgeGap as an intermediate biomarker in-between vascular risk factors and outcomes, with central adiposity, higher blood pressure, and type 2 diabetes increasing ArtAgeGap , and higher ArtAgeGap elevating the risks of coronary heart disease and stroke.",A photoplethysmography-based aging clock reveals genetic determinants of arterial aging.,6,unreviewed_candidate_not_gold,pending,pending,pending,pending,pending,pending,pending,pending,pending,pending,pending,pending,pending,pending,pending,,
doi:10.1136/heartjnl-2026-327950,10.1136/heartjnl-2026-327950,Abdominal adiposity and accelerated biological ageing in relation to general and cardiovascular ageing in Chinese adults.,2026,pubmed,genetic_instrument,epigenomics;metabolomics,False,True,These associations remained significant in Mendelian randomisation analyses.,Abdominal adiposity and accelerated biological ageing in relation to general and cardiovascular ageing in Chinese adults..,6,unreviewed_candidate_not_gold,pending,pending,pending,pending,pending,pending,pending,pending,pending,pending,pending,pending,pending,pending,pending,,
doi:10.1111/jcpe.14040,10.1111/jcpe.14040,Association between biological ageing and periodontitis: Evidence from a cross-sectional survey and multi-omics Mendelian randomization analysis.,2024,europepmc,genetic_instrument,genomics,True,False,Association between biological ageing and periodontitis: Evidence from a cross-sectional survey and multi-omics Mendelian randomization analysis..,MR analyses revealed causal associations between biological age measures and periodontitis risk.,12,unreviewed_candidate_not_gold,pending,pending,pending,pending,pending,pending,pending,pending,pending,pending,pending,pending,pending,pending,pending,,
doi:10.1007/s10522-025-10372-2,10.1007/s10522-025-10372-2,Association of plasma metabolites with epigenetic age acceleration: a two-sample Mendelian randomization study.,2025,europepmc;pubmed,genetic_instrument,genomics;metabolomics,False,True,Association of plasma metabolites with epigenetic age acceleration: a two-sample Mendelian randomization study..,Epigenetic age acceleration (EAA) is a biomarker of biological aging associated with multiple diseases.,11,unreviewed_candidate_not_gold,pending,pending,pending,pending,pending,pending,pending,pending,pending,pending,pending,pending,pending,pending,pending,,
doi:10.1016/j.athplu.2026.03.001,10.1016/j.athplu.2026.03.001,Associations of NMR metabolic biomarkers and arterial calcification: An observational and Mendelian randomization study within the BBMRI metabolomics consortium.,2026,europepmc;pubmed,genetic_instrument,genomics;metabolomics,False,True,Associations of NMR metabolic biomarkers and arterial calcification: An observational and Mendelian randomization study within the BBMRI metabolomics consortium..,"Methods This study included participants from the Rotterdam Study (RS, N = 1062), Leiden Longevity Study (LLS, N = 272), and UK Biobank (UKBB, N = 271,793).",8,unreviewed_candidate_not_gold,pending,pending,pending,pending,pending,pending,pending,pending,pending,pending,pending,pending,pending,pending,pending,,
doi:10.1111/acel.70310,10.1111/acel.70310,Biological Aging Acceleration in Major Depressive Disorder: A Multi-Omics Analysis.,2026,europepmc,genetic_instrument,proteomics,True,False,"Finally, Mendelian randomization analyses revealed a causal effect of MDD on systemic and brain-specific proteomic aging acceleration.",Biological Aging Acceleration in Major Depressive Disorder: A Multi-Omics Analysis..,7,unreviewed_candidate_not_gold,pending,pending,pending,pending,pending,pending,pending,pending,pending,pending,pending,pending,pending,pending,pending,,
doi:10.21203/rs.3.rs-6716774/v1,10.21203/rs.3.rs-6716774/v1,"Biological aging acceleration in major depressive disorder: a multi-omics, multi-modal analyses",2025,europepmc,genetic_instrument,proteomics,True,False,"Finally, Mendelian randomization analyses revealed a causal effect of MDD on systemic and brain proteomic aging acceleration.","Biological aging acceleration in major depressive disorder: a multi-omics, multi-modal analyses.",7,unreviewed_candidate_not_gold,pending,pending,pending,pending,pending,pending,pending,pending,pending,pending,pending,pending,pending,pending,pending,,
doi:10.1080/17460913.2024.2417608,10.1080/17460913.2024.2417608,Causal associations between gut <i>Bifidobacteriaceae</i> and transplant failure: a Mendelian randomization study.,2025,europepmc,genetic_instrument,genomics;microbiomics,False,True,Bifidobacteriaceae instrumental variables were enriched in pathways related to synapses and membranes.,Aim: Transplant rejection and failure are the primary causes of shortened lifespan in transplant patients and are closely associated with the status of the human immune system.,6,unreviewed_candidate_not_gold,pending,pending,pending,pending,pending,pending,pending,pending,pending,pending,pending,pending,pending,pending,pending,,
doi:10.1016/j.archger.2025.105765,10.1016/j.archger.2025.105765,Causal relationship between gut microbiota and ageing: A multi-omics Mendelian randomization study.,2025,europepmc,genetic_instrument,genomics;metabolomics,True,True,Causal relationship between gut microbiota and ageing: A multi-omics Mendelian randomization study..,The effects of Akkermansia muciniphila on aging were also examined in Caenorhabditis elegans by measuring both lifespan and healthspan.,8,unreviewed_candidate_not_gold,pending,pending,pending,pending,pending,pending,pending,pending,pending,pending,pending,pending,pending,pending,pending,,
doi:10.1186/s12986-025-00955-8,10.1186/s12986-025-00955-8,"Causal relationships between metabolic syndrome, plasma metabolites, and female reproductive diseases: insights from a two-step mendelian randomization approach.",2025,europepmc,genetic_instrument,genomics;metabolomics,False,True,"Causal relationships between metabolic syndrome, plasma metabolites, and female reproductive diseases: insights from a two-step mendelian randomization approach..","Background Female reproductive diseases-including endometriosis (EMs), uterine fibroids (UFs), polycystic ovary syndrome (PCOS), gestational diabetes mellitus (GDM), eclampsia, ectopic pregnancy (EP), infertility, miscarriage, and ovarian aging-pose significant global health challenges.",6,unreviewed_candidate_not_gold,pending,pending,pending,pending,pending,pending,pending,pending,pending,pending,pending,pending,pending,pending,pending,,
doi:10.1007/s00406-025-02170-1,10.1007/s00406-025-02170-1,Cell senescence-related pathogenic genes in sleep disorders: a multi-omics Mendelian randomization study.,2026,europepmc;pubmed,genetic_instrument,epigenomics;genomics;proteomics;transcriptomics,True,True,Methods We conducted a multi-stage Mendelian randomization (SMR) study.,"However, the causal roles of specific cellular senescence-related genes in distinct sleep disorders subtypes remain unclear.",12,unreviewed_candidate_not_gold,pending,pending,pending,pending,pending,pending,pending,pending,pending,pending,pending,pending,pending,pending,pending,,
doi:10.2147/ccid.s598554,10.2147/ccid.s598554,"Deciphering the Causal Links Among Metabolomics, Ageing Phenotypes, and Pathological Scars: A Two-Sample Mendelian Randomization Study.",2026,europepmc;pubmed,genetic_instrument,genomics;metabolomics,False,True,"Deciphering the Causal Links Among Metabolomics, Ageing Phenotypes, and Pathological Scars: A Two-Sample Mendelian Randomization Study..","Methods We integrated large-scale GWAS data from European populations, including 1400 blood metabolites (n=8299), telomere length (n=438,351), epigenetic age (n=41,000), HS (2068 cases/465,673 controls), and keloids (4086 cases/1,278,496 controls).",8,unreviewed_candidate_not_gold,pending,pending,pending,pending,pending,pending,pending,pending,pending,pending,pending,pending,pending,pending,pending,,
doi:10.1038/s41467-024-52967-2,10.1038/s41467-024-52967-2,Depletion of loss-of-function germline mutations in centenarians reveals longevity genes.,2024,europepmc,genetic_instrument,genomics,True,False,"Mendelian randomization and multi-omic analyses on these genes identified RGP1, PCNX2, and ANO9 as longevity genes with consistent causal effects on multiple aging-related traits and altered expression during aging.",Depletion of loss-of-function germline mutations in centenarians reveals longevity genes..,9,unreviewed_candidate_not_gold,pending,pending,pending,pending,pending,pending,pending,pending,pending,pending,pending,pending,pending,pending,pending,,
doi:10.1186/s13148-025-01927-8,10.1186/s13148-025-01927-8,Epigenetic age acceleration and allergic diseases: a bidirectional two-sample Mendelian randomization study.,2025,europepmc,genetic_instrument,epigenomics;genomics,False,True,Instrumental variables were constructed using single nucleotide polymorphisms.,Epigenetic age acceleration and allergic diseases: a bidirectional two-sample Mendelian randomization study..,9,unreviewed_candidate_not_gold,pending,pending,pending,pending,pending,pending,pending,pending,pending,pending,pending,pending,pending,pending,pending,,
doi:10.18632/aging.206306,10.18632/aging.206306,"Evaluating the nonlinear effects of sleep duration on biological aging across phenotypic, genomic, and epigenomic data.",2025,europepmc,genetic_instrument,epigenomics;genomics,False,True,"Using phenotypic and genomic data from the UK Biobank (n=442,664), we applied multivariable linear regression, restricted cubic splines, and Mendelian randomization (MR) to analyze nonlinear relationships between self-reported sleep duration and biomarkers of accelerated aging: PhenoAge acceleration (PhenoAgeAccel), BioAge acceleration (BioAgeAccel), and leukocyte telomere length (LTL).","Evaluating the nonlinear effects of sleep duration on biological aging across phenotypic, genomic, and epigenomic data..",8,unreviewed_candidate_not_gold,pending,pending,pending,pending,pending,pending,pending,pending,pending,pending,pending,pending,pending,pending,pending,,
doi:10.1186/s13148-026-02184-z,10.1186/s13148-026-02184-z,"Genetic and epigenetic underpinnings of biological aging: a multi-omics study integrating Mendelian randomization, spatial transcriptomics, and drug target discovery.",2026,europepmc;pubmed;springernature,genetic_instrument,genomics;transcriptomics,True,True,"Genetic and epigenetic underpinnings of biological aging: a multi-omics study integrating Mendelian randomization, spatial transcriptomics, and drug target discovery..","The chromosome 6p21 NHLRC1-TPMT locus, overwhelmingly driven by methylation QTL signals (-log₁₀P = 26.06), emerged as the dominant genetic node of epigenetic aging.",13,unreviewed_candidate_not_gold,pending,pending,pending,pending,pending,pending,pending,pending,pending,pending,pending,pending,pending,pending,pending,,
doi:10.1038/s41514-025-00205-4,10.1038/s41514-025-00205-4,Genetic determinants of proteomic aging.,2025,europepmc,genetic_instrument,genomics;proteomics,False,True,Mendelian randomisation analyses showed causal effects of higher BMI and type 2 diabetes on faster proteomic age acceleration.,Genetic determinants of proteomic aging..,8,unreviewed_candidate_not_gold,pending,pending,pending,pending,pending,pending,pending,pending,pending,pending,pending,pending,pending,pending,pending,,
doi:10.1007/s10522-026-10475-4,10.1007/s10522-026-10475-4,Genetic evidence links hypertension to accelerated brain aging.,2026,europepmc;pubmed;springernature,genetic_instrument,genomics;transcriptomics,False,True,"TWAS identified 15 shared Hypertension-BAG genes, 10 supported by SMR.",Genetic evidence links hypertension to accelerated brain aging..,6,unreviewed_candidate_not_gold,pending,pending,pending,pending,pending,pending,pending,pending,pending,pending,pending,pending,pending,pending,pending,,
doi:10.1097/md.0000000000049310,10.1097/md.0000000000049310,Genetic evidence that advanced COVID-19 accelerates longitudinal brain atrophy: A Mendelian randomization study.,2026,europepmc;pubmed,genetic_instrument,genomics;metabolomics;proteomics,True,True,Genetic evidence that advanced COVID-19 accelerates longitudinal brain atrophy: A Mendelian randomization study..,Seven variants were shared between advanced COVID-19 and global brain aging.,9,unreviewed_candidate_not_gold,pending,pending,pending,pending,pending,pending,pending,pending,pending,pending,pending,pending,pending,pending,pending,,
doi:10.21203/rs.3.rs-5926137/v1,10.21203/rs.3.rs-5926137/v1,"Genomics of diffusion-imaging integrating GWAS, exome data and single-cell sequencing unravels lifespan determinants of cerebral small vessel disease",2025,europepmc,genetic_instrument,genomics,True,False,"Mendelian randomization supported causal association of higher blood pressure with larger PSMD values, and of larger PSMD with an increased risk of stroke, especially intracerebral hemorrhage.","Genomics of diffusion-imaging integrating GWAS, exome data and single-cell sequencing unravels lifespan determinants of cerebral small vessel disease.",9,unreviewed_candidate_not_gold,pending,pending,pending,pending,pending,pending,pending,pending,pending,pending,pending,pending,pending,pending,pending,,
doi:10.1007/s40520-024-02877-6,10.1007/s40520-024-02877-6,Gut microbiota and epigenetic age acceleration: a bi-directional Mendelian randomization study.,2024,europepmc,genetic_instrument,genomics;microbiomics,False,True,Gut microbiota and epigenetic age acceleration: a bi-directional Mendelian randomization study..,Gut microbiota and epigenetic age acceleration: a bi-directional Mendelian randomization study..,11,unreviewed_candidate_not_gold,pending,pending,pending,pending,pending,pending,pending,pending,pending,pending,pending,pending,pending,pending,pending,,
doi:10.1007/s12031-025-02314-x,10.1007/s12031-025-02314-x,Identification of Therapeutic Targets for Premature Ovarian Failure Through Mendelian Randomization and Colocalization Analysis Using Human Plasma Proteomics.,2025,europepmc,genetic_instrument,genomics;proteomics,False,True,SMR analysis confirmed TNXB as a risk factor for POF.,"Premature ovarian failure (POF) accelerates ovarian aging, leading to menstrual irregularities, reduced fertility, and decreased estrogen levels.",6,unreviewed_candidate_not_gold,pending,pending,pending,pending,pending,pending,pending,pending,pending,pending,pending,pending,pending,pending,pending,,
doi:10.1007/s11357-025-01794-4,10.1007/s11357-025-01794-4,Identification of gut microbiota causally associated with aging and longevity and mediation roles of the cerebrospinal fluid proteins: proteomic genetic evidence from Mendelian randomization.,2026,europepmc,genetic_instrument,genomics;microbiomics;proteomics,False,True,Identification of gut microbiota causally associated with aging and longevity and mediation roles of the cerebrospinal fluid proteins: proteomic genetic evidence from Mendelian randomization..,"Nine taxa exhibited causal associations with longevity-related phenotypes, such as the Bacteroides vulgatus and Blautia.",12,unreviewed_candidate_not_gold,pending,pending,pending,pending,pending,pending,pending,pending,pending,pending,pending,pending,pending,pending,pending,,
doi:10.64898/2026.02.01.26345311,10.64898/2026.02.01.26345311,In Silico Network Perturbation Reveals Hierarchical Roles of DNA Repair and Glycosylation Linking Exercise to Human Ageing Clocks,2026,europepmc,genetic_instrument,epigenomics;proteomics;transcriptomics,True,True,"Genetically proxied habitual vigorous physical activity (VPA) is integrated with multi-omic Mendelian randomisation (MR) across epigenomic, transcriptomic, proteomic, and glycomic layers to construct a causal, exercise-adapted molecular network.",In Silico Network Perturbation Reveals Hierarchical Roles of DNA Repair and Glycosylation Linking Exercise to Human Ageing Clocks.,9,unreviewed_candidate_not_gold,pending,pending,pending,pending,pending,pending,pending,pending,pending,pending,pending,pending,pending,pending,pending,,
doi:10.1093/hmg/ddae189,10.1093/hmg/ddae189,Integrated multi-omics analysis revealed the molecular networks and potential targets of cellular senescence in Alzheimer's disease.,2025,europepmc,genetic_instrument,epigenomics;genomics;transcriptomics,True,True,"To further explore the causal role of these genes, an integrative mendelian randomization analysis was conducted, combining AD genome-wide association study summary statistics with expression quantitative trait loci (eQTL) and DNA methylation quantitative trait loci (mQTL) data from blood samples, which identified five putative AD-causal genes (CENPW, EXOSC9, HSPB11, SLC44A2, and SLFN12) and 18 corresponding DNA methylation probes.",Cellular senescence (CS) is a hallmark of Alzheimer's disease (AD).,9,unreviewed_candidate_not_gold,pending,pending,pending,pending,pending,pending,pending,pending,pending,pending,pending,pending,pending,pending,pending,,
doi:10.14336/ad.2026.0356,10.14336/ad.2026.0356,Integrating AI and Causal Genetics to Prioritize Therapeutic Targets for Aging and Age-Related Diseases.,2026,europepmc;pubmed,genetic_instrument,genomics;transcriptomics,True,True,"Mendelian randomization analyses provided genetic causal support for IL6, IL6R, NLRP3, NOS2, TLR4, and GLP1R in aging-related traits and multiple ARDs, highlighting potential opportunities for drug repurposing.","Co-localization analyses suggested that the same genetic variants influencing IL6R expression are also associated with parental survival, a proxy for human lifespan, supporting a role for IL-6 signaling in longevity, and indicated a shared genetic signal at the NOS2 locus associated with rheumatoid arthritis risk.",7,unreviewed_candidate_not_gold,pending,pending,pending,pending,pending,pending,pending,pending,pending,pending,pending,pending,pending,pending,pending,,
doi:10.1016/j.jhazmat.2025.140429,10.1016/j.jhazmat.2025.140429,Integrative epidemiological and spatial multi-omics analyses reveal SPP1⁺ macrophages with senescence-like features as key mediators linking NO₂ exposure to coronary heart disease.,2025,europepmc,genetic_instrument,transcriptomics,True,False,"To strengthen causal inference and minimize residual confounding, we applied propensity score matching (PSM) to balance baseline characteristics across exposure groups, and conducted Mendelian randomization (MR) using NO₂-associated genetic instruments.",Biological aging was assessed using KDMAge and PhenoAge.,6,unreviewed_candidate_not_gold,pending,pending,pending,pending,pending,pending,pending,pending,pending,pending,pending,pending,pending,pending,pending,,
doi:10.1016/j.xgen.2026.101218,10.1016/j.xgen.2026.101218,Interferon-related inflammaging links epigenetic age acceleration to multimorbidity.,2026,pubmed,genetic_instrument,epigenomics;proteomics,False,True,"Mendelian randomization analyses showed that blood concentrations of important inflammatory cytokines associated with the interferon pathway (CXCL9, CXCL10, CCL11, and IL-18) increase with age and are causal drivers of epigenetic age acceleration and age-related diseases.",Interferon-related inflammaging links epigenetic age acceleration to multimorbidity..,8,unreviewed_candidate_not_gold,pending,pending,pending,pending,pending,pending,pending,pending,pending,pending,pending,pending,pending,pending,pending,,
doi:10.3389/fendo.2025.1661666,10.3389/fendo.2025.1661666,Investigating the causal role of cellular senescence-related genes in preeclampsia: a multi-omics Mendelian randomization study with differential expression analysis.,2025,europepmc,genetic_instrument,genomics;proteomics,True,True,"Integration of SMR/HEIDI tests and colocalization (PPH4 > 0.5) prioritized 12 eQTLs, 62 mQTLs, and 2 pQTLs linked to preeclampsia.",Background The causal role of cellular senescence in preeclampsia pathogenesis is not fully established.,13,unreviewed_candidate_not_gold,pending,pending,pending,pending,pending,pending,pending,pending,pending,pending,pending,pending,pending,pending,pending,,
doi:10.1002/brb3.70937,10.1002/brb3.70937,Longevity Code: Lipidome Associations and Mediated Metabolite Effects.,2025,europepmc,genetic_instrument,genomics;metabolomics,False,True,The purpose of this study was to assess the causal effects of lipidome on longevity and the mediated effects of metabolites using Mendelian randomization (MR).,Longevity Code: Lipidome Associations and Mediated Metabolite Effects..,6,unreviewed_candidate_not_gold,pending,pending,pending,pending,pending,pending,pending,pending,pending,pending,pending,pending,pending,pending,pending,,
doi:10.1038/s41591-025-03999-8,10.1038/s41591-025-03999-8,MRI-based multi-organ clocks for healthy aging and disease assessment,2025,europepmc;semantic_scholar,genetic_instrument,genomics;metabolomics;proteomics,True,True,"Genetic correlation and Mendelian randomization analyses support organ-specific and cross-organ interconnection, including 24 non-MRI biological aging clocks and 525 disease endpoints.",Biological aging clocks across organ systems and tissues have advanced understanding of human aging and disease.,8,unreviewed_candidate_not_gold,pending,pending,pending,pending,pending,pending,pending,pending,pending,pending,pending,pending,pending,pending,pending,,
doi:10.1001/jamapsychiatry.2024.1429,10.1001/jamapsychiatry.2024.1429,"Major Psychiatric Disorders, Substance Use Behaviors, and Longevity.",2024,europepmc,genetic_instrument,epigenomics;genomics;proteomics;transcriptomics,True,True,"Design, settings, and participants This 2-sample mendelian randomization (MR) study assessed associations between psychiatric disorders, substance use behaviors, and longevity using single-variable and multivariable models.",Additional outcomes were epigenetic age acceleration (EAA) clocks.,10,unreviewed_candidate_not_gold,pending,pending,pending,pending,pending,pending,pending,pending,pending,pending,pending,pending,pending,pending,pending,,
doi:10.21203/rs.3.rs-2114482/v1,10.21203/rs.3.rs-2114482/v1,Mendelian randomization analyses reveal causal relationships between the human microbiome and longevity,2022,europepmc,genetic_instrument,genomics;microbiomics,False,True,Mendelian randomization analyses reveal causal relationships between the human microbiome and longevity.,We also identified abundant causalities between the oral microbiome and longevity.,9,unreviewed_candidate_not_gold,pending,pending,pending,pending,pending,pending,pending,pending,pending,pending,pending,pending,pending,pending,pending,,
doi:10.1038/s41598-023-31115-8,10.1038/s41598-023-31115-8,Mendelian randomization analyses reveal causal relationships between the human microbiome and longevity.,2023,europepmc,genetic_instrument,genomics;microbiomics,False,True,Mendelian randomization analyses reveal causal relationships between the human microbiome and longevity..,We also identified abundant links between the oral microbiome and longevity.,9,unreviewed_candidate_not_gold,pending,pending,pending,pending,pending,pending,pending,pending,pending,pending,pending,pending,pending,pending,pending,,
doi:10.1186/s12967-024-05823-2,10.1186/s12967-024-05823-2,Mendelian randomization analyses support causal relationships between gut microbiome and longevity.,2024,europepmc,genetic_instrument,genomics;microbiomics,False,True,Mendelian randomization analyses support causal relationships between gut microbiome and longevity..,Mendelian randomization analyses support causal relationships between gut microbiome and longevity..,9,unreviewed_candidate_not_gold,pending,pending,pending,pending,pending,pending,pending,pending,pending,pending,pending,pending,pending,pending,pending,,
doi:10.1038/s43587-021-00159-8,10.1038/s43587-021-00159-8,Mendelian randomization of genetically independent aging phenotypes identifies LPA and VCAM1 as biological targets for human aging.,2022,europepmc,genetic_instrument,genomics;proteomics,False,True,Mendelian randomization of genetically independent aging phenotypes identifies LPA and VCAM1 as biological targets for human aging..,"In the present study, we combine six European-ancestry genome-wide association studies of human aging traits-healthspan, father and mother lifespan, exceptional longevity, frailty index and self-rated health-in a principal component framework that maximizes their shared genetic architecture.",8,unreviewed_candidate_not_gold,pending,pending,pending,pending,pending,pending,pending,pending,pending,pending,pending,pending,pending,pending,pending,,
doi:10.1186/s13073-024-01322-7,10.1186/s13073-024-01322-7,Metabolome-wide Mendelian randomization for age at menarche and age at natural menopause.,2024,europepmc,genetic_instrument,genomics;metabolomics,False,True,Metabolome-wide Mendelian randomization for age at menarche and age at natural menopause..,This underscores the significance of specific metabolic pathways in the biology of female reproductive longevity.,6,unreviewed_candidate_not_gold,pending,pending,pending,pending,pending,pending,pending,pending,pending,pending,pending,pending,pending,pending,pending,,
doi:10.1038/s41380-026-03703-3,10.1038/s41380-026-03703-3,Metabolomic signatures of brain aging: A multimodal and genetic study,2026,europepmc;pubmed;springernature,genetic_instrument,genomics;metabolomics,False,True,"Genome-wide association studies (GWAS) identified 392 BAG-associated single-nucleotide polymorphisms (SNPs) ( P < 5 × 10⁻⁸), and two-sample Mendelian randomization (MR) provided evidence supporting a potential causal role of glucose in accelerating brain aging.",Metabolomic signatures of brain aging: A multimodal and genetic study.,8,unreviewed_candidate_not_gold,pending,pending,pending,pending,pending,pending,pending,pending,pending,pending,pending,pending,pending,pending,pending,,
doi:10.1038/s41467-023-37729-w,10.1038/s41467-023-37729-w,Multi-omic underpinnings of epigenetic aging and human longevity,2023,europepmc;semantic_scholar,genetic_instrument,genomics;metabolomics;transcriptomics,True,True,"In parallel, cis-instrument Mendelian randomization of the druggable genome associates TPMT and NHLRC1 with epigenetic aging, supporting transcriptomic imputation findings.",Multi-omic underpinnings of epigenetic aging and human longevity.,11,unreviewed_candidate_not_gold,pending,pending,pending,pending,pending,pending,pending,pending,pending,pending,pending,pending,pending,pending,pending,,
doi:10.3389/fimmu.2024.1426474,10.3389/fimmu.2024.1426474,Multi-omics analysis and experimental validation of the value of monocyte-associated features in prostate cancer prognosis and immunotherapy,2024,semantic_scholar,genetic_instrument,,True,False,Mendelian randomization analysis of the association of HLA-DR high-expressing monocytes with PRAD.,Gene enrichment analysis revealed the association of CCNA2 with the regulation of cell cycle and cellular senescence in PRAD.,5,unreviewed_candidate_not_gold,pending,pending,pending,pending,pending,pending,pending,pending,pending,pending,pending,pending,pending,pending,pending,,
doi:10.1186/s12964-026-02985-y,10.1186/s12964-026-02985-y,"Multi-omics and experimental evidence in human chondrocytes identify caspase-8 as a non-apoptotic regulator of inflammatory, senescent, and fibrotic signaling in osteoarthritis.",2026,europepmc;pubmed;springernature,genetic_instrument,epigenomics;proteomics;transcriptomics,True,True,"Finally, MR and SMR/HEIDI analyses supported CASP8 as a causal risk regulator for knee OA, influenced by multi-tissue expression and epigenetic regulation.","Background Osteoarthritis (OA) is characterized by chronic inflammation, cellular senescence, and progressive cartilage remodeling, yet effective disease-modifying therapeutic targets remain limited.",8,unreviewed_candidate_not_gold,pending,pending,pending,pending,pending,pending,pending,pending,pending,pending,pending,pending,pending,pending,pending,,
doi:10.1097/md.0000000000047376,10.1097/md.0000000000047376,Multi-omics data reveal causal associations of cellular senescence-related genes in rheumatoid arthritis: A summary-data-based Mendelian randomization and co-localization analysis.,2026,europepmc;pubmed,genetic_instrument,genomics;transcriptomics,True,True,Multi-omics data reveal causal associations of cellular senescence-related genes in rheumatoid arthritis: A summary-data-based Mendelian randomization and co-localization analysis..,Multi-omics data reveal causal associations of cellular senescence-related genes in rheumatoid arthritis: A summary-data-based Mendelian randomization and co-localization analysis..,13,unreviewed_candidate_not_gold,pending,pending,pending,pending,pending,pending,pending,pending,pending,pending,pending,pending,pending,pending,pending,,
doi:10.1186/s13059-026-04118-7,10.1186/s13059-026-04118-7,Multi-omics pleiotropic association analyses reveal functionally relevant genes and druggable pathways for ovarian aging.,2026,europepmc;pubmed,genetic_instrument,genomics;metabolomics;transcriptomics,True,True,"By applying Mendelian randomization and cross-omics association approaches, we prioritize key proteins, gene expressions, splicing events, and metabolites.",Conclusions This study uncovers the multi-layered genetic and molecular architecture underlying ovarian aging.,9,unreviewed_candidate_not_gold,pending,pending,pending,pending,pending,pending,pending,pending,pending,pending,pending,pending,pending,pending,pending,,
doi:10.1101/2025.07.10.25331263,10.1101/2025.07.10.25331263,"Multi-organ MRI digitizes biological aging clocks across proteomics, metabolomics, and genetics",2025,europepmc,genetic_instrument,genomics;metabolomics;proteomics,False,True,"Genetic correlation and Mendelian randomization analyses further support organ-specific and cross-organ interconnections with 9 phenotype-based 1,2 , 11 proteome-based 7 , and 5 metabolome-based aging clocks 5 , as well as 525 disease endpoints.","Multi-organ MRI digitizes biological aging clocks across proteomics, metabolomics, and genetics.",9,unreviewed_candidate_not_gold,pending,pending,pending,pending,pending,pending,pending,pending,pending,pending,pending,pending,pending,pending,pending,,
doi:10.1101/2025.03.27.25324801,10.1101/2025.03.27.25324801,Multi-organ metabolome biological age implicates cardiometabolic conditions and mortality risk,2025,europepmc,genetic_instrument,genomics;metabolomics;proteomics,True,True,"Genetic correlation and Mendelian randomization analyses revealed potential causal links between the 5 MetBAGs and cardiometabolic conditions, such as metabolic disorders with the endocrine MetBAG and hypertension with the immune MetBAG.",Multi-organ metabolome biological age implicates cardiometabolic conditions and mortality risk.,9,unreviewed_candidate_not_gold,pending,pending,pending,pending,pending,pending,pending,pending,pending,pending,pending,pending,pending,pending,pending,,
doi:10.1038/s41467-025-59964-z,10.1038/s41467-025-59964-z,Multi-organ metabolome biological age implicates cardiometabolic conditions and mortality risk.,2025,europepmc,genetic_instrument,metabolomics,True,False,"Genetic correlation and Mendelian randomization analyses reveal potential causal links between the 5 MetBAGs and cardiometabolic conditions (e.g., metabolic disorders and hypertension).",Multi-organ metabolome biological age implicates cardiometabolic conditions and mortality risk..,7,unreviewed_candidate_not_gold,pending,pending,pending,pending,pending,pending,pending,pending,pending,pending,pending,pending,pending,pending,pending,,
doi:10.21203/rs.3.rs-6850329/v1,10.21203/rs.3.rs-6850329/v1,Multiomics analyses reveal key circadian rhythm genes implicated in Premature ovarian insufficiency,2025,europepmc,genetic_instrument,genomics;transcriptomics,True,True,"Regulatory networks were inferred via SCENIC, and causality was assessed via summary-data-based Mendelian randomization (SMR).",Conclusions Our findings implicate circadian rhythm disruption as a hallmark and potential driver of ovarian aging.,7,unreviewed_candidate_not_gold,pending,pending,pending,pending,pending,pending,pending,pending,pending,pending,pending,pending,pending,pending,pending,,
doi:10.1186/s12967-026-07766-2,10.1186/s12967-026-07766-2,Multiomics analysis reveals that senescent CXCL16<sup>+</sup> macrophages promote lung adenocarcinoma progression through TGF-β signalling.,2026,europepmc;pubmed,genetic_instrument,genomics;transcriptomics,True,True,Results A summary data-based on Mendelian randomization analysis integrating GWAS and TCGA data identified CXCL16 as a senescence-associated gene that is causally linked to the LUAD risk.,Cellular senescence was validated by performing staining for senescence-associated β-galactosidase and the canonical markers p16 and p21.,7,unreviewed_candidate_not_gold,pending,pending,pending,pending,pending,pending,pending,pending,pending,pending,pending,pending,pending,pending,pending,,
doi:10.21203/rs.3.rs-6768173/v1,10.21203/rs.3.rs-6768173/v1,Multivariate genome-wide analyses of insulin resistance phenotypes unravel novel loci and therapeutic targets for cardiometabolic health and longevity,2025,europepmc,genetic_instrument,genomics;metabolomics;proteomics;transcriptomics,False,True,"Multivariable Mendelian randomization (MR) analyses showed that each 1-Z-score higher mvIR was associated with higher risks of 17 cardiometabolic diseases (OR [95% CI] from 2.49 [1.75-3.53] for mild obesity-related diabetes to 1.06 [1.00-1.12] for polycystic ovary syndrome [PCOS]) and reduced likelihood of five longevity outcomes (e.g., OR of 0.64 [0.50-0.83] for 99th percentile longevity), independent of adiposity and muscle weakness indicators.",Multivariate genome-wide analyses of insulin resistance phenotypes unravel novel loci and therapeutic targets for cardiometabolic health and longevity.,10,unreviewed_candidate_not_gold,pending,pending,pending,pending,pending,pending,pending,pending,pending,pending,pending,pending,pending,pending,pending,,
doi:10.1101/2025.02.08.25321911,10.1101/2025.02.08.25321911,Non-causal association between α-klotho and human lifespan: evidence from multi-omics insights,2025,europepmc,genetic_instrument,genomics,True,False,"To scrutinize the potential causal link between genetically predicted Klotho levels and human lifespan, we devised a meticulous two-sample Mendelian randomization (MR) analysis, just leveraging single nucleotide polymorphisms (SNPs) from genome-wide association studies (GWAS) and protein quantitative trait loci (pQTLs) as instrumental variables, meticulously analyzing the relationship between serum α-klotho and human longevity.",Non-causal association between α-klotho and human lifespan: evidence from multi-omics insights.,9,unreviewed_candidate_not_gold,pending,pending,pending,pending,pending,pending,pending,pending,pending,pending,pending,pending,pending,pending,pending,,
doi:10.1038/s41467-026-69412-1,10.1038/s41467-026-69412-1,Opposite effects of chronic HIV infection and antiretroviral medication on organismal and organ-specific biological aging.,2026,pubmed,genetic_instrument,epigenomics;proteomics,False,True,"HIV infection accelerates systemic biological aging, with Mendelian randomization demonstrating causality between organ aging and inflammatory or metabolic complications.",Proteomic age acceleration significantly correlates with DNA methylation age and is linked to comorbidities and mortality.,6,unreviewed_candidate_not_gold,pending,pending,pending,pending,pending,pending,pending,pending,pending,pending,pending,pending,pending,pending,pending,,
doi:10.21203/rs.3.rs-9586760/v1,10.21203/rs.3.rs-9586760/v1,Pleiotropic genetic links between high-grade serous ovarian cancer and female reproductive timing traits,2026,europepmc,genetic_instrument,epigenomics;genomics;proteomics;transcriptomics,False,True,"Finally, we applied summary data–based Mendelian randomization and proteome-wide association analyses to explore pleiotropic effects at the gene and protein levels, along with pathway enrichment analyses to characterize shared biological processes.","Functional annotation and pathway enrichment analyses implicated immune regulation, chromatin organization, vesicle-mediated transport, and developmental processes in HGSOC, suggesting convergent biological mechanisms linking ovarian carcinogenesis with the regulation of reproductive lifespan.",7,unreviewed_candidate_not_gold,pending,pending,pending,pending,pending,pending,pending,pending,pending,pending,pending,pending,pending,pending,pending,,
doi:10.1101/2024.07.13.24310153,10.1101/2024.07.13.24310153,"Proteome-wide Mendelian randomization study implicates inflammaging biomarkers in retinal vasculature, cardiometabolic diseases and longevity",2024,europepmc,genetic_instrument,genomics;proteomics,False,True,"Proteome-wide Mendelian randomization study implicates inflammaging biomarkers in retinal vasculature, cardiometabolic diseases and longevity.","Proteome-wide Mendelian randomization study implicates inflammaging biomarkers in retinal vasculature, cardiometabolic diseases and longevity.",11,unreviewed_candidate_not_gold,pending,pending,pending,pending,pending,pending,pending,pending,pending,pending,pending,pending,pending,pending,pending,,
doi:10.1038/s41598-024-72281-7,10.1038/s41598-024-72281-7,Proteomic Mendelian randomization to identify protein biomarkers of telomere length.,2024,europepmc,genetic_instrument,genomics;proteomics,False,True,Proteomic Mendelian randomization to identify protein biomarkers of telomere length..,Shortening of telomere length (TL) is correlated with many age-related disorders and is a hallmark of biological aging.,8,unreviewed_candidate_not_gold,pending,pending,pending,pending,pending,pending,pending,pending,pending,pending,pending,pending,pending,pending,pending,,
doi:10.1186/s13073-025-01558-x,10.1186/s13073-025-01558-x,Proteomic landscape of multidimensional aging phenotypes.,2025,europepmc,genetic_instrument,genomics;metabolomics;proteomics,True,True,"Two-sample Mendelian randomization (MR) analyses were performed to determine the causal effect of plasma proteome on the multidimensional aging phenotypes, and replicate the identified proteomic signatures in the FinnGen cohort.","We observed significant phenotypic associations for 2,186, 2,152, 1,459, 668, and 545 proteins with KDM-BA acceleration, PhenoAge acceleration, frailty index, LTL, and healthspan, respectively.",8,unreviewed_candidate_not_gold,pending,pending,pending,pending,pending,pending,pending,pending,pending,pending,pending,pending,pending,pending,pending,,
doi:10.3389/fnagi.2024.1423725,10.3389/fnagi.2024.1423725,Senescence-related genes and proteins in the development of Alzheimer's disease: evidence from transcriptomic and Mendelian randomization analysis.,2024,europepmc,genetic_instrument,genomics;proteomics;transcriptomics,False,True,Design The whole study was based on transcriptomic analysis of control and AD brain tissues and Mendelian randomization (MR) analysis.,"Since AD is tightly associated with aging and cellular senescence, objective of this study was to investigate the association between senescence-related genes and proteins (SRGs and SRPs) and the development of AD.",7,unreviewed_candidate_not_gold,pending,pending,pending,pending,pending,pending,pending,pending,pending,pending,pending,pending,pending,pending,pending,,
doi:10.1038/s41380-026-03735-9,10.1038/s41380-026-03735-9,Shared genetic architecture of schizophrenia and Alzheimer’s disease and related dementias implicates 16p11.2 and lifespan brain vulnerability,2026,europepmc;pubmed;springernature,genetic_instrument,epigenomics;genomics;transcriptomics,False,True,"Finally, bidirectional Mendelian randomization supported a modest directional association between genetic liability to SCZ and increased ADRD risk, but not the reverse direction.",Shared genetic architecture of schizophrenia and Alzheimer’s disease and related dementias implicates 16p11.2 and lifespan brain vulnerability.,7,unreviewed_candidate_not_gold,pending,pending,pending,pending,pending,pending,pending,pending,pending,pending,pending,pending,pending,pending,pending,,
doi:10.1038/s41586-026-10524-5,10.1038/s41586-026-10524-5,Sleep chart of biological ageing clocks in middle and late life.,2026,europepmc;pubmed,genetic_instrument,metabolomics;proteomics,True,True,"Although Mendelian randomization does not provide strong evidence that disease causally affects sleep, it cannot completely exclude such reverse causality.",Sleep chart of biological ageing clocks in middle and late life..,8,unreviewed_candidate_not_gold,pending,pending,pending,pending,pending,pending,pending,pending,pending,pending,pending,pending,pending,pending,pending,,
doi:10.1101/2025.08.08.25333313,10.1101/2025.08.08.25333313,Sleep chart of biological aging clocks across organs and omics,2025,europepmc,genetic_instrument,metabolomics;proteomics,False,True,"Although our Mendelian randomization does not show strong causal effects from disease to sleep disturbances, it does not fully rule out the possibility that sleep disturbances may, in part, reflect underlying disease burden.",Sleep chart of biological aging clocks across organs and omics.,6,unreviewed_candidate_not_gold,pending,pending,pending,pending,pending,pending,pending,pending,pending,pending,pending,pending,pending,pending,pending,,
doi:10.1016/j.jad.2025.119471,10.1016/j.jad.2025.119471,Systematic Mendelian randomization of the human plasma proteome to identify therapeutic targets linking aging and frailty to perioperative delirium.,2025,europepmc,genetic_instrument,genomics;proteomics,False,True,Systematic Mendelian randomization of the human plasma proteome to identify therapeutic targets linking aging and frailty to perioperative delirium..,"Additionally, we investigated the bidirectional relationship between delirium and aging-related indicators, such as the frailty index (FI), Intrinsic Epigenetic Age Acceleration (IEAA), PhenoAge, and life expectancy.",8,unreviewed_candidate_not_gold,pending,pending,pending,pending,pending,pending,pending,pending,pending,pending,pending,pending,pending,pending,pending,,
doi:10.1101/2023.07.09.548232,10.1101/2023.07.09.548232,Systems biology and machine learning approaches identify metabolites that influence dietary lifespan and healthspan responses across flies and humans,2023,europepmc,genetic_instrument,genomics;metabolomics,False,True,Employing two computational methods across species—random forest modeling within the DGRP and Mendelian randomization in the UK Biobank—we pinpointed key traits with cross-species relevance that influence lifespan and healthspan.,Understanding how metabolism-related genetic differences impact longevity and healthspan are unclear.,8,unreviewed_candidate_not_gold,pending,pending,pending,pending,pending,pending,pending,pending,pending,pending,pending,pending,pending,pending,pending,,
doi:10.1038/s41467-024-52909-y,10.1038/s41467-024-52909-y,Systems biology approaches identify metabolic signatures of dietary lifespan and healthspan across species.,2024,europepmc,genetic_instrument,genomics;metabolomics,False,True,We employed two computational and complementary methods across species-random forest modeling within the DGRP as our primary analysis and Mendelian randomization in human cohorts as a secondary analysis.,Understanding how metabolism-related genetic differences impact longevity and healthspan are unclear.,8,unreviewed_candidate_not_gold,pending,pending,pending,pending,pending,pending,pending,pending,pending,pending,pending,pending,pending,pending,pending,,
doi:10.1007/s40520-025-02971-3,10.1007/s40520-025-02971-3,The association between gut microbiota and accelerated aging and frailty: a Mendelian randomization study.,2025,europepmc,genetic_instrument,genomics;microbiomics,False,True,The association between gut microbiota and accelerated aging and frailty: a Mendelian randomization study..,"Methods We obtained data on the gut microbiome, intrinsic epigenetic age acceleration, and Frailty Index from published large-scale genome-wide association studies.",6,unreviewed_candidate_not_gold,pending,pending,pending,pending,pending,pending,pending,pending,pending,pending,pending,pending,pending,pending,pending,,
doi:10.1097/md.0000000000047852,10.1097/md.0000000000047852,The causal relationship and metabolic mediation between telomere length and intervertebral disc degeneration: A two-stage network Mendelian randomization study.,2026,pubmed,genetic_instrument,genomics;metabolomics,False,True,The causal relationship and metabolic mediation between telomere length and intervertebral disc degeneration: A two-stage network Mendelian randomization study..,"Although aging is a key risk factor, the causal role of biological aging markers, such as telomere length (TL), in IVDD remains unclear.",8,unreviewed_candidate_not_gold,pending,pending,pending,pending,pending,pending,pending,pending,pending,pending,pending,pending,pending,pending,pending,,
doi:10.18632/aging.205711,10.18632/aging.205711,"Using genetics and proteomics data to identify proteins causally related to COVID-19, healthspan and lifespan: a Mendelian randomization study.",2024,europepmc,genetic_instrument,genomics;proteomics,False,True,"Using genetics and proteomics data to identify proteins causally related to COVID-19, healthspan and lifespan: a Mendelian randomization study..",Three proteins affecting COVID-19 and seven proteins affecting healthspan/lifespan are targeted by existing drugs.,11,unreviewed_candidate_not_gold,pending,pending,pending,pending,pending,pending,pending,pending,pending,pending,pending,pending,pending,pending,pending,,
doi:10.1093/ehjcvp/pvae038,10.1093/ehjcvp/pvae038,Utilizing genetics and proteomics to assess the role of antihypertensive drugs in human longevity and the underlying pathways: a Mendelian randomization study.,2024,europepmc,genetic_instrument,genomics;proteomics,False,True,Utilizing genetics and proteomics to assess the role of antihypertensive drugs in human longevity and the underlying pathways: a Mendelian randomization study..,The role of CCBs in lifespan is partly mediated by CDH1.,11,unreviewed_candidate_not_gold,pending,pending,pending,pending,pending,pending,pending,pending,pending,pending,pending,pending,pending,pending,pending,,
doi:10.1111/acel.70581,10.1111/acel.70581,Urate-Related Genetic Risk Modulates the Anti-Aging Effects of Exogenous Nucleotides: Multi-Omics Evidence From Older Adults.,2026,europepmc;pubmed,randomized_intervention,epigenomics,True,False,"In this secondary analysis of the TALENTs randomized controlled trial (121 adults aged 60-70 years; 19-week intervention; NCT05243108), participants were stratified by urate polygenic risk score (UA-PRS) to evaluate genotype-dependent responses in DNA methylation age (DNAmAge) and leukocyte telomere length (LTL).","Nucleotides-essential substrates for DNA repair, energy metabolism, and redox regulation-are emerging as nutritional modulators of biological aging.",5,unreviewed_candidate_not_gold,pending,pending,pending,pending,pending,pending,pending,pending,pending,pending,pending,pending,pending,pending,pending,,
doi:10.1186/s12864-025-12016-8,10.1186/s12864-025-12016-8,Decoding the genetic architecture of women reproductive aging: multi-omic integration identifies novel loci and mechanistic pathways for precision intervention.,2025,europepmc,sem,genomics;transcriptomics,True,True,"To address this knowledge gap, we estimated causal single nucleotide polymorphisms (SNPs) independent of variation in the reproductive of women via genomic structural equation modelling and multiple post-GWAS methodologies.",Decoding the genetic architecture of women reproductive aging: multi-omic integration identifies novel loci and mechanistic pathways for precision intervention..,9,unreviewed_candidate_not_gold,pending,pending,pending,pending,pending,pending,pending,pending,pending,pending,pending,pending,pending,pending,pending,,
doi:10.1002/trc2.70286,10.1002/trc2.70286,The proteomic and metabolomic signature of inherited chromosomally integrated HHV-6 and its role in all-cause dementia and mortality risk: The UK Biobank study.,2026,pubmed,sem,metabolomics;proteomics,False,True,Mediation and interaction were evaluated using structural equation models and Cox models with biomarker interactions.,"iciHHV-6 was associated with increased dementia risk, particularly among women and genetically susceptible individuals, with neuroimmune and metabolic biomarker profiles potentially relevant to brain aging and mortality risk.",4,unreviewed_candidate_not_gold,pending,pending,pending,pending,pending,pending,pending,pending,pending,pending,pending,pending,pending,pending,pending,,
doi:10.1186/s12933-026-03220-1,10.1186/s12933-026-03220-1,Unraveling 'F' factor: towards a genetic-clinical framework for the musculoskeletal-heart crosstalk in metabolic aging.,2026,europepmc;pubmed,sem,genomics;transcriptomics,False,True,"Independently, we applied genomic structural equation modeling (Genomic-SEM) to integrate genome-wide association data from six traits-coronary artery disease, type 2 diabetes, hypertension, bone mineral density, frailty, and telomere length-to model a shared latent genetic factor ('F' factor).",These genes were enriched in pathways including cellular senescence and cholesterol metabolism and showed specific expression patterns in developmental brain stages and across multi-organ endothelial cells.,4,unreviewed_candidate_not_gold,pending,pending,pending,pending,pending,pending,pending,pending,pending,pending,pending,pending,pending,pending,pending,,
