canonical_id,title,abstract,year,doi,pmid,provenance_sources,sampling_stratum,expert_report_type,expert_bio_health_scope,expert_aging_process_relevance,expert_aging_role,expert_multiomics_status,expert_integration_mode,expert_identification_status,expert_design_families,expert_expected_decision,expert_exclusion_code,expert_notes
doi:10.1038/s41467-023-37729-w,Multi-omic underpinnings of epigenetic aging and human longevity,"Biological aging is accompanied by increasing morbidity, mortality, and healthcare costs; however, its molecular mechanisms are poorly understood. Here, we use multi-omic methods to integrate genomic, transcriptomic, and metabolomic data and identify biological associations with four measures of epigenetic age acceleration and a human longevity phenotype comprising healthspan, lifespan, and exceptional longevity (multivariate longevity). Using transcriptomic imputation, fine-mapping, and conditional analysis, we identify 22 high confidence associations with epigenetic age acceleration and seven with multivariate longevity. FLOT1 , KPNA4 , and TMX2 are novel, high confidence genes associated with epigenetic age acceleration. In parallel, cis-instrument Mendelian randomization of the druggable genome associates TPMT and NHLRC1 with epigenetic aging, supporting transcriptomic imputation findings. Metabolomics Mendelian randomization identifies a negative effect of non-high-density lipoprotein cholesterol and associated lipoproteins on multivariate longevity, but not epigenetic age acceleration. Finally, cell-type enrichment analysis implicates immune cells and precursors in epigenetic age acceleration and, more modestly, multivariate longevity. Follow-up Mendelian randomization of immune cell traits suggests lymphocyte subpopulations and lymphocytic surface molecules affect multivariate longevity and epigenetic age acceleration. Our results highlight druggable targets and biological pathways involved in aging and facilitate multi-omic comparisons of epigenetic clocks and human longevity. Here, the authors integrate genomic, bulk and single-cell transcriptomic, and metabolomic data sets to compare the biological underpinning of four epigenetic clocks and human longevity, offering novel insights into aging biology.",2023,10.1038/s41467-023-37729-w,37076473,europepmc;google_scholar;openalex;pubmed;scopus;semantic_scholar;springernature,genetic_instrument,,,,,,,,,,,
doi:10.21203/rs.3.rs-6850329/v1,Multiomics analyses reveal key circadian rhythm genes implicated in Premature ovarian insufficiency,"Abstract Background Premature ovarian insufficiency (POI), defined as the loss of ovarian function before the age of 40 years, severely disrupts reproductive and endocrine health. While circadian rhythm disruption has been implicated in reproductive aging, its mechanistic contribution to POI remains largely unexplored in humans. Methods We performed an integrative multiomics analysis combining single-nucleus RNA sequencing (snRNA-seq), bulk RNA-seq, genome-wide association studies (GWAS), and expression quantitative trait locus (eQTL) data. Co-expression networks were constructed via weighted gene coexpression network analysis (WGCNA), while cell-cell communication and trajectory analyses were conducted via CellChat and Monocle. Regulatory networks were inferred via SCENIC, and causality was assessed via summary-data-based Mendelian randomization (SMR). Candidate hub genes were prioritized through machine learning and validated via in vitro assays assessing rhythmicity and gene expression. Results snRNA-seq identified a granulosa cell subpopulation (GC1) with the highest circadian rhythm score, suggesting a pivotal role in regulating the ovarian clock. WGCNA and SCENIC analyses revealed age-associated downregulation of the core circadian regulators CLOCK and ARNTL, accompanied by disruptions in lipid metabolism and stress response pathways. SMR analysis revealed 120 circadian-related genes associated with POI risk, 30 of which were enriched in GC1-specific modules. CLOCK, CRY1, APOE, and GSTA1 emerged as key regulators on the basis of machine learning prioritization. Functional assays confirmed impaired rhythmicity and altered gene expression in KGN cells and senescent mouse granulosa cells. CLOCK knockdown increased P16 and P21 expression, underscoring its role in preserving granulosa cell homeostasis. Conclusions Our findings implicate circadian rhythm disruption as a hallmark and potential driver of ovarian aging. CLOCK, BMAL1, CRY1, APOE, and GSTA1 may serve as early biomarkers and therapeutic targets for POI.",2025,10.21203/rs.3.rs-6850329/v1,,europepmc;openalex,genetic_instrument,,,,,,,,,,,
doi:10.1007/s10266-026-01494-1,"Epigenetic mechanisms of gingival aging: biological basis, periodontal implications, and therapeutic perspectives","Gingival aging has become increasingly important as increasing number of individuals retain their natural dentition into older age. Beyond epithelial thinning, connective tissue remodeling, vascular alterations, and delayed healing, aging gingiva may be affected by immunosenescence, inflammaging, cellular senescence, and epigenetic dysregulation. Epigenetic mechanisms, including DNA methylation, histone modification, and microRNA-mediated regulation, may link chronological aging and cumulative environmental exposures to altered inflammatory signaling, extracellular matrix turnover, oxidative stress responses, and tissue repair. This narrative review summarizes current knowledge of the structural, immunological, vascular, and epigenetic features of gingival aging, with particular emphasis on the relationship among biological aging, epigenetic regulation, and periodontal disease susceptibility. The review also highlights the implications of gingival aging for frailty, oral-systemic health, and future preventive or therapeutic strategies. Because gingiva-specific longitudinal human evidence remains limited, epigenetic biomarkers and aging-targeted interventions should be regarded as promising yet investigational approaches requiring further validation.",2026,10.1007/s10266-026-01494-1,,springernature,intervention_or_perturbation,,,,,,,,,,,
doi:10.1016/j.cmet.2026.02.010,Vitamin C inhibits ACSL4 to alleviate ferro-aging in primates.,"Aging is associated with oxidative stress, but specific druggable pathways remain elusive. Here, we define a conserved iron-lipid axis driving primate aging, termed ""ferro-aging."" Multi-tissue profiling in humans and non-human primates reveals age-progressive iron accumulation, fueling chronic lipid peroxidation orchestrated by acyl-coenzyme A (CoA) synthetase long-chain family member 4 (ACSL4). Distinct from acute ferroptosis, this ACSL4-mediated process promotes cellular senescence and systemic functional decline. The therapeutic inhibition of hepatic ACSL4 via gene editing alleviates aging phenotypes in mice. Through functional screening and target engagement studies, we identify vitamin C (VC) as a direct inhibitor of ACSL4. Long-term VC administration in aged monkeys for over 40 months potently reduces ferro-aging signatures across tissues, attenuates multi-organ pathology, and improves neurological and metabolic functions. Multi-omic aging clocks indicate the VC-mediated reversal of biological age. Our work establishes ferro-aging as a core, targetable mechanism of primate aging and positions VC as a translatable geroprotective strategy through ACSL4 inhibition.",2026,10.1016/j.cmet.2026.02.010,41819088,semantic_scholar,mediation_or_directed_model,,,,,,,,,,,
doi:10.1109/emergin67762.2025.11450806,Early Cancer Detection Using Multi-Omics Data Integration,"Since the prognosis and survival outcomes are better when cancer is detected early, especially at an early stage, and since many of these diagnostics have low sensitivity and specificity, Destroytal detection becomes more suitable for high-risk groups. In this work, we present a systematic study that integrates multiple omics data types: cfDNA fragmentomics, DNA methylation signatures, ctDNA variants, proteomic biomarkers (in progress), together with clinical meta data, for reliable early cancer detection in a comprehensive multi-omics integration framework. We assess several types of integration methods, such as early fusion, late decision-level stacking, and graph-based models. The ensemble stacking model of Random Forest, XGBoost and Deep Learning outperformed the early fusion methods as well as graph convolutional networks (GCN), which still yielded strong performances (AUC 0.958) >> AUC:0.961, Sensitivity :0.902, Specificity : 0.918 SHAP and GCN attention scores also identified biologically interpret able features, such as loss of cfDNA end-motif ""CCG"" (Lung), hypomethylation at chr5:150–200kb (CRC), co-elevation of AFP & DCP (HCC) and age > 60 with high-risk occupational exposure. These findings highlight the potential of integrative, multi-modal learning to advance cancer diagnosis and shed light on new directions for clinical translation and biomarker identification.",2025,10.1109/emergin67762.2025.11450806,,semantic_scholar,metadata_boundary_missing_aging_causal,,,,,,,,,,,
doi:10.1186/s40779-024-00537-4,Spatiotemporal multi-omics: exploring molecular landscapes in aging and regenerative medicine,"Aging and regeneration represent complex biological phenomena that have long captivated the scientific community. To fully comprehend these processes, it is essential to investigate molecular dynamics through a lens that encompasses both spatial and temporal dimensions. Conventional omics methodologies, such as genomics and transcriptomics, have been instrumental in identifying critical molecular facets of aging and regeneration. However, these methods are somewhat limited, constrained by their spatial resolution and their lack of capacity to dynamically represent tissue alterations. The advent of emerging spatiotemporal multi-omics approaches, encompassing transcriptomics, proteomics, metabolomics, and epigenomics, furnishes comprehensive insights into these intricate molecular dynamics. These sophisticated techniques facilitate accurate delineation of molecular patterns across an array of cells, tissues, and organs, thereby offering an in-depth understanding of the fundamental mechanisms at play. This review meticulously examines the significance of spatiotemporal multi-omics in the realms of aging and regeneration research. It underscores how these methodologies augment our comprehension of molecular dynamics, cellular interactions, and signaling pathways. Initially, the review delineates the foundational principles underpinning these methods, followed by an evaluation of their recent applications within the field. The review ultimately concludes by addressing the prevailing challenges and projecting future advancements in the field. Indubitably, spatiotemporal multi-omics are instrumental in deciphering the complexities inherent in aging and regeneration, thus charting a course toward potential therapeutic innovations.",2024,10.1186/s40779-024-00537-4,,springernature,metadata_boundary_missing_causal,,,,,,,,,,,
doi:10.1038/s41568-021-00356-y,Gut instinct: a call to study the biology of early-onset colorectal cancer disparities,"Colorectal cancer (CRC) incidence among individuals age younger than 50 years continues to rise with etiologies unknown. Synchronously, early-onset CRC disparities have grown more pronounced. As translational research across diverse populations has been limited, we advocate for mechanistic studies that address this challenge to mitigate CRC disparities among young adults. The incidence of early-onset colorectal cancer (EOCRC) continues to rise and disproportionately affects people of African descent. This Comment advocates for mechanistic studies that can help mitigate EOCRC disparities.",2021,10.1038/s41568-021-00356-y,,springernature,metadata_boundary_missing_multiomics_aging_causal,,,,,,,,,,,
doi:10.1007/s11540-026-10099-8,"Physiological Ageing of Potato Seed Tubers: Mechanisms, Assessment Challenges, and Emerging Omics-Based Solutions","Physiological age (p-age) in potato seed tubers is a complex and dynamic biochemical process that strongly influences plant vigour, canopy development and final yield. Consequently, p-age is a major concern for both seed producers and growers because it directly affects seed quality and subsequent crop performance. Extensive research has characterised the physiological, biochemical, and hormonal mechanisms underlying tuber ageing, and several approaches have been developed to estimate p-age. However, most existing methods are labour intensive, time-consuming, and insufficiently robust for rapid decision making under commercial conditions, creating a clear need for reliable, fast, and practical tools to assess p-age before planting. In parallel, omics-based technologies, including proteomics and metabolomics, have emerged as potentially powerful approaches for studying seed ageing and identifying biomarkers associated with disease, stress response and tuber quality traits in potato and other crops. This review synthesises current understanding of the physiological and molecular basis of tuber ageing, critically evaluates the strengths and limitations of current p-age assessment methods and explores the potential of omics technologies to enable rapid and accurate measurement of p-age. A clearer understanding of these mechanisms and methodological gaps will support the development of robust diagnostic tools to improve seed management and crop performance.",2026,10.1007/s11540-026-10099-8,,springernature,metadata_boundary_missing_multiomics_causal,,,,,,,,,,,
doi:10.3390/ijms27010233,"Clonal Hematopoiesis of Indeterminate Potential and Cardiometabolic Disease: Challenges, Controversies and Future Perspectives.","Clonal hematopoiesis of indeterminate potential (CHIP) is defined by the expansion of hematopoietic stem cells harboring leukemogenic mutations in the absence of overt malignancy. Strongly associated with advancing age, CHIP is detected by next-generation sequencing of peripheral blood in more than 20% of individuals over 80, most commonly through mutations in DNMT3A , TET2 , ASXL1 , and PPM1D . While CHIP confers over a four-fold increased risk of hematologic malignancy, it has recently emerged as a key determinant of cardiometabolic health. Epidemiological data indicated a 40% higher cardiovascular disease (CVD) risk events and a 34% increase in all-cause mortality among CHIP carriers, with specific mutations and larger clone sizes conferring greater cardiovascular burden. Preclinical studies have shown that macrophages deficient in TET2 or DNMT3A drive interleukin (IL)-1β/IL-6 inflammasome activation, thereby promoting atherosclerosis and metabolic dysfunction, whereas the JAK2V617F mutation accelerates thrombosis. CHIP integrates into a broader network of dysregulation encompassing adiposity and inflammaging, which underlies its association with diverse comorbidities, including type 2 diabetes (T2D), chronic kidney disease (CKD), and chronic obstructive pulmonary disease (COPD). Multi-omics approaches have identified epigenetic and proteomic signatures correlated with CHIP expansion, providing potential biomarkers for risk stratification. Despite growing evidence of its systemic impact, CHIP screening remains limited to research settings. Emerging therapeutic strategies, including inflammasome inhibition, STING modulation, and epigenetic restoration, highlight its potential as a modifiable risk factor. This narrative review synthesizes current epidemiological, mechanistic, and translational insights, framing CHIP as an emerging causal factor in cardiometabolic disease and as a promising target for precision medicine in aging populations.",2025,10.3390/ijms27010233,41516113,europepmc;pubmed;semantic_scholar,other_explicit_causal,,,,,,,,,,,
doi:10.1093/asjof/ojag088,Longevity Aesthetics: A Conceptual Framework for Integrating Pro-Aging Medicine Into Surgical and Nonsurgical Practice,"Abstract The prevailing paradigm in aesthetic medicine is the “antiaging” model, which focuses on correcting and/or reversing visible signs of aging. However, contemporary geroscience reconceptualizes aging as a malleable biological process driven by defined hallmarks, offering an opportunity to align aesthetic practice with the fundamental aging biology. This article explores the concept of “pro-aging” or “longevity aesthetics,” a framework that prioritizes tissue function, resilience, and biological integrity alongside phenotypic improvement. The skin is presented as an accessible model organ that reflects key hallmarks of aging and their clinical manifestations. Although conventional aesthetic interventions effectively address structural changes, they often do not target upstream biological drivers of tissue aging. Within this framework, certain surgical and nonsurgical modalities may theoretically support tissue resilience through modulation of inflammation, collagen remodeling, and microvascular health. Importantly, some of these strategies, such as biostimulatory injectables including calcium hydroxylapatite and poly-L-lactic acid, as well as combination treatment approaches, are already integrated into clinical practice, whereas others remain in the translational or research domain. Emerging concepts such as multi-omics, defined as the integration of genomics, transcriptomics, proteomics, metabolomics, and epigenomics, may further enable personalized and predictive approaches in the future. Longevity aesthetics, therefore, represents a conceptual evolution from correction to functional preservation. However, direct clinical evidence supporting its biological impact remains limited, and these concepts should currently be interpreted as hypothesis driven. Advancing this framework will require prospective studies integrating biomarkers with long-term clinical outcomes. Ultimately, this approach positions aesthetic medicine to contribute to translational geroscience, provided innovation is guided by methodological rigor and ethical transparency. Level of Evidence: 5 (Therapeutic)",2026,10.1093/asjof/ojag088,42253424,europepmc;pubmed;semantic_scholar,possible_nonempirical,,,,,,,,,,,
doi:10.1038/s44360-026-00109-x,GLP-1 receptor agonists should be rigorously tested as longevity therapeutics,"GLP-1 receptor agonists can be classified as transitional longevity therapeutics, but more evidence is needed to assess their direct and indirect effects.",2026,10.1038/s44360-026-00109-x,,springernature,thin_abstract_boundary,,,,,,,,,,,
doi:10.1161/strokeaha.125.052604,SLAMF1 as a Risk Biomarker for Nontraumatic SAH: Evidence From a Multiomics Study,"BACKGROUND: Subarachnoid hemorrhage (SAH) following aneurysmal rupture remains a devastating cerebrovascular event with limited predictive biomarkers. Accurate prediction of aneurysm rupture risk remains a clinical priority, as it could improve risk prediction and reveal potential therapeutic targets. Leveraging UK Biobank proteomic data, we aimed to identify protein markers associated with SAH risk using observational and genetic analyses. METHODS: We analyzed data from 52 916 participants enrolled in the UK Biobank. The analysis involved 3 steps: (1) Longitudinal cox proportional hazards analyses between normalized circulating levels of 2923 proteins and incident nontraumatic SAH (aneurysmal or nonaneurysmal) adjusting for age, sex, ancestry, smoking status, hypertension, hyperlipidemia, and diabetes; (2) Proteins identified in step 1 (false discovery rate–adjusted P <0.05) underwent Mendelian randomization using cis-protein quantitative trait loci; (3) cellular expression profile of significant proteins were examined using single-cell transcriptomic from immunophenotypic atlas of human hematopoietic progenitors. RESULTS: We identified 123 incident SAH cases; the mean follow-up was 7.06 years (SD, 3.53), the mean age was 59.28 (SD, 7.13), and 62% were females. SLAMF1 (signaling lymphocytic activation molecule family member 1) and NINJ1 (Ninjurin 1) were significantly associated (SLAMF1: HR per SD increase, 2.18 [95% CI, 1.49–3.18]; adjusted P <0.001; for NINJ1: HR, 1.85 [95% CI, 1.43–2.40]; adjusted P =0.004). Mendelian randomization confirmed the association for SLAMF1 (Inverse Variance Weighted approach OR, 1.73 [95% CI, 1.26–2.38]), with directionality supported through reverse Mendelian randomization ( P >0.05). Single-cell transcriptomic analysis demonstrated high SLAMF1 expression in CD4-CTM, CD4-activated, and CD4-naive cells, indicating a possible immunologic role in SAH pathophysiology. CONCLUSIONS: Our combined analytical approach identified SLAMF1 as a protein associated with increased SAH risk. SLAMF1, a receptor involved in modulating innate and adaptive immune responses, has been implicated in inflammatory and autoimmune diseases. SLAMF1 and related proteins represent promising biomarkers for SAH risk, potentially enhancing risk stratification, guiding preventive strategies, and informing future therapeutic development. Further research is necessary to explore its mechanistic role in SAH development.",2025,10.1161/strokeaha.125.052604,,openalex;semantic_scholar,genetic_instrument,,,,,,,,,,,
doi:10.1038/s41467-025-61433-6,Immuno-metabolic stress responses control longevity from mitochondrial translation inhibition in C. elegans,"Perturbing mitochondrial translation represents a conserved longevity intervention, with proteostasis processes proposed to mediate the resulting lifespan extension. Here, we explore whether other mechanisms may contribute to lifespan extension upon mitochondrial translation inhibition. Using multi-omics and functional in vivo screening, we identify the ethylmalonyl-CoA decarboxylase orthologue C32E8.9 in C. elegans as an essential factor for longevity induced by mitochondrial translation inhibition. Reducing C32E8.9 completely abolishes lifespan extension from mitochondrial translation inhibition, while mitochondrial unfolded protein response activation remains unaffected. We show that C32E8.9 mediates immune responses and lipid remodeling, which play crucial roles in the observed lifespan extension. Mechanistically, sma-4 (a TGF-β co-transcription factor) serves as an effector of C32E8.9 , responsible for the immune response triggered by mitochondrial translation inhibition. Collectively, these findings underline the importance of the “immuno-metabolic stress responses” in longevity upon mitochondrial translation inhibition and identify C32E8.9 as a central factor orchestrating these responses. C elegans is a model organism for life span research, and mitochondrial translation has been identified as a key process affecting longevity. Here authors show that the previously identified proteostasis is not the only mechanism that defines longevity induced by mitochondrial translation inhibition, but also C32E8.9-induced lipid remodelling and immune responses.",2025,10.1038/s41467-025-61433-6,,europepmc;pubmed;semantic_scholar;springernature,intervention_or_perturbation,,,,,,,,,,,
doi:10.1016/j.fochx.2025.102287,Multi-omics analysis of microbial spatiotemporal succession and metabolite differences in pit mud of varying cellar ages and spatial positions,"Microbes in pit mud (PM) are vital for the solid-state fermentation of strong-flavour baijiu ( SFB ), influencing the flavour and quality of SFB through metabolic activity. This study aimed to elucidate the differences in microbes and metabolites in PM at varying cellar ages and spatial positions. Microbes and metabolites in PM exhibited significant spatiotemporal variations, with temporal heterogeneity being more pronounced than spatial heterogeneity. Fourteen and 21 dominant genera were identified in 7-year and 50-year PM, respectively. Redundancy analysis suggested that pH, lactic acid, humus, and acetic acid drive microbial community succession. A total of 255 metabolites were identified, with acids, carbohydrates, and alcohols being the most prevalent. Significant positive correlations between the biomarkers and the main differential metabolites were revealed. Structural equation modeling demonstrated significant correlations between physicochemical factors, biomarkers, and the main differential metabolites. This study provides a foundation for future modifications of the quality and flavour of SFB . • The microbes and metabolites in the PM have significant spatiotemporal differences. • The biomarkers and key differential metabolites distinguish 7-year and 50- year PM were revealed. • The HS, pH, LA and AA drive the microbial community succession in the PM. • Acid, carbohydrate and alcohol were the main metabolites.",2025,10.1016/j.fochx.2025.102287,,openalex,mediation_or_directed_model,,,,,,,,,,,
doi:10.1038/s41380-026-03622-3,"Exosomes in depression: mechanistic insights, diagnostic potential, and therapeutic opportunities","Exosomes are increasingly recognized as critical mediators of intercellular communication within the central nervous system and along the brain–periphery axis, with emerging relevance to the pathophysiology of depression. These nanoscale extracellular vesicles transport bioactive cargo—including microRNAs (miRNAs), proteins, lipids, and metabolites—that can modulate neuroinflammatory signaling, synaptic remodeling, hypothalamic–pituitary–adrenal (HPA) axis dynamics, and gut–brain communication. Converging evidence from human and preclinical studies suggests that alterations in circulating and brain-derived exosomal cargo are associated with major depressive disorder (MDD) and secondary depression following neurological insults such as traumatic brain injury (TBI), implicating shared inflammatory and synaptic pathways alongside distinct etiological drivers. Circulating neuron-enriched exosomes carrying miRNAs such as miR-16 and miR-124 have been proposed as minimally invasive biomarkers reflecting brain-relevant molecular alterations. However, most human data remain cross-sectional and associative, with limited longitudinal replication and incomplete validation of cellular origin. Therapeutically, mesenchymal stem cell (MSC)–derived exosomes demonstrate antidepressant-like effects in rodent models through modulation of microglial activation, enhancement of synaptic plasticity, and attenuation of neuroinflammatory cascades. Engineered exosomes further offer a potential platform for targeted delivery of anti-inflammatory or neuroplasticity-enhancing cargo. Induced pluripotent stem cell (iPSC)-derived exosomes represent a potentially scalable and standardizable therapeutic platform. Despite this promise, substantial barriers impede clinical translation. Isolation workflows—including ultracentrifugation, size-exclusion chromatography, and immunoaffinity capture—vary in yield, purity, and reproducibility, complicating cross-cohort comparability. Moreover, definitive attribution of vesicle origin in peripheral biofluids remains technically constrained, and standardized reporting frameworks are inconsistently applied. Advances in multi-omics profiling, high-throughput sequencing, mass spectrometry, and spatially resolved molecular analyses may improve mechanistic resolution and biomarker robustness. Collectively, exosome research in depression resides at an early but rapidly evolving translational stage. Rigorous methodological standardization, longitudinal cohort validation, and mechanistic dissection across primary and injury-related depression will be essential to determine whether exosome-based diagnostics and therapeutics can fulfill their potential within precision psychiatry.",2026,10.1038/s41380-026-03622-3,,springernature,metadata_boundary_missing_aging_causal,,,,,,,,,,,
doi:10.1002/jor.70168,The Role of Fat in Osteoarthritis,"Our work challenges the traditional view of osteoarthritis (OA) as a wear‐and‐tear disease of aging, proposing a paradigm shift toward understanding OA as a systemic condition influenced by metabolic and immune factors. Historically, OA research focused on joint tissues, but our studies highlight adipose (fat) tissue and fat‐secreted factors as critical contributors to OA development and pain. Using diet‐induced obesity models in rats, we demonstrated that fat mass and adipose‐derived factors, rather than body weight alone, strongly correlate with OA severity. Clinical studies in humans further validated this, showing body fat percentage predicts OA incidence more accurately than body mass index (BMI), even in individuals with normal or overweight BMI. In addition, a fat‐free mouse model revealed that the absence of fat protects against OA regardless of diet or sex, emphasizing adipose interorgan crosstalk as a key driver of OA. These findings confirmed leptin's role in OA and uncovered complement factor D (FD), a fat‐secreted mediator modulated by leptin. FD unexpectedly influences OA structure and pain in distinct ways. Our current research focuses on understanding how FD drives pain through eicosanoids (pain‐related lipid mediators) and identifying other fat‐derived molecules driving OA. Using advanced spatial multi‐omics and proximity labeling technologies, alongside bioengineering tools and translational pain testing strategies, our goal is to redefine OA as a systemic disease. Ultimately, we aim to transform personalized OA care by developing therapies targeting fat‐derived mediators that drive pain and joint damage.",2026,10.1002/jor.70168,41796013,semantic_scholar,metadata_boundary_missing_causal,,,,,,,,,,,
doi:10.1186/s12931-023-02461-y,Regulation of whole-transcriptome sequencing expression in COPD after personalized precise exercise training: a pilot study,"Background Chronic obstructive pulmonary disease (COPD) is one of the world’s leading causes of death and a major chronic respiratory disease. Aerobic exercise, the cornerstone of pulmonary rehabilitation, improves prognosis of COPD patients; however, few studies have comprehensively examined the changes in RNA transcript levels and the crosstalk between various transcripts in this context. This study identified the expression of RNA transcripts in COPD patients who engaged in aerobic exercise training for 12 weeks, and further constructions of the possible RNAs networks were made. Methods Peripheral blood samples for all four COPD patients who benefited from 12 weeks of PR were collected pre- and post-aerobic exercises and evaluated for the expression of mRNA, miRNA, lncRNA, and circRNA with high-throughput RNA sequencing followed by GEO date validation. In addition, enrichment analyses were conducted on different expressed mRNAs. LncRNA-mRNA and circRNA-mRNA coexpression networks, as well as lncRNA-miRNA-mRNA and circRNA-miRNA-mRNA competing expression networks (ceRNAs) in COPD were constructed. Results We identified and analyzed the differentially expressed mRNAs and noncoding RNAs in the peripheral blood of COPD patients’ post-exercise. Eighty-six mRNAs, 570 lncRNAs, 8 miRNAs, and 2087 circRNAs were differentially expressed. Direct function enrichment analysis and Gene Set Variation Analysis showed that differentially expressed RNAs(DE-RNAs) correlated with several critical biological processes such as chemotaxis, DNA replication, anti-infection humoral response, oxidative phosphorylation, and immunometabolism, which might affect the progression of COPD. Some DE-RNAs were validated by Geo databases and RT-PCR, and the results were highly correlated with RNA sequencing. We constructed ceRNA networks of DE-RNAs in COPD. Conclusions The systematic understanding of the impact of aerobic exercise on COPD was achieved using transcriptomic profiling. This research offers a number of potential candidates for clarifying the regulatory mechanisms that exercise has on COPD, which could ultimately help in understanding the pathophysiology of COPD.",2023,10.1186/s12931-023-02461-y,,springernature,metadata_boundary_missing_multiomics_aging_causal,,,,,,,,,,,
doi:10.1007/s43032-023-01310-z,Unraveling the Clinical Relevance of Ferroptosis-Related Genes in Human Ovarian Aging,"Ferroptosis, a recently discovered form of cell death, has been implicated in various diseases. However, the genetic relationship between ferroptosis and ovarian aging has not been thoroughly investigated through informatics analysis. In this study, we conducted bioinformatics analysis using ovarian aging and ferroptosis datasets to identify potential ferroptosis-related genes using R software. The expression levels of these genes at different ages were analyzed using the GTEx public database. To validate these findings at the genetic level, we performed clinical infertility biopsies. Bioinformatics analysis of a mouse ovary dataset revealed significantly higher expression of Tfrc , Ncoa4 , and Slc3a2 in the aging group compared to the young group, while Gpx4 showed the opposite pattern. Consistent results were observed in biopsies from clinically aged infertile patients. This study is the first to identify a ferroptosis-related gene associated with ovarian aging, highlighting its potential as a diagnostic biomarker.",2023,10.1007/s43032-023-01310-z,,springernature,metadata_boundary_missing_multiomics_causal,,,,,,,,,,,
doi:10.1007/s10238-025-01985-5,Multi-omics and molecular testing: A new insight into the genetic mechanisms of sarcopenia and arthritis,"Sarcopenia and arthritis, characterized by age-related progressive loss of skeletal muscle mass and function, profoundly impact the well-being of older adults. Our study endeavors to explore the unclear genetic structure between them. Using advanced statistical genetic approaches and genome-wide association study (GWAS) summary statistics, we explored the shared genetic basis among multiple manifestations of sarcopenia and four distinct arthritic conditions: osteoarthritis, rheumatoid arthritis, psoriatic arthritis, and gouty arthritis. We employed global and local genetic methods to gain potential shared biological mechanisms and determine binary local genetic correlations. Cross-phenotype association GWAS studies have revealed many genetic variations associated with complex traits. Transcriptome-wide association studies were conducted using weights from various human tissues to identify risk loci. We functionally annotated genomic multi-markers and fine-mapping colocalization by conducting the whole-genome unified testing of molecular characteristics. Significant correlations between sarcopenia and arthritis were detected through comprehensive and local genetic correlation analyses. At the genomic level, we identified 19 unique bivariate regions, including chr3q27.3, chr5q35.3, and chr12q13.2-q13.3, involving multiple human genes such as KBM7, GM12878, and IMR90. Gene enrichment analyses revealed that the selected loci primarily signaled through elementary pathways, including central nervous system neuron axonogenesis, glutamatergic synapse, and beta-catenin binding. Specifically, GDF5 and DNAJC27 were prioritized as the most probable candidate genes via transcriptomics. Our study has identified pleiotropic genomic regions linking sarcopenia and arthritis, providing novel insights into their genetic mechanisms. 1. Local genetic analysis has confirmed the significance of the binary regions. 2. We conducted a whole - genome test on the molecules, and marked the risk genomes. 3. We prioritize the fine analysis of probabilities to emphasize the causal genes in every region.",2026,10.1007/s10238-025-01985-5,41530564,semantic_scholar,other_explicit_causal,,,,,,,,,,,
doi:10.1007/s44403-025-00045-w,"Metabolomics-based strategies for fish meat quality, authentication and food safety: a review","Fish meat is well known for having exceptional nutritional profile, full of omega-3 fatty acids and essential amino acids which contribute to human health and disease prevention. Yet, increasing global demand for seafood has intensified concerns over quality assurance, authenticity and food safety particularly amid growing cases of fraud, mislabelling and contamination. Conventional assessment methods such as physicochemical, microbiological and sensory analyses often lack the resolution and sensitivity required to ensure consumer protection and reliable health outcomes. Metabolomics powered by advanced analytical tools including gas chromatography-mass spectrometry (GC–MS), liquid chromatography-mass spectrometry (LC–MS) and nuclear magnetic resonance (NMR) provides a comprehensive strategy by profiling diverse metabolites that serve as indicators of freshness, nutritional value, species origin and environmental exposure. The discovery of robust biomarkers combined with pathway analysis and machine learning integration enhances authentication and enables detection of adulterants, toxins and harmful residues. By bridging fish meat quality assessment with food safety monitoring, metabolomics not only ensures product integrity and traceability but also safeguards consumer health reinforcing its role as a pivotal tool in modern seafood science and public health protection. Graphical Abstract",2026,10.1007/s44403-025-00045-w,,springernature,possible_nonempirical,,,,,,,,,,,
doi:10.3389/fimmu.2026.1893702/full,Unveiling the Aging-Immune Axis in Irritable Bowel Syndrome: A Multi-Omics and Machine Learning Approach to Biomarker Discovery and Validation,… Integrative multi-omics analysis initially identified 34 high-confidence candidate genes. … The SMR analysis demonstrated consistent causal directions between genetically predicted …,,10.3389/fimmu.2026.1893702/full,,google_scholar,thin_abstract_boundary,,,,,,,,,,,
doi:10.1038/s41591-025-03887-1,Genetic and molecular landscape of comorbidities in people living with HIV,"An integrated dataset combining genetics, epigenomics, transcriptomics, proteomics and metabolomics from 1,342 people living with HIV illuminates molecular pathways driving immune responses and comorbidities in this population. People living with HIV (PLHIV) have an increased susceptibility to non-AIDS comorbidities. In this study, we systematically profiled 1,342 PLHIV across five omics layers and immune function. We found latent factors, resulting from integrating epigenomics, transcriptomics, proteomics, metabolomics and immune responses, linked to cardiovascular diseases, the presence of carotid plaque and chronic obstructive pulmonary disease in PLHIV. Mapping four omics layers to genetic variation identified 5,962 molecular quantitative trait loci, illustrating a common genetic regulation in PLHIV compared to healthy individuals. By performing Mendelian randomization, we uncovered host genetic-driven changes in baseline molecules causally related to immune responses upon stimulation with inactivated pathogens. Lastly, we uncovered that the inflammasome, genetically regulated by the NLRP12 locus, contributes to systemic inflammation across multiple molecular layers. This study offers a unique catalog of genetic and molecular determinants of immune function in PLHIV and elucidates molecular pathways driving inter-individual variation in immune response and comorbidities.",2025,10.1038/s41591-025-03887-1,,springernature,genetic_instrument,,,,,,,,,,,
doi:10.1007/s00406-026-02325-8,"Accelerated aging in schizophrenia: integrating epigenetic clocks, telomere dynamics, senescence-associated secretory phenotype, and oxidative stress.","Schizophrenia (SCZ) is a severe and chronic neuropsychiatric disorder associated with substantially shortened life expectancy and early onset of age-related comorbidities. Mounting evidence from physical health, brain structure, and cognitive function suggests that SCZ may involve accelerated biological aging. This review focuses on three core aging-related biomarkers, namely, epigenetic clocks, telomere dynamics, and the senescence-associated secretory phenotype (SASP), with the aim of systematically characterizing biological aging features in SCZ. Collectively, available studies point to altered epigenetic aging, telomere attrition, and enhanced pro-inflammatory profiles in SCZ, although findings remain inconsistent because of methodological heterogeneity, tissue specificity, and predominantly cross-sectional study designs. Oxidative stress and chronic low-grade inflammation are proposed to serve as a central hub that links these aging-related processes and may contribute to a self-sustaining pathological loop that accelerates systemic aging. Future longitudinal multi-omics studies and tissue-specific analyses are warranted to clarify causal relationships, identify dynamic aging trajectories, and explore modifiable intervention targets. Understanding the mechanistic links between SCZ and accelerated aging may provide novel insights into disease pathophysiology and facilitate the development of innovative strategies to mitigate age-related comorbidities and improve long-term health outcomes in this vulnerable population.",2026,10.1007/s00406-026-02325-8,42435241,europepmc;pubmed;semantic_scholar;springernature,intervention_or_perturbation,,,,,,,,,,,
doi:10.54987/jobimb.v13i2.1155,Salivary Microbiome in Caries Research: From Classical Concepts to Future Directions,"Dental caries is a highly prevalent biofilm-mediated disease arising from complex interactions among oral microorganisms, diet, saliva, and host factors. Saliva is increasingly recognised as a practical and informative matrix for characterising oral microbial ecology and identifying biomarkers of caries risk. This narrative review synthesises historical and contemporary evidence on the salivary microbiome in caries research, with three aims: (a) to highlight early yet foundational work on salivary mutans streptococci and host factors, (b) to critically examine similarities and differences among recent 16S, metagenomic, and multi-omics studies linking salivary communities to caries, and (c) to discuss key future directions and translational potential. Early culture-based studies established strong associations between high salivary Streptococcus mutans counts, low pH, and elevated caries experience, supporting saliva-based microbial screening as a feasible risk assessment tool. More recent microbiome-era work reveals broader salivary dysbiosis in caries, involving shifts in community composition, functional pathways, and host–microbe interactions, although findings beyond S. mutans vary across age groups, populations, and methodologies. Metagenomic and metabolomic analyses demonstrate that specific taxa, pathways, and salivary proteins and metabolites can serve as candidate biomarkers, and that salivary parameters, including flow rate and pH, significantly modulate microbial signatures. Nevertheless, progress is limited by methodological heterogeneity, reliance on cross-sectional designs, and under-representation of multi-kingdom and multi-omics integration. Future research priorities include protocol standardisation, longitudinal cohort studies, mechanistic multi-omics, identification of protective taxa, and application of machine learning to multi-dimensional salivary datasets. Ultimately, salivary microbiome research holds promise for precision caries prediction and minimally invasive, microbiome-informed prevention strategies that can be applied in personalised care as well as in wider public health programmes.",2025,10.54987/jobimb.v13i2.1155,,semantic_scholar,mediation_or_directed_model,,,,,,,,,,,
doi:10.1093/neuonc/noaf193.210,P05.05.A INTEGRATED MULTI-OMICS AND MULTI-SPECTRAL PROFILING OF PLASMA EXTRACELLULAR VESICLES REVEALS HIGHLY ACCURATE LIQUID BIOPSY BIOMARKERS FOR GLIOMA DIAGNOSIS.,"Liquid biopsy approaches are revolutionising the management of patients with extracranial solid tumours. However, the techniques investigated have not been effective in neuro-oncology. There is therefore an urgent need to develop an accurate and reproducible liquid biopsy technique for neuro-oncology patients. Plasma small extracellular vesicles (sEVs) are proposed as an alternative liquid biopsy analyte for glioma. This study aimed to define, and validate, a comprehensive multi-omics/multi-spectral plasma sEV biomarker signature for glioma diagnosis. sEVs were separated from 1 mL plasma samples using our optimised size exclusion chromatography protocol. Following characterisation according to MISEV2023 guidelines, sEVs were comprehensively analysed using mass spectrometry proteomics, microRNA transcriptomics, attenuated total reflection Fourier transform infrared (ATR-FTIR) spectroscopy, and Raman spectroscopy. Machine learning approaches (Random Forest, K-Nearest Neighbours, Extreme Gradient Boosting) were used to identify the most effective signature that differentiated glioma patients’ samples from gender- and age-matched healthy volunteers’ samples. External validation using two independent patient cohorts and orthogonal multi-omics analysis is ongoing and will be presented. Compared to healthy volunteers (n=48), glioma patients’ sEVs (n=56) were larger (p 80 nm subpopulations (p=0.0024). sEVs -omics analysis identified 305 differentially abundant proteins, including coagulation and cholesterol metabolism associated proteins, and 77 differentially expressed microRNAs, including those associated with gliomas. ATR-FTIR and Raman spectral analysis demonstrated clear differences in overall spectral signature, with differences in sEVs protein, nucleic acid, and lipid composition. Machine learning approaches generated signatures of sEV protein, microRNA, ATR-FTIR, and Raman spectrums with excellent discriminating ability (AUCs 0.916-0.988), whilst the comprehensive integrated sEV biomarker signature could distinguish glioma patients’ samples from healthy volunteers’ samples with near-perfect accuracy (AUC 0.984). Our results demonstrate that the machine learning integration of sEV multi-omics/multi-spectral datasets can achieve high-fidelity glioma detection, demonstrating clinical scalability for pre-operative diagnosis from 1mL plasma samples. This platform establishes a foundation for liquid biopsy-driven neuro-oncology frameworks.",2025,10.1093/neuonc/noaf193.210,,semantic_scholar,metadata_boundary_missing_aging_causal,,,,,,,,,,,
