canonical_id,title,abstract,year,doi,pmid,provenance_sources,document_type,sampling_stratum,expert_report_type,expert_bio_health_scope,expert_aging_process_relevance,expert_aging_role,expert_multiomics_status,expert_integration_mode,expert_identification_status,expert_design_families,expert_expected_decision,expert_exclusion_code,expert_notes
doi:10.1002/alz.092045,FunGen‐xQTL atlas: a multi‐omic atlas of quantitative trait loci in human brain and cerebrospinal fluid for target identification and prioritization in Alzheimer’s disease,"BACKGROUND: To gain a deeper understanding of underlying molecular mechanisms in genomic regions associated with Alzheimer's disease (AD), the National Institute on Aging (NIA) launched the Alzheimer's Disease Sequencing Project (ADSP) Functional Genomics Consortium (FunGen-AD) in 2021. METHOD: The first effort of this collaboration, coordinated by the NIA Genetics of Alzheimer's Disease Data Storage Site (NIAGADS), aggregated functional genomics (FG) data from 5 cohorts, including ∼3,000 samples of European (EA) and African ancestries (AA). We used this data to map Quantitative Trait Loci (xQTL) on AD-specific human tissues and cells, providing insights into how non-coding genetic variants contribute to AD risk. We developed reproducible computational pipelines to uniformly process the data, generating xQTL from >30 datasets profiled from human brain, cerebrospinal fluid, myeloid cells, and whole blood. The genetic data was processed exactly as the ADSP WGS datasets (GRCh38, same variant/gene annotations). For each QTL dataset, performed quality control and imputed missing data, inferred hidden confounders, and conducted genome-wide association testing for cis- and trans-acting QTLs. We also performed statistical fine-mapping to identify potential causal variants. The consolidated summary statistics contain effect alleles normalized to the GRCh38. RESULT: Overall, this resource yielded >10 million cis- and trans-QTL on DNA methylation, histone acetylation, RNA expression, RNA splicing, proteins, and metabolites. To support the identification of potential causal variants for molecular traits and AD, we have created a multi-ancestry linkage disequilibrium reference panel using ADSP WGS data from >16,000 individuals of self-reported EA and >5,000 individuals of self-reported AA. Beyond this unique FunGen-xQTL atlas, other FG datasets generated by other non-ADSP members are needed for AD genetics analyses. We developed the Harmonization and Integration Pipeline for Functional Genomics (hipFG) to harmonize all FunGen-xQTL data together with other public resources such as GTEx, eQTL catalog, and metaBrain. Using controlled vocabularies, hipFG produces a standardized metadata describing all outputs. This pipeline is used to expand FILER (FunctIonaL gEnomics Repository), a framework for querying large-scale genomics knowledge with a scalable genomic search and querying interface. CONCLUSION: The FunGen-xQTL resource will be made publicly available through Sage Bionetworks and NIAGADS.",2024,10.1002/alz.092045,,openalex,article,other_explicit_causal,,,,,,,,,,,
doi:10.1002/alz.13546,Microglial immunometabolism endophenotypes contribute to sex difference in Alzheimer's disease.,"The molecular mechanisms that contribute to sex differences, in particular female predominance, in Alzheimer's disease (AD) prevalence, symptomology, and pathology, are incompletely understood. To address this problem, we investigated cellular metabolism and immune responses (""immunometabolism endophenotype"") across AD individuals as a function of sex with diverse clinical diagnosis of cognitive status at death (cogdx), Braak staging, and Consortium to Establish a Registry for AD (CERAD) scores using human cortex metabolomics and transcriptomics data from the Religious Orders Study / Memory and Aging Project (ROSMAP) cohort. We identified sex-specific metabolites, immune and metabolic genes, and pathways associated with the AD diagnosis and progression. We identified female-specific elevation in glycerophosphorylcholine and N-acetylglutamate, which are AD inflammatory metabolites involved in interleukin (IL)-17 signaling, C-type lectin receptor, interferon signaling, and Toll-like receptor pathways. We pinpointed distinct microglia-specific immunometabolism endophenotypes (i.e., lipid- and amino acid-specific IL-10 and IL-17 signaling pathways) between female and male AD subjects. In addition, female AD subjects showed evidence of diminished excitatory neuron and microglia communications via glutamate-mediated immunometabolism. Our results point to new understanding of the molecular basis for female predominance in AD, and warrant future independent validations with ethnically diverse patient cohorts to establish a likely causal relationship of microglial immunometabolism in the sex differences in AD. Sex-specific immune metabolites, gene networks and pathways, are associated with Alzheimer's disease pathogenesis and disease progression. Female AD subjects exhibit microglial immunometabolism endophenotypes characterized by decreased glutamate metabolism and elevated interleukin-10 pathway activity. Female AD subjects showed a shift in glutamate-mediated cell-cell communications between excitatory neurons to microglia and astrocyte.",2023,10.1002/alz.13546,37985399,pubmed,"Journal Article; Research Support, Non-U.S. Gov't; Research Support, N.I.H., Extramural",mediation_or_directed_model,,,,,,,,,,,
doi:10.1007/978-981-99-9462-5_19,"The Potential of Systems Biology to Understand the Tenets of Host-pathogen Interaction, Toxicology, and Aging","This chapter highlights the potential of systems biology in elucidating the fundamental principles underlying host-pathogen interaction, toxicology, and aging. Systems biology, an interdisciplinary field, integrates computational modelling, data analysis, and experimental techniques to provide a holistic understanding of complex biological systems. By integrating various layers of biological information, including genomics, proteomics, metabolomics, and interactomics, systems biology offers a comprehensive framework to decipher the intricate mechanisms involved in these processes. Host-pathogen interactions are dynamic and influenced by a myriad of factors. Systems biology enables the integration of large-scale omics data, facilitating the identification of key molecular players and regulatory networks. By employing computational modelling, systems biology can simulate and predict the behaviour of complex host-pathogen systems, aiding in the development of novel therapeutic strategies and effective vaccines. Toxicology, which investigates the adverse effects of chemicals on living organisms, plays a crucial role in risk assessment and the development of safer substances. Systems biology approaches enable the integration of diverse data types, such as gene expression profiles, signalling pathways, and toxicokinetic information. This integration allows for a comprehensive understanding of toxicological processes, aiding in the assessment of chemical toxicity, prediction of adverse effects, and identification of early detection biomarkers. Aging is a complex biological process influenced by various genetic, environmental, and lifestyle factors. Systems biology provides a systems-level understanding of aging by integrating multi-omics data and considering the interplay between different cellular processes. By identifying molecular signatures associated with aging, systems biology unravels key mechanisms and pathways involved in the aging process. This knowledge has implications for developing interventions to delay aging and age-related diseases.",2024,10.1007/978-981-99-9462-5_19,,springernature,OriginalPaper Contributed volume,intervention_or_perturbation,,,,,,,,,,,
doi:10.1007/s00415-025-12909-4,Multi-omics profiling in spinal muscular atrophy (SMA): investigating lipid and metabolic alterations through longitudinal CSF analysis of Nusinersen-treated patients,"Spinal muscular atrophy (SMA) is a rare neuromuscular disease caused by biallelic mutations in the SMN1 gene, leading to progressive muscle weakness due to degeneration of the anterior horn cells. Since 2017, SMA patients can be treated with the anti-sense oligonucleotide Nusinersen, which promotes alternative splicing of the SMN2 gene, by regular intrathecal injections. In this prospective study, we applied metabolomic, lipidomic, and proteomic analysis to examine sequential CSF samples from 13 SMA patients and controls. This multi-omic approach identified over 800 proteins and 400 small molecules including lipids. Multivariate analysis of multi-omic data successfully discriminated between the CSF derived from SMA patients and control subjects. Lipidomic analysis revealed increased levels of cholesteryl esters and lyso-phospholipids, along with reduced levels of cholesterol and phospholipids in the CSF of SMA patients as compared to healthy controls. These data, combined with results from functional assays, led us to conclude that SMA patients exhibit altered levels and function of high-density-lipoprotein (HDL)-like particles in the CSF. Notably, Nusinersen therapy was observed to reverse disease-specific profile changes toward a physiological state, potentially explicable by restoring HDL function.",2025,10.1007/s00415-025-12909-4,,springernature,OriginalPaper; Original Communication,metadata_boundary_missing_aging_causal,,,,,,,,,,,
doi:10.1007/s10522-025-10225-y,Multi-omics analysis reveals the potential mechanisms underlying long-term exercise-induced enhancement of learning and memory in male mice,"Exercise is widely recognized for improving physical functions, learning, and memory. However, the mechanisms behind these effects are not fully understood. This study aims to investigate the potential mechanisms through which exercise enhances learning and memory in mice using multi-omics analysis. Twenty male C57BL/6J mice were divided into exercise and control groups. The exercise group underwent a 4-month treadmill training regimen (12 m/min). Learning and memory abilities were assessed using the Morris water maze test. Brain, serum, and fecal samples were collected for neurotransmitter analysis, serum metabolomics analysis, and gut microbiota analysis. Data from neurotransmitter and serum metabolomics analyses were integrated with gut microbiota analysis. For comparisons between the two groups, the independent sample t-test was employed. For comparisons involving multiple groups, a repeated measures one-way analysis of variance (ANOVA) with random unit group design was applied. Statistical significance was defined as P < 0.05. The Morris water maze test significantly improved learning and memory in the exercise group ( P < 0.05). Neurotransmitter analysis revealed significant differences in cognitive function-related neurotransmitters and pathways between the exercise and control groups ( P < 0.05). Serum metabolomics analysis identified differences in serum metabolites between the two groups, which were linked to key pathways involved in neural repair and cognitive function. Microbial sequencing showed greater gut microbiota diversity in the exercise group, with the most notable changes at the genus level, particularly in Allobaculum , A2 , and Clostridium_sensu_stricto_1 ( P < 0.05). Integrated analysis indicated correlations between changes in gut microbiota and serum metabolites associated with cognitive function. Long-term exercise enhances learning and memory in mice through multiple mechanisms, including neurotransmitter regulation, serum metabolite changes, and modulation of gut microbiota. These findings provide new insights into the neuroprotective effects of exercise.",2025,10.1007/s10522-025-10225-y,,springernature,OriginalPaper; Research Article,metadata_boundary_missing_aging_causal,,,,,,,,,,,
doi:10.1007/s10522-025-10296-x,Deciphering the molecular clock: exploring molecular mechanisms and genetic influences on skin ageing,"Skin ageing is a multifaceted process influenced by both intrinsic genetic factors and extrinsic environmental exposures. This review explores the genetic variants and molecular mechanisms underlying skin ageing phenotypes, while identifying gaps in current research to inform future studies. A systematic search of the Scopus and Web of Science databases was conducted, with articles screened based on criteria including a focus on human genetic association studies and indexing in either Scopus or the Institute for Scientific Information (ISI) Web of Science. The quality of included studies was assessed using the Q-Genie tool. Thirteen studies met the inclusion criteria, collectively analysing 115 single nucleotide polymorphisms (SNPs) across 99 genes. The OCA2 gene emerged as the most frequently investigated, consistently linked to hyperpigmentation. Overall, findings indicate that skin ageing phenotypes are associated with genes involved in collagen metabolism, melanogenesis, oxidative stress, and mechanical properties of the skin. Notably, SPATA33 rs35063026 and IRF4 rs12203592 polymorphisms exhibit pleiotropic effects, contributing to both wrinkling and pigmentation changes. Interestingly, some variants, such as SPTLC1 rs7042102 and REEP3 rs11961184, display paradoxical effects, underscoring the complexity of genetic modulation. Genes implicated in extracellular matrix (ECM) degradation, such as SMYD3 , and those responsive to environmental pollutants, like CYP1A1 , were associated with increased skin sagging. Conversely, variants in genes such as COL1A2 and COL13A1 , which support ECM integrity and skin resilience, were linked to protective effects. Despite these insights, many genetic associations remain poorly understood, highlighting substantial gaps in knowledge and the need for more comprehensive genetic research into skin ageing.",2025,10.1007/s10522-025-10296-x,,springernature,ReviewPaper; Review Article,metadata_boundary_missing_multiomics_causal,,,,,,,,,,,
doi:10.1007/s11427-025-3242-5,Structural decomposition enables multi-omics dissection of common and organ-specific aging.,"Aging exhibits both systemic and organ-specific components, yet existing models struggle to disentangle their shared versus distinct biological determinants at the population level. We present a structural decomposition framework that partitions seven organ-based biological age gaps (BAGs) into a Common BAG (CBAG) and seven Organ-Specific BAGs (OSBAGs) in 501,388 UK Biobank participants. This dual-axis model outperforms undecomposed body/organ BAG approaches in predicting lifespan, healthspan, and organ-specific disease risk. A large-scale aging GWAS identifies 747 novel loci, complemented by integrative proteomic and metabolomic analyses that reveal causal and druggable targets, including CST1. Pathway-guided multi-omics demonstrates a modular aging architecture, with CBAG reflecting cross-tissue regulators (e.g., FOXO3) and OSBAGs capturing organ-restricted effectors (e.g., UMOD). Drug-aging profiling uncovers organ-specific pro-aging effects consistent with known toxicities that are largely missed by undecomposed models. Sex-stratified analyses further reveal divergent molecular trajectories between males and females. All findings are integrated into HONOR, the first open-access atlas for structural aging and multi-omics translation.",2026,10.1007/s11427-025-3242-5,42132992,europepmc;google_scholar;openalex;pubmed;scopus;semantic_scholar;springernature,Journal Article,other_explicit_causal,,,,,,,,,,,
doi:10.1007/s12672-024-01605-w,A pan-cancer analysis of the oncogenic role of N-acetyltransferase 8 like in human cancer,"Background N-Acetyltransferase 8 Like ( NAT8L ) inhibits natural killer (NK)/T-cell cytotoxicity by impairing the formation of the immunological synapse via N-acetylaspartate (NAA). Existing research has predominantly focused on the metabolic functions of NAT8L , particularly in adipose tissues and myelination in the brain. However, in contrast to other N-acetyltransferases such as NAT1 and NAT2 , the role of NAT8L in cancer has been less extensively studied. In this study, we conducted a comprehensive pan-cancer analysis to investigate the carcinogenic role of NAT8L in human cancers. Methods We utilized the standardized TCGA pan-cancer dataset to analyze differential expression, clinical prognosis, gene mutation, immune infiltration, epigenetic modification, tumor stemness, and heterogeneity. Additionally, we evaluated the sensitivity of NAT8L to small molecule drugs using the GDSC and CTRP databases. Results In this study, we identified that NAT8L expression was upregulated in 6 cancers and downregulated in 12 compared to normal tissues. We analyzed its prognostic value in 5 tumor types (KIRP, COAD, COADREAD, GBMLGG, LUSC) and found correlations with overall survival (OS), disease-specific survival (DSS), and progression-free interval (PFI). Furthermore, NAT8L expression was significantly correlated with levels of most immune checkpoints, immunomodulators, and immune cell infiltration. The mutation frequencies for bladder cancer (BLCA), glioblastoma multiforme and glioma (GBMLGG), lower-grade glioma (LGG), and KIRP were 1.2%, 0.9%, 0.8%, and 0.4%, respectively. Conclusion Our findings suggest that NAT8L may serve as a potential prognostic marker and therapeutic target across a variety of cancers, particularly in KIRP, COAD, COADREAD, GBMLGG, and lung squamous cell carcinoma (LUSC).",2024,10.1007/s12672-024-01605-w,,springernature,OriginalPaper; Analysis,metadata_boundary_missing_multiomics_aging_causal,,,,,,,,,,,
doi:10.1016/j.ajcnut.2025.09.036,Associations between Combined Healthy Lifestyle and Adverse Birth Outcomes in Two Prospective Cohorts: Roles of Gut Microbiota and Serum Metabolites.,"BACKGROUND Maternal lifestyle factors are reported to be associated with adverse birth outcomes (ABOs). These factors may also dynamically influence gut microbiota composition and serum metabolic profiles. OBJECTIVE To investigate the associations between combined healthy lifestyle and ABOs, and the mediating roles of gut microbiota and serum metabolites. METHODS This study was conducted based on the Tongji-Huaxi-Shuangliu Birth Cohort (THSBC), comprising 1086 participants with repeated multi-omics data collected at three time points. An independent validation was performed using 161 participants from the Huaxi Birth Cohort (HBC), with available multi-omics data at five time points. Participants were classified into three lifestyle categories (unhealthy, low healthy, and highly healthy) according to diet, physical activity, smoking, drinking, sleep, and body mass index. Gut microbiota were characterized using 16S rRNA gene sequencing in the THSBC and metagenomics in the HBC, while serum metabolites were profiled using untargeted liquid chromatography-mass spectrometry. Clinical data on birth outcomes, such as gestational age, birth weight, and sex were collected in the THSBC. RESULTS A highly healthy lifestyle was associated with lower risks of macrosomia (MAC) (odds ratio: 0.43; 95% confidence interval: 0.33, 0.57), preterm birth (PTB) (0.60; 0.46, 0.79), and large for gestational age (LGA) (0.44; 0.35, 0.56). Among the identified mediators, gut microbiota and serum metabolites, including Eisenbergiella, Tyzzerella, Megamonas, pro-Ile, and 1-amino-1-cyclobutane-carboxylic acid were negatively associated with a healthy lifestyle, while Lachnospiraceae NK4A136 group, 4-methoxyestrone, and LPC (0:0/18:3) were positively associated. Mediation analyses showed that Eisenbergiella and 4-methoxyestrone explained 11.4% and 13.0% of the inverse association between a highly healthy lifestyle and PTB, respectively, while the other microbiota and metabolites mediated 5%-7% of the associations with MAC and LGA. CONCLUSION Maternal healthy lifestyle was associated with lower risks of ABOs, with gut microbiota and serum metabolites serving as important mediators in these relationships.",2025,10.1016/j.ajcnut.2025.09.036,41016664,semantic_scholar,JournalArticle,mediation_or_directed_model,,,,,,,,,,,
doi:10.1016/j.arr.2020.101164,Promising biomarkers of human aging: In search of a multi-omics panel to understand the aging process from a multidimensional perspective.,"The aging process has been linked to the occurrence of chronic diseases and functional impairments, including cancer, sarcopenia, frailty, metabolic, cardiovascular, and neurodegenerative diseases. Nonetheless, aging is highly variable and heterogeneous and represents a challenge for its characterization. In this sense, intrinsic capacity (IC) stands as a novel perspective by the World Health Organization, which integrates the individual wellbeing, environment, and risk factors to understand aging. However, there is a lack of quantitative and qualitative attributes to define it objectively. Therefore, in this review we attempt to summarize the most relevant and promising biomarkers described in clinical studies at date over different molecular levels, including epigenomics, transcriptomics, proteomics, metabolomics, and the microbiome. To aid gerontologists, geriatricians, and biomedical researchers to understand the aging process through the IC. Aging biomarkers reflect the physiological state of individuals and the underlying mechanisms related to homeostatic changes throughout an individual lifespan; they demonstrated that aging could be measured independently of time (that may explain its heterogeneity) and to be helpful to predict age-related syndromes and mortality. In summary, we highlight the areas of opportunity and gaps of knowledge that must be addressed to fully integrate biomedical findings into clinically useful tools and interventions.",2020,10.1016/j.arr.2020.101164,32977058,europepmc;openalex;pubmed;scopus;semantic_scholar,"Research Support, Non-U.S. Gov't; Review; Journal Article",possible_nonempirical,,,,,,,,,,,
doi:10.1016/j.cca.2026.121058,Multi-omics identification of aging-related diagnostic genes and therapeutic targets in renal fibrosis.,"Background Renal fibrosis is a pathological hallmark of progressive chronic kidney disease, partly driven by aging-related molecular alterations. However, clinically relevant diagnostic biomarkers and therapeutic targets remain limited. Methods We integrated four GEO datasets (GSE76882, GSE65326, GSE22459, GSE7392) to identify aging-related differentially expressed genes (DE-ARGs) in renal fibrosis. Functional enrichment, GSEA, and GSVA were performed to explore biological pathways. A total of 108 machine learning models were constructed to identify optimal diagnostic signatures. Immune infiltration (CIBERSORT), single-cell RNA sequencing (GSE269062), drug-target enrichment, molecular docking, and Mendelian randomization (MR) were used to evaluate key genes. Experimental validation was conducted using RT-PCR and immunohistochemistry in the UUO-induced renal fibrosis mouse model. Results We identified 84 DE-ARGs enriched in inflammatory, senescence-related, and transcriptional pathways. A 7-gene diagnostic model (MMP7, AGR2, RASSF5, AHR, HIF1A, AXL, PTTG1), constructed using Random Forest and Elastic Net, showed strong predictive performance (AUC = 0.790-0.917). These genes were significantly associated with T cells and macrophages. Single-cell analysis revealed cell-type specificity, such as MMP7 in collecting duct cells and AHR in macrophages. Drug-target analysis identified 1-(5-deoxypentofuranosyl)-5-fluoropyrimidine-2,(1H,3H)-dione as a potential multitarget agent. Molecular docking confirmed stable binding. RT-PCR and IHC confirmed significant upregulation of model genes, especially LCN2. MR further supported LCN2 as a causal plasma protein for renal fibrosis. Conclusions We identified and validated a robust aging-related diagnostic gene signature for renal fibrosis using integrated bioinformatics and experimental approaches, offering novel insights and actionable targets for future intervention.",2026,10.1016/j.cca.2026.121058,42102994,europepmc;google_scholar;openalex;pubmed;scopus;semantic_scholar,Journal Article,genetic_instrument,,,,,,,,,,,
doi:10.1016/j.ecoenv.2023.115393,PM2.5 exposure promotes asthma in aged Brown-Norway rats: Implication of multiomics analysis.,"Children are disproportionately represented among those who suffer asthma, which is a kind of chronic airway inflammation. Asthma symptoms might worsen when exposed to the air pollutant particulate matter 2.5 (PM2.5). However, it is becoming more prevalent among older adults, with more asthma-related deaths occurring in this pollution than in any other age group, and symptoms caused by asthma can reduce the quality of life of the elderly, whose asthma is underdiagnosed due to physiological factors. Therefore, in an effort to discover a therapy for older asthma during exposure to air pollution, we sought to ascertain the effects of pre-exposure (PA) and persistent exposure (PAP) to PM2.5 in aged asthma rats. In this study, we exposed aged rats to PM2.5 at different times (PA and PAP) and established an ovalbumin-mediated allergic asthma model. The basic process of elderly asthma caused by PM2.5 exposure was investigated by lung function detection, enzyme-linked immunosorbent assay (ELISA), histopathology, cytology, cytokine microarray, untargeted metabolomics, and gut microbiota analysis. Our findings demonstrated that in the PA and PAP groups, exposure to PM2.5 reduced lung function and exacerbated lung tissue damage, with varying degrees of effect on immunoglobulin levels, the findings of a cytological analysis, cytokines, and chemokines. The PA and PAP rats had higher amounts of polycyclic aromatic hydrocarbons (PAHs), such as naphthalene, 2-methylNaphthalene, 1-methylNaphthalene and flourene. Moreover, exposure to PM2.5 at different times showed different effects on plasma metabolism and gut microbiota. Bioinformatics analysis showed a strong correlation between PAHs, cytokines, and gut microbiota, and PAHs may cause metabolic disorders through the gut microbiota. These findings point to a possible mechanism for the development of asthma in older people exposure to PM2.5 that may be related to past interactions between PAHs, cytokines, gut microbiota, and plasma metabolites.",2023,10.1016/j.ecoenv.2023.115393,37611479,openalex;semantic_scholar,JournalArticle,mediation_or_directed_model,,,,,,,,,,,
doi:10.1016/j.molmet.2017.06.004,The Munich MIDY Pig Biobank – A unique resource for studying organ crosstalk in diabetes,"Objective The prevalence of diabetes mellitus and associated complications is steadily increasing. As a resource for studying systemic consequences of chronic insulin insufficiency and hyperglycemia, we established a comprehensive biobank of long-term diabetic INSC94Y transgenic pigs, a model of mutant INS gene-induced diabetes of youth (MIDY), and of wild-type (WT) littermates. Methods Female MIDY pigs (n = 4) were maintained with suboptimal insulin treatment for 2 years, together with female WT littermates (n = 5). Plasma insulin, C-peptide and glucagon levels were regularly determined using specific immunoassays. In addition, clinical chemical, targeted metabolomics, and lipidomics analyses were performed. At age 2 years, all pigs were euthanized, necropsied, and a broad spectrum of tissues was taken by systematic uniform random sampling procedures. Total beta cell volume was determined by stereological methods. A pilot proteome analysis of pancreas, liver, and kidney cortex was performed by label free proteomics. Results MIDY pigs had elevated fasting plasma glucose and fructosamine concentrations, C-peptide levels that decreased with age and were undetectable at 2 years, and an 82% reduced total beta cell volume compared to WT. Plasma glucagon and beta hydroxybutyrate levels of MIDY pigs were chronically elevated, reflecting hallmarks of poorly controlled diabetes in humans. In total, ∼1900 samples of different body fluids (blood, serum, plasma, urine, cerebrospinal fluid, and synovial fluid) as well as ∼17,000 samples from ∼50 different tissues and organs were preserved to facilitate a plethora of morphological and molecular analyses. Principal component analyses of plasma targeted metabolomics and lipidomics data and of proteome profiles from pancreas, liver, and kidney cortex clearly separated MIDY and WT samples. Conclusions The broad spectrum of well-defined biosamples in the Munich MIDY Pig Biobank that will be available to the scientific community provides a unique resource for systematic studies of organ crosstalk in diabetes in a multi-organ, multi-omics dimension.",2017,10.1016/j.molmet.2017.06.004,28752056,semantic_scholar,JournalArticle,possible_nonempirical,,,,,,,,,,,
doi:10.1038/s41413-025-00429-w,Advances in spatial transcriptomics and its application in the musculoskeletal system,"While bulk RNA sequencing and single-cell RNA sequencing have shed light on cellular heterogeneity and potential molecular mechanisms in the musculoskeletal system in both physiological and various pathological states, the spatial localization of cells and molecules and intercellular interactions within the tissue context require further elucidation. Spatial transcriptomics has revolutionized biological research by simultaneously capturing gene expression profiles and in situ spatial information of tissues, gradually finding applications in musculoskeletal research. This review provides a summary of recent advances in spatial transcriptomics and its application to the musculoskeletal system. The classification and characteristics of data acquisition techniques in spatial transcriptomics are briefly outlined, with an emphasis on widely-adopted representative technologies and the latest technological breakthroughs, accompanied by a concise workflow for incorporating spatial transcriptomics into musculoskeletal system research. The role of spatial transcriptomics in revealing physiological mechanisms of the musculoskeletal system, particularly during developmental processes, is thoroughly summarized. Furthermore, recent discoveries and achievements of this emerging omics tool in addressing inflammatory, traumatic, degenerative, and tumorous diseases of the musculoskeletal system are compiled. Finally, challenges and potential future directions for spatial transcriptomics, both as a field and in its applications in the musculoskeletal system, are discussed.",2025,10.1038/s41413-025-00429-w,,springernature,ReviewPaper; Review Article,metadata_boundary_missing_multiomics_aging_causal,,,,,,,,,,,
doi:10.1038/s41467-023-38374-z,Functional variants identify sex-specific genes and pathways in Alzheimer’s Disease,"More females than males suffer from Alzheimer’s Disease for reasons not well understood. Here, using a novel machine learning approach focused on functionally impactful coding variants, the authors identify potential sex-specific modulators of neurodegeneration. The incidence of Alzheimer’s Disease in females is almost double that of males. To search for sex-specific gene associations, we build a machine learning approach focused on functionally impactful coding variants. This method can detect differences between sequenced cases and controls in small cohorts. In the Alzheimer’s Disease Sequencing Project with mixed sexes, this approach identified genes enriched for immune response pathways. After sex-separation, genes become specifically enriched for stress-response pathways in male and cell-cycle pathways in female. These genes improve disease risk prediction in silico and modulate Drosophila neurodegeneration in vivo. Thus, a general approach for machine learning on functionally impactful variants can uncover sex-specific candidates towards diagnostic biomarkers and therapeutic targets.",2023,10.1038/s41467-023-38374-z,,springernature,OriginalPaper; Article,metadata_boundary_missing_multiomics_aging_causal,,,,,,,,,,,
doi:10.1038/s41467-025-63429-8,Aging in mice alters regionally enriched striatal astrocytes,"Aging affects multiple organs and within the brain drives distinct molecular changes across different cell types. The striatum encodes motor behaviors that decline with age, but our understanding of how cells within the striatum change remains incomplete. Using single-cell RNA sequencing from young and aged mice we identify molecularly distinct astrocyte subtypes. We show that astrocytes change significantly with age, exhibiting downregulation of genes, reduced diversity, and a shift to more homogenous inflammatory transcriptomic profiles. By exploring where striatal astrocyte subtypes are located with single-cell resolution, we map astrocytes enriched in dorsal, medial, and ventral striatum. Age increases inflammatory marker transcripts in dorsal striatal astrocytes, which display greater age-related changes than ventral striatal astrocytes. We impute molecular interactions between astrocytes and neurons and find that age particularly reduced interactions related to Nrxn2 . Our data show that aging alters regionally enriched striatal astrocytes asymmetrically, with dorsal striatal astrocytes exhibiting greater age-related molecular changes. Aging drives distinct molecular changes in the brain. Here, the authors use scRNAseq and MERFISH and find that in mice, aging induces subtype-specific, regionally biased changes in striatal astrocytes, marked by transcriptional repression, inflammation, and impaired neuronal interactions.",2025,10.1038/s41467-025-63429-8,,springernature,OriginalPaper; Article,metadata_boundary_missing_multiomics_causal,,,,,,,,,,,
doi:10.1038/s41591-023-02283-x,Biological BMI uncovers hidden health risks and is more responsive to lifestyle shifts,"Body mass index (BMI) is a clinically useful obesity measure that shows an association with healthspan and lifespan. We developed ‘biological BMI’ scores, calculated from multi-omics data (proteins and metabolites) and clinical laboratory tests from blood. We show that a biological BMI more accurately reflects metabolic health and is more responsive to lifestyle changes than a classically measured BMI.",2023,10.1038/s41591-023-02283-x,,springernature,BriefCommunication; Research Briefing,metadata_boundary_missing_causal,,,,,,,,,,,
doi:10.1038/s41698-023-00494-6,Autosurv: interpretable deep learning framework for cancer survival analysis incorporating clinical and multi-omics data,"Accurate prognosis for cancer patients can provide critical information for optimizing treatment plans and improving life quality. Combining omics data and demographic/clinical information can offer a more comprehensive view of cancer prognosis than using omics or clinical data alone and can also reveal the underlying disease mechanisms at the molecular level. In this study, we developed and validated a deep learning framework to extract information from high-dimensional gene expression and miRNA expression data and conduct prognosis prediction for breast cancer and ovarian-cancer patients using multiple independent multi-omics datasets. Our model achieved significantly better prognosis prediction than the current machine learning and deep learning approaches in various settings. Moreover, an interpretation method was applied to tackle the “black-box” nature of deep neural networks and we identified features (i.e., genes, miRNA, demographic/clinical variables) that were important to distinguish predicted high- and low-risk patients. The significance of the identified features was partially supported by previous studies.",2024,10.1038/s41698-023-00494-6,,springernature,OriginalPaper; Article,possible_nonempirical,,,,,,,,,,,
doi:10.1038/s42255-021-00466-9,"Fasting drives the metabolic, molecular and geroprotective effects of a calorie-restricted diet in mice","Pak et al. show that prolonged fasting is required for the effects of calorie restriction on insulin sensitivity, fuel utilization and ageing in mice. Calorie restriction (CR) promotes healthy ageing in diverse species. Recently, it has been shown that fasting for a portion of each day has metabolic benefits and promotes lifespan. These findings complicate the interpretation of rodent CR studies, in which animals typically eat only once per day and rapidly consume their food, which collaterally imposes fasting. Here we show that a prolonged fast is necessary for key metabolic, molecular and geroprotective effects of a CR diet. Using a series of feeding regimens, we dissect the effects of calories and fasting, and proceed to demonstrate that fasting alone recapitulates many of the physiological and molecular effects of CR. Our results shed new light on how both when and how much we eat regulate metabolic health and longevity, and demonstrate that daily prolonged fasting, and not solely reduced caloric intake, is likely responsible for the metabolic and geroprotective benefits of a CR diet.",2021,10.1038/s42255-021-00466-9,,springernature,OriginalPaper; Article,metadata_boundary_missing_multiomics_causal,,,,,,,,,,,
doi:10.1038/s43587-020-00007-1,A multiomic atlas for the exploration of healthy aging in human monocytes,An extensive multiomic resource using human monocytes reveals large-scale remodeling of DNA methylation landscapes in healthy aging and accelerated or pathological aging contexts. This work provides an invaluable resource with important implications for the study of age-related changes in immune function.,2021,10.1038/s43587-020-00007-1,,springernature,BriefCommunication; News & Views,thin_abstract_boundary,,,,,,,,,,,
doi:10.1080/1547691x.2026.2660647,Lung microbiota dysbiosis mediates PM 2.5 -induced pulmonary inflammation through antibiotic-reversible mechanisms.,"Fine particulate matter (PM 2.5 ) exposure contributes to over 4 million premature deaths annually, yet the mechanistic role of lung microbiota in PM 2.5 -induced pulmonary inflammation remains poorly understood. In collaboration of 16S rRNA and single-cell RNA multi-omics analysis and in vivo/in vitro experimental validation with antibiotic intervention strategies, the study here examined PM 2.5 -microbiota interactions in murine PM 2.5 exposure models and cellular systems. It was found that PM 2.5 exposure induced lung microbiota dysbiosis characterized by Gram-negative bacterial expansion, particularly Proteobacteria dominance, accompanied by reduced microbial diversity. scRNA analysis revealed coordinated activation of TLR4/MyD88/NLRP3 inflammatory signaling pathways and p53/p21/p16-mediated cell cycle arrest. Moreover, PM 2.5 exposure activated NLRP3 inflammosome-dependent macrophage pyroptosis as evidenced by increased interleukin (IL)-1β, IL-18, caspase-1, and GSDMD expression. In vitro studies demonstrated that the inflammatory changes induced by PM 2.5 exposure were statistically indistinguishable from those of LPS-positive controls, confirming endotoxin-like mechanisms. Critically, antibiotic pretreatment effectively attenuated PM 2.5 -induced inflammatory responses, cell cycle arrest, and tissue pathology, which established causality between microbiota disruption and pulmonary dysfunction. In conclusion, this study revealed lung microbiota dysbiosis as a critical mediator of PM 2.5 -induced pulmonary inflammation through Gram-negative bacterial expansion and subsequent endotoxin-like activation of inflammatory cascades, thereby providing novel mechanistic insights and potential microbiome-targeted therapeutic strategies for air pollution-associated respiratory diseases.",2026,10.1080/1547691x.2026.2660647,42024669,pubmed,Journal Article,intervention_or_perturbation,,,,,,,,,,,
doi:10.1080/17501911.2025.2593426,Genetic and epigenetic regulatory networks in atrioventricular block: mechanisms and therapeutic prospects.,"Atrioventricular block (AVB) is a frequent arrhythmia and can arise from both genetic predisposition and epigenetic regulation. This review provides a synopsis of the latest findings concerning the interactions of genetic-epigenetic interactions with an emphasis on mechanisms that are most likely responsible for pathobiological pathways relating to the cause of AVB. For instance, hypermethylation of the SCN5A promoter or hypomethylation ofgene transcriptionally regulates the activity of the sodium channels, and their conduction likely results in conduction disorders. We also know that miR-1 and miR-133 are significantly dysregulated in arrhythmogenic remodeling. DNA methylation of ion channels in genes is most commonly cited form of epigenetic factor among all factors mentioned above, followed by histone modifications also directed to transcription factors related to conduction. We performed a structured literature search on PubMed, Scopus, and Web of Science (2000-2025) that included human and animal studies that examined genetic and epigenetic mechanism relative to AVB. Current studies indicate a multi-tier regulatory network that incorporates inherited and environmental factors but lacks longitudinal, integrated multi-omics studies that clarify the causal pathway interaction between these systems. If we can identify interaction of genetic and epigenetic factors, we can develop valuable diagnostic and therapeutic strategies targeting AVB.",2025,10.1080/17501911.2025.2593426,41363286,pubmed,Journal Article; Review,other_explicit_causal,,,,,,,,,,,
doi:10.1093/cvr/cvag092.183,Interaction-informed EV FTIR spectroscopy reveals a covariate-modulated molecular ageing fingerprint of coronary atherosclerosis,"Extracellular vesicles (EVs) are attractive candidates for label-free cardiovascular phenotyping, yet most spectroscopic approaches assume that disease exerts a uniform effect on vesicle composition. In reality, clinical covariates such as age and hypertension may remodel EV biochemistry and obscure disease-related signals. To determine whether explicitly modelling clinical covariate–spectrum interactions can uncover a latent EV FTIR fingerprint of coronary atherosclerosis. Liquid-phase FTIR spectra (800–1,800 and 2,800–3,200 cm−¹, 1,022 wavenumbers) were acquired from serum-derived EVs in adults undergoing coronary CT imaging. After robust pre-processing and outlier removal, we first benchmarked elastic-net logistic regression and random forests for the detection of any coronary disease. We then quantified, at each wavenumber, the variance explained (R²) by age, sex, and risk factors, and identified wavenumbers with significant covariate×disease interactions. These terms were incorporated into a series of ""interaction-informed"" random forests. Discrimination was assessed by a 200-fold bootstrap AUC. Spectra-only models performed at chance level (AUC 0.53, 95% CI 0.47–0.60). Covariate scanning revealed a diffuse but structured footprint: sex influenced 167 bands, hypertension 112 and age 50, with 110 sex×disease and 25 age×disease interactions. Adding selected interaction terms increased AUC stepwise to 0.77 (0.72–0.82) in the differential-interaction model (ΔAUC +0.24 vs spectra-only, p<0.001). The most stable predictors were age-dependent amide-II/III and carbohydrate bands (around 1,547 and 1,020 cm−¹) and a hypertension-linked CH2 deformation at 1,477 cm−¹, indicating accelerated, risk-factor-modulated ""molecular ageing"" of EV cargo in disease. Circulating EV spectra alone carry little diagnostic information but become highly informative once clinical covariate–spectrum interactions are modelled. This interaction-informed FTIR framework uncovers a coherent molecular ageing fingerprint of coronary atherosclerosis. It provides a blueprint for integrating vesicle spectroscopy with risk-factor profiling in future multi-omic biomarker pipelines.Wavenumbers showing significant CADxageFor image description, please refer to the figure legend and surrounding text. Performance of random forest classifiersFor image description, please refer to the figure legend and surrounding text.",2026,10.1093/cvr/cvag092.183,,semantic_scholar,JournalArticle,metadata_boundary_missing_causal,,,,,,,,,,,
doi:10.1101/2024.10.28.24316295,Multidimensional Epigenetic Clocks Demonstrate Accelerated Aging Across Physiological Systems in Schizophrenia: A Meta-Analysis.,"Schizophrenia is associated with increased age-related morbidity, mortality, and frailty, which are not entirely explained by behavioral factors. Prior studies using epigenetic clocks have suggested that schizophrenia is associated with accelerated aging, however these studies have primarily used unidimensional clocks that summarize aging as a single ""biological age"" score. This meta-analysis uses multidimensional epigenetic clocks that split aging into multiple scores to analyze biological aging in schizophrenia. These novel clocks may provide more granular insights into the mechanistic relationships between schizophrenia, epigenetic aging, and premature morbidity and mortality. Selected studies included patients with schizophrenia-spectrum disorders and non- psychiatric controls with available DNA methylation data. Seven cross-sectional datasets were available for this study, with a total sample size of 1,891 patients with schizophrenia and 1,881 controls. Studies were selected by consensus Meta-analyses were performed using fixed-effect models. We analyzed multidimensional epigenetic clocks, including causality- enriched CausAge clocks, physiological system-specific SystemsAge clocks, RetroelementAge, DNAmEMRAge, and multi omics-informed OMICmAge. Meta-analyses examined clock associations with schizophrenia disease status and clozapine use, after accounting for age and sex. Overall SystemsAge, CausAge, DNAmEMRAge, and OMICmAge scores demonstrated increased epigenetic aging in patients with schizophrenia after strict multiple-comparison testing. Ten of the eleven SystemsAge sub-clocks corresponding to different physiological systems demonstrated increased aging, with strongest effects for Heart and Lung followed by Metabolic and Brain systems. The causality- enriched clocks indicated increases in both damaging and adaptive aging, though these effects were weaker compared to SystemsAge scores. OMICmAge indicated changes in multiple clinical biomarkers, including hematologic and hepatic markers that support system-specific aging, as well as novel proteins and metabolites not previously linked to schizophrenia. Most clocks demonstrated age acceleration at the first psychotic episode. Notably, clozapine use was associated with increased Heart and Inflammation aging, which may partially be driven by smoking. Most results survived strict Bonferroni multiple testing correction. These are the first analyses of novel multidimensional clocks in patients with schizophrenia and provide a nuanced view of aging that identifies multiple organ systems at high risk for disease in schizophrenia-related disorders.",2024,10.1101/2024.10.28.24316295,39574874,europepmc;pubmed,Journal Article; Preprint,other_explicit_causal,,,,,,,,,,,
doi:10.1111/acel.70455,Gut Luminal Exosomes in Young and Old Mice: Multi‐Omic Characteristics and Regulation of Gut Permeability,"Aging is a multifaceted process impacting physiological, genomic, metabolic, and immune functions. This study investigates the role of luminal fecal exosomes (LFEs) in age-associated metabolic dysfunction. We analyzed LFEs from young (3-month) and old (24-month) male and female C57BL/6 mice to characterize age-related differences in exosomal proteomic and miRNA cargos. To explore interactions between LFEs and the gut microbiome, naïve young mice were gavage fed with LFEs from old donors, followed by 16S rRNA sequencing. Gut permeability in vitro and in vivo and systemic metabolic effects were assessed using ECIS, 3D microfluidic models, and insulin sensitivity assays. Bioinformatic analyses identified specific proteins and miRNAs linked to insulin resistance and barrier dysfunction. Heatmaps and principal component analysis revealed distinct differences in LFE profiles between young and old mice. Notably, LFEs from old mice impaired gut barrier integrity and metabolic function in young recipients, with reciprocal effects noted in older mice when receiving LFEs from young mice. Multi-omics profiling, including proteomics and miRNA sequencing, identified age-dependent and gender-related changes in LFE cargo, encompassing host- and GM-derived proteins and miRNAs. These age-specific profiles were associated with pathways implicated in cancer, neurobehavioral changes, and metabolic dysfunction. Our findings highlight that LFEs from old mice are enriched with proteins and miRNAs involved in insulin resistance and gut barrier disruption. Together, these findings identify gut luminal exosomes as age-dependent mediators of microbiome-host communication that contribute to intestinal barrier dysfunction and metabolic decline.",2026,10.1111/acel.70455,,openalex;semantic_scholar,article,metadata_boundary_missing_causal,,,,,,,,,,,
doi:10.1134/s1990519x23700104,Partial Cell Reprogramming as a Way to Revitalize Living Systems,"Abstract Aging and associated diseases are acute problems of modern biology and medicine. Although aging cannot currently be prevented, its impact on the lifespan and health of older adults can potentially be minimized through interventions aimed at returning cells to normal function. The constant search for ways to rejuvenate and improve the regenerative capacity of cells led to the discovery in 2016 of a partial reprogramming method based on short-term expression of reprogramming factors (Oct4, Sox2, Klf4, and c-Myc). As a result, the youthful epigenetic signature of aging cells is restored. The effectiveness of the method is shown as in the system in vitro and in vivo. The presented review discusses the main successes of partial reprogramming, as well as the problems and unresolved questions that researchers have encountered. Data on molecular changes during the process of partial reprogramming are discussed separately. The partial reprogramming method provides a wide range of opportunities for fundamental research on aging and rejuvenation. Further work in this direction may lead to the development of therapeutic strategies to alleviate age-related diseases and, thus, improve health and longevity.",2024,10.1134/s1990519x23700104,,springernature,OriginalPaper,intervention_or_perturbation,,,,,,,,,,,
doi:10.1186/s12864-026-12604-2,Integrated analysis of differential m6A methylation and transcriptome profiles in ovaries of young and aged Qira black sheep,"Ovarian aging leads to follicular atresia and a decline in both the quantity and quality of oocytes, yet its molecular regulatory mechanisms remain incompletely understood. N6-methyladenosine (m6A), one of the most prevalent RNA modifications in mammals, is thought to play a key role in ovarian function and aging. In this study, ovarian tissues from 1–2-year-old and 5–6-year-old Qira black sheep were collected, and an m6A methylation transcriptomic atlas was constructed based on MeRIP-seq and RNA-seq. A total of 660 differential methylation peaks (DMPs) and 2,018 differentially expressed genes (DEGs) were identified between the two groups, most of which were enriched in pathways associated with ovarian development, cellular senescence, and immune responses. GO and KEGG enrichment analyses showed that DMPs were significantly enriched in the positive regulation of the BMP signaling pathway, in utero embryonic development, and VEGF and Wnt signaling pathways. DEGs were mainly enriched in processes related to cellular senescence, NF-κB/MAPK signaling pathways, RNA binding, and transcriptional regulation. Integrated analysis revealed 109 overlapping differential genes between DMPs and DEGs, several of which (such as CEBPB , COL6A3 , and PLCG1 ) were associated with aging, inflammatory responses, and the maintenance of ovarian function. This study provides the first m6A methylation transcriptomic profile of the ovaries of Qira black sheep and offers new insights into the regulatory mechanisms of m6A in ovarian aging.",2026,10.1186/s12864-026-12604-2,,springernature,OriginalPaper; Research,metadata_boundary_missing_multiomics_causal,,,,,,,,,,,
doi:10.1186/s12888-025-07492-x,The PAthways to Resilience And Mental health (PARAM) project: protocol for a multi-site developmental cohort in India.,"Background Psychiatric disorders are increasingly conceptualised within a neurodevelopmental framework, in which genetic liability interacts with environmental exposures across the lifespan to shape brain and behavioural trajectories. Deviations in these trajectories may confer vulnerability or resilience to later psychopathology. Longitudinal cohorts spanning critical developmental windows are required to map these pathways and their associated risk and protective factors. Methods The PAthways to Resilience And Mental health (PARAM) project is a multi-site longitudinal cohort in India, enrolling approximately 9,000 participants from the antenatal period to 30 years of age. PARAM extends the Consortium on the Vulnerability to Externalizing Disorders and Addictions (cVEDA) cohort, which recruited more than 9,000 individuals aged 6-23 years, by adding intensive follow-up from the fetal period to early childhood. Eight sites across India participate, with five recontacting their original cVEDA participants for repeated assessments. Repeated measures include questionnaires on development, temperament, and mental health; family medical and psychiatric history; assessments of environmental exposures such as adverse experiences, diet, maternal stress, toxic exposures, and screen use; and satellite-derived indicators of urbanisation and air pollution over time. Detailed examinations comprise anthropometry and body composition, neurocognitive testing, neurophysiological measures including heart rate variability and body sway, neuroimaging with 3T MRI and fNIRS, and biospecimen collection (blood, buccal swabs, hair, nails, urine, stool) for genomic, toxicological, and metabolic assays. Data are stored in a harmonised digital archive linked to a barcoded biorepository. Follow-up employs a closed cohort design for children younger than two years and an accelerated longitudinal design for older participants. Planned analyses include mixed-effects and generalized additive models for trajectories, multi-site imaging harmonisation and normative modelling, multivariate integration of multi-omic and imaging features, and predictive modelling with nested cross-validation and external validation where feasible. Missing data and attrition will be addressed using multiple imputation and inverse probability weighting. Discussion PARAM will offer insights into population-based developmental trajectories, identify modifiable risk and protective factors, and support predictive models for psychopathology. The findings are expected to inform precision interventions and public health strategies, while contributing a socio-culturally diverse resource to global mental health research.",2025,10.1186/s12888-025-07492-x,41184827,europepmc;pubmed;semantic_scholar,research-article; Multicenter Study; Journal Article,possible_nonempirical,,,,,,,,,,,
doi:10.1186/s12910-025-01174-9,Researcher views on returning results from multi-omics data to research participants: insights from The Molecular Transducers of Physical Activity Consortium (MoTrPAC) Study,"Background There is growing consensus in favor of returning individual specific research results that are clinically actionable, valid, and reliable. However, deciding what and how research results should be returned remains a challenge. Researchers are key stakeholders in return of results decision-making and implementation. Multi-omics data contains medically relevant findings that could be considered for return. We sought to understand researchers' views regarding the potential for return of results for multi-omics data from a large, national consortium generating multi-omics data. Methods Researchers from the Molecular Transducers of Physical Activity Consortium (MoTrPAC) were recruited for in-depth semi-structured interviews. To assess understanding of potential clinical utility for types of data collected and attitudes towards return of results in multi-omic clinical studies, we devised an interview guide focusing on types of results generated in the study for hypothetical return based on review of the literature and professional expertise of team members. The semi-structured interviews were recorded, transcribed verbatim and co-coded. Thematic trends were identified for reporting. Results We interviewed a total of 16 individuals representative of 11 sites and 6 research roles across MoTrPAC. Many respondents expressed positive attitudes regarding hypothetical multi-omics results return, citing participant rights to their data and perception of minimal harm. Ethical and logistical concerns around the return of multi-omics results were raised, and they often mirrored those in the published literature for genomic return of results including: uncertain clinical validity, a lack of expertise to communicate results, and an unclear obligation regarding whether to return multi-omics results. With the exception of privacy concerns, respondents were able to give examples within multi-omics of how each point was relevant. Further, researchers called for more guidance from funding agencies and increased researcher education regarding return of results. Conclusion Overall, researchers expressed positive attitudes toward multi-omic return of results in principle, particularly if medically actionable. However, competing ethical considerations, logistical constraints, and need for more external guidance were raised as key implementation concerns. Future studies should consider views and experiences of other relevant stakeholders, specifically clinical genomics professionals and study participants, regarding the clinical utility of multi-omics information and multi-omics results return.",2025,10.1186/s12910-025-01174-9,,springernature,OriginalPaper; Research,metadata_boundary_missing_aging_causal,,,,,,,,,,,
doi:10.1186/s12920-026-02323-8,The association of periodontitis with telomere length: a meta-analysis,"Background Telomere length (TL) is a biomarker of biological aging and has been linked to various health outcomes; however, its relationship with periodontitis remains inconsistent. This meta-analysis aimed to evaluate the association between periodontitis and TL. Methods PubMed, Scopus, Medline, and Embase databases were searched for relevant studies published until August 2025. The differences in mean TL between those with and without periodontitis were measured using standardized mean difference (SMD) with 95% confidence intervals (CIs), while standardized beta coefficients (β) and their 95% CIs were applied to assess the strength of the association using a random effects model. Results Ten observational studies including 22,625 participants were analyzed. The overall results indicated no significant difference in mean TL between individuals with and without periodontitis (SMD = -0.03, 95% CI = -0.09 to 0.03). Additionally, no significant association was observed between periodontitis and TL (β = -0.001, 95% CI = -0.01 to 0.01). Subgroup analysis revealed that patients under 50 years old (SMD = -0.25, 95% CI = -0.41 to -0.09) and Asian patients (SMD = -0.44, 95% CI = -0.82 to -0.06) had significantly shorter TL compared to those without periodontitis. Additionally, periodontitis was significantly inversely associated with TL in these groups (age < 50: β = -0.07, 95% CI = -0.11 to -0.03; Asians: β = -0.20, 95% CI = -0.38 to -0.03). Conclusion Periodontitis may be linked to shorter TL, indicating that TL could potentially serve as a biomarker for periodontal health.",2026,10.1186/s12920-026-02323-8,,springernature,OriginalPaper; Research,metadata_boundary_missing_multiomics_causal,,,,,,,,,,,
doi:10.1186/s12967-025-06446-x,Algorithms and tools for data-driven omics integration to achieve multilayer biological insights: a narrative review,"Systems biology is a holistic approach to biological sciences that combines experimental and computational strategies, aimed at integrating information from different scales of biological processes to unravel pathophysiological mechanisms and behaviours. In this scenario, high-throughput technologies have been playing a major role in providing huge amounts of omics data, whose integration would offer unprecedented possibilities in gaining insights on diseases and identifying potential biomarkers. In the present review, we focus on strategies that have been applied in literature to integrate genomics, transcriptomics, proteomics, and metabolomics in the year range 2018–2024. Integration approaches were divided into three main categories: statistical-based approaches, multivariate methods, and machine learning/artificial intelligence techniques. Among them, statistical approaches (mainly based on correlation) were the ones with a slightly higher prevalence, followed by multivariate approaches, and machine learning techniques. Integrating multiple biological layers has shown great potential in uncovering molecular mechanisms, identifying putative biomarkers, and aid classification, most of the time resulting in better performances when compared to single omics analyses. However, significant challenges remain. The high-throughput nature of omics platforms introduces issues such as variable data quality, missing values, collinearity, and dimensionality. These challenges further increase when combining multiple omics datasets, as the complexity and heterogeneity of the data increase with integration. We report different strategies that have been found in literature to cope with these challenges, but some open issues still remain and should be addressed to disclose the full potential of omics integration.",2025,10.1186/s12967-025-06446-x,,springernature,ReviewPaper; Review,possible_nonempirical,,,,,,,,,,,
doi:10.1186/s13019-025-03611-7,The association between the aggregate index of systemic inflammation and abdominal aortic calcification: a National health and nutrition examination survey,"Background The occurrence of abdominal aortic calcification (AAC) is associated with inflammation. This study aims to explore the relationship between the aggregate index of systemic inflammation (AISI) and AAC. Methods We utilized data from the 2013–2014 cycle of the National Health and Nutrition Examination Survey (NHANES). A loge transformation was applied to AISI (log_eAISI) to preserve its normal distribution. Weighted multiple regression analysis, trend tests, smoothing curves, and threshold effect analysis were employed to evaluate the relationship between log_eAISI and both AAC scores and severe AAC (SAAC). Subgroup analysis and interaction tests were conducted to evaluate the stability of their relationship across different populations. Additionally, receiver operating characteristic curves (ROC) were used to compare the predictive ability of log_eAISI with systemic immune-inflammation index (SII), neutrophil-to-lymphocyte ratio (NLR), and platelet-to-lymphocyte ratio (PLR). Results This study included 2,730 participants. After adjusting for covariates, a positive correlation was observed between log_eAISI and both AAC scores and SAAC. Compared to the first quartile of log_eAISI, the highest quartile showed increased AAC scores (β = 0.37, 95% CI = 0.20–0.55) and a higher risk of SAAC (OR = 1.31, 95% CI = 1.06–1.62) in the fully adjusted model. Smooth curve and threshold effect analysis demonstrated a nonlinear relationship between log_eAISI and both AAC scores and SAAC, with a breakpoint at 6.64. Subgroup analysis revealed that the relationship between log_eAISI and AAC scores is more pronounced in individuals aged 65 and older, those with coronary artery disease, and diabetic patients, while the association with SAAC is more significant in diabetic patients. Compared to other inflammatory markers (SII, NLR, PLR), AISI has a higher predictive ability for AAC (AUC = 0.57, 95%CI: 0.54–0.59) and SAAC (AUC = 0.61, 95%CI: 0.58–0.65). Conclusion Our study highlights that AISI is correlated with both AAC and SAAC. However, extensive prospective studies are required to validate our results.",2025,10.1186/s13019-025-03611-7,,springernature,OriginalPaper; Research,metadata_boundary_missing_multiomics_aging_causal,,,,,,,,,,,
doi:10.1186/s13048-026-02058-1,HPA/HPG axes dysfunction: assessing the interrelations between diminished ovarian reserve and mental health,"Diminished ovarian reserve (DOR), characterized by a premature decline in follicle quantity and quality, is increasingly prevalent among reproductive-aged women. Notably, DOR is strongly linked to mental health concerns, as affected women face substantially increased risks of anxiety and depression; however, this comorbidity remains overlooked clinically. Central to this relationship are the hypothalamic‒pituitary‒gonadal (HPG) and hypothalamic‒pituitary‒adrenal (HPA) axes, which act as key mediators linking ovarian dysfunction to psychological disturbances. This review synthesizes the current understanding of how DOR interacts with mental health via these two axes, highlights the severity of their interconnected effects, and summarizes relevant evidence and therapeutic approaches, aiming to inform comprehensive clinical management of DOR and its associated mental health challenges.",2026,10.1186/s13048-026-02058-1,,springernature,ReviewPaper; Review,metadata_boundary_missing_multiomics_aging_causal,,,,,,,,,,,
doi:10.1186/s40001-025-03745-3,U-shaped association between TC/HDL-C ratio and the risk of metabolic dysfunction-associated fatty liver disease in older adults,"This cross-sectional study aimed to evaluate the association between the total cholesterol to high-density lipoprotein cholesterol (TC/HDL-C) ratio and metabolic dysfunction-associated fatty liver disease (MAFLD) risk in older adults. Utilizing data from 4,844 participants aged ≥ 18 years from the 2005 to 2020 National Health and Nutrition Examination Survey (NHANES), the TC/HDL-C ratio was calculated and categorized into quartiles. MAFLD was diagnosed according to the 2020 International Expert Consensus Criteria. Multivariable logistic regression assessed the association between the TC/HDL-C ratio and MAFLD prevalence, while restricted cubic splines evaluated the potential non-linearity and threshold effects. Among the participants, 2,716 (56.1%) were diagnosed with MAFLD. A higher TC/HDL-C ratio was significantly associated with an increased prevalence of MAFLD (odds ratio [OR] 1.30; 95% confidence interval [CI] 1.09–1.55; p < 0.01). This analysis revealed a U-shaped positive association ( p for non-linearity = 0.004) with an inflection point at a TC/HDL-C ratio of 3.56. Below this threshold, each unit increase in the TC/HDL-C ratio was associated with a steeper increase in MAFLD risk (adjusted OR [aOR] = 1.370, 95% CI 1.066–1.760) compared with increases above the threshold (aOR = 1.165, 95% CI 1.049–1.294; p for log-likelihood ratio = 0.01). The TC/HDL-C ratio demonstrated superior diagnostic accuracy for MAFLD (AUC = 0.682) compared with isolated TC or HDL-C measurements. Subgroup analysis indicated significant interactions with body mass index (BMI) and stroke (both p -interaction < 0.05). Sensitivity analysis confirmed the robustness of the findings. Further longitudinal studies are warranted to validate these results and inform optimal MAFLD prevention strategies.",2026,10.1186/s40001-025-03745-3,,springernature,OriginalPaper; Research,metadata_boundary_missing_multiomics_aging_causal,,,,,,,,,,,
doi:10.1371/journal.pone.0333907,The association between serum lipid levels and colorectal cancer risk: A dose-response meta-analysis of 23 studies,"Background Colorectal cancer (CRC) ranks as the third most prevalent cancer globally and the second leading cause of cancer-related mortality. Based on recent studies, lipid levels may have a relationship with the risk of CRC. This meta-analysis aims to better understand the association between various serum lipids and CRC risk. Methods A comprehensive search was conducted in Web of Science, PubMed, and Scopus. This meta-analysis, including only prospective cohort studies, performed random-effects meta-analyses using the Restricted Maximum Likelihood (REML) model to assess the association between the highest versus lowest categories of serum triglycerides (TG), total cholesterol (TC), high-density lipoprotein (HDL), and low-density lipoproteins (LDL) with the risk of CRC, primarily using hazard ratios (HR) as the effect size. Subgroup analyses (e.g., by tumor site, region, and risk of bias) and meta-regression analyses (e.g., for mean age, mean BMI, sex distribution, and duration of follow-up) were conducted to explore heterogeneity. Dose-response analyses were performed utilizing three model types. Results Following the screening of 27,278 articles, 23 articles have been included in this study finally. The associations between TG, TC, HDL, and LDL levels and the risk of CRC, colon, and rectum cancers were examined separately. Higher levels of TC were not significantly associated with the risk of CRC (HR = 1.08; 95% CI: 0.90–1.30; I2 = 50.55%; p = 0.4187) and colon cancer (HR = 1.08; 95% CI: 0.99–1.18; I2 = 35.57%; p = 0.0720), but were significantly associated with an increased risk of rectum cancer (HR = 1.19; 95% CI: 1.08–1.32; I2 = 28.36%; p = 0.0004). Higher levels of TG were associated with an increased hazard of CRC (HR 1.11; 95% CI: 1.044–1.18; I2 = 0.0%; p = 0.0008). For colon cancer, TG showed a marginally significant association (HR 1.23; 95% CI: 0.99–1.55; I2 = 52.0%; p = 0.0576). No significant association was found between TG levels and rectum cancer risk (HR 1.036; 95% CI: 0.69–1.56; I2 = 67.29%; p = 0.8674).Also, higher levels of HDL were not significantly associated with the risk of CRC (HR 0.93; 95% CI: 0.83–1.03; I2 = 28.8%; p = 0.1527), colon cancer (HR 0.94; 95% CI: 0.75–1.19; I2 = 0.0%; p = 0.6243), and rectum cancer (HR: 0.95; 95% CI: 0.66;1.37; I2 = 0.0%; p = 0.7888). For colon cancer, higher LDL level was not significantly associated with risk (HR 0.91; 95% CI: 0.60–1.37; p = 0.21; I2 = 37%; p = 6558). Accordingly quadratic and RCS models represented as lowest AIC for TC (p = 0.026), for TG (p = 0.004), for LDL (p = 0.942) and for HDL (p = 0.295). Conclusion Higher TG level was significantly associated with increased risk of CRC and showed a borderline association with colon cancer (HR 1.23, 95% CI 0.99–1.55; p = 0.0576), while TC, HDL, and LDL showed no significant associations with these cancers. For rectum cancer, higher TC was significantly linked to increased risk, whereas TG, HDL, and LDL showed no significant associations. Future research should prioritize longitudinal studies to investigate the mechanistic roles of hormones and the gut microbiota in modulating colorectal cancer risk, alongside multi-omics studies that integrate lipid metabolism with other biological variables such as inflammatory markers and genetic predispositions. These efforts could clarify causal pathways and inform targeted prevention strategies.",2025,10.1371/journal.pone.0333907,41100525,semantic_scholar,MetaAnalysis; JournalArticle,other_explicit_causal,,,,,,,,,,,
doi:10.2174/0113816128367671250714100708,"Comprehensive Evaluation of Triptolide’s Therapeutic Mechanisms in Diabetic Kidney Disease via Meta-Analysis, Network Pharmacology, Molecular Docking, and Mendelian Randomization","Introduction Diabetic kidney disease (DKD) is a devastating complication of diabetes for which there are few potent treatments.Triptolide (TP), an active compound from Tripterygium wilfordii, has shown potential in early studies, but its therapeutic mechanisms in DKD are not fully understood. This study aims to systematically evaluate TP’s efficacy and mechanisms using meta-analysis, network pharmacology, molecular docking, and Mendelian randomization (MR). Methods A comprehensive search across Chinese and English databases identified animal randomized controlled trials (RCTs) assessing the effects of TP on DKD. A total of 27 studies were incorporated, and a meta-analysis was conducted via Review Manager. TP's drug and disease targets were identified through network pharmacology and molecular docking, while bioinformatics methods were employed to explore the mechanisms. MR analysis was performed to assess potential causal relationships between TP and DKD-related targets. Results Meta-analysis showed that TP significantly reduced urinary protein, blood lipids, and glucose levels, while improving renal function, renal weight, and renal index (all p < 0.05). Seven core targets—IFNG, CXCL8, TNF, TGFB1, IL2, IL4, and RELA—were identified via network pharmacology, involving key pathways such as lipid-atherosclerosis, AGE-RAGE, and IL-17 signaling. Molecular docking demonstrated strong binding affinities between TP and these targets, with binding energies below -7.00 kJ/mol. Although MR analysis did not establish direct causal relationships between these core genes and DKD, a significant negative correlation between TNF, IL4, and GFR was observed, suggesting their involvement in DKD progression. Discussion TP may exert therapeutic effects on DKD through coordinated regulation of immune and inflammatory pathways. The integration of multi-omics approaches supports its multi-target pharmacological mechanisms. Although MR analysis did not confirm direct causal relationships, the identified gene associations further reinforce the potential biological relevance of TP. However, this study was primarily based on public datasets and lacks experimental validation in vivo and in vitro. Conclusion TP exerts therapeutic effects on DKD through multi-target and multi-pathway mechanisms, primarily involving immunomodulation, anti-inflammation, anti-oxidation, and anti-fibrosis processes.",2025,10.2174/0113816128367671250714100708,40708520,semantic_scholar,JournalArticle; Review,genetic_instrument,,,,,,,,,,,
doi:10.64898/2026.01.12.698924,Single-Cell Multi-Omics Insights into BMI-Mediated Immune-Related Disease Risk,"Abstract This study is based on the Chinese Immune Multi-Omics Atlas (CIMA) cohort and performs an integrated single-cell multi-omics analysis of peripheral blood mononuclear cells (PBMCs) from 210 individuals aged 20-29, comprising 3,311,699 scRNA-seq cells and 1,839,860 scATAC-seq cells, to decipher immune characteristics across different body mass index (BMI) categories. By integrating gene regulatory network (GRN) and cell type-level molecular quantitative trait loci (xQTL) data, and conducting summary-data-based Mendelian randomization (SMR) analysis in conjunction with genome-wide association studies (GWAS) of BMI-mediated immune-related diseases, we identified key disease-associated cell types and molecular features. Using rheumatoid arthritis (RA) as an example, multi-omics evidence revealed that in MAIT-SLC4A10 cells of underweight individuals, increased chromatin accessibility at the CCR6 locus (chr6:167119627-167120128) and enhanced transcriptional activity of RORC/RORA collectively drive elevated CCR6 expression, which may represent a potential molecular mechanism underlying the higher risk of RA in underweight populations. Our study leverages single-cell multi-omics data to systematically dissect the molecular mechanisms by which different BMI categories mediate susceptibility to immune-related diseases through coordinated regulation of immune cell chromatin accessibility, transcription factor activity, and downstream gene expression.",2026,10.64898/2026.01.12.698924,,openalex;semantic_scholar,preprint,genetic_instrument,,,,,,,,,,,
doi:10.64898/2026.02.18.26346567.abstract,Balanced deep learning on multi-omics networks identifies molecular subgroups of pathological brain aging,"… accurate diagnosis, prognosis and therapeutic intervention 2, 3. Notably, … to pathological brain aging. Traditional diagnostic … Multi-omics approaches integrating transcriptomic, proteomic…",2026,10.64898/2026.02.18.26346567.abstract,,google_scholar,,thin_abstract_boundary,,,,,,,,,,,
title-year-sha256:0d4dc891b04923872aa3,The integration of machine learning and multi-omics analysis provides a powerful approach to screen aging-related genes and predict prognosis and immunotherapy …,… Numerous studies have shown that early detection and intervention … Aging with the significant feature of permanent growth arrest … Studies have shown that aging is an effective barrier to …,2023,,,google_scholar,,thin_abstract_boundary,,,,,,,,,,,
title-year-sha256:4669bdfe9196e1a142ed,Multi-omics reveals the role of osteopontin/secreted phosphoprotein 1 in regulating ovarian aging,… SPP1 and ovarian aging remain largely … aging and its associations with SPP1 using multi-omics data analysis. Our findings indicate that SPP1 is a potential gene related to ovarian aging…,2024,,,google_scholar,,thin_abstract_boundary,,,,,,,,,,,
title-year-sha256:e649020fa4334ef2842e,… -wide gene-age interaction study and multi-omics comprehensive analysis reveals heterogeneous regulation of NLRC4 during aging on HNSCC prognosis …,"… Moreover, there was an antagonistic interaction between NLRC4 low expression and aging. Comprehensive analysis using multi-omics data suggested that immune-related indicators …",2025,,,google_scholar,,thin_abstract_boundary,,,,,,,,,,,
