canonical_id,title,abstract,year,doi,pmid,provenance_sources,sampling_stratum,expert_report_type,expert_bio_health_scope,expert_aging_process_relevance,expert_aging_role,expert_multiomics_status,expert_integration_mode,expert_identification_status,expert_design_families,expert_expected_decision,expert_exclusion_code,expert_notes
doi:10.1002/advs.202000248,A 3D Cell Culture Model Identifies Wnt/β‐Catenin Mediated Inhibition of p53 as a Critical Step during Human Hepatocyte Regeneration,"The liver is a highly regenerative organ. While mature hepatocytes under homeostatic conditions are largely quiescent, upon injury, they rapidly enter the cell cycle to recover the damaged tissue. In rodents, a variety of injury models have provided important insights into the molecular underpinnings that govern the proliferative activation of quiescent hepatocytes. However, little is known about the molecular mechanisms of human hepatocyte regeneration and experimental methods to expand primary human hepatocytes (PHH). Here, a 3D spheroid model of PHH is established to study hepatocyte regeneration and integrative time‐lapse multi‐omics analyses show that upon isolation from the native liver PHH acquire a regenerative phenotype, as seen in vivo upon partial hepatectomy. However, proliferation is limited. By analyzing global promoter motif activities, it is predicted that activation of Wnt/β‐catenin and inhibition of p53 signaling are critical factors required for human hepatocyte proliferation. Functional validations reveal that activation of Wnt signaling through external cues alone is sufficient to inhibit p53 and its proliferative senescence‐inducing target PAI1 (SERPINE1) and drive proliferation of >50% of all PHH. A scalable 3D culture model is established to study the molecular and cellular biology of human hepatocyte regeneration. By using this model, an essential role of Wnt/β‐catenin signaling during human hepatocyte regeneration is identified.",2020,10.1002/advs.202000248,32775153,semantic_scholar,mediation_or_directed_model,,,,,,,,,,,
doi:10.1002/cam4.6174,"POLRMT over-expression is linked to WNT/beta-catenin signaling, immune infiltration, and unfavorable outcomes in lung adenocarcinoma patients.","Mitochondrial RNA polymerase (POLRMT) is essential for the expression of mitochondrial genes. In recent studies, POLRMT expression promoted non-small cell cancer cell proliferation in cell lines and xenografts. The present study investigated the impact of POLRMT expression and function on lung adenocarcinoma (LUAD) patients. Multi-omics data (genomics, transcriptomics, and proteomics) from publicly available databases were used to assess the role of POLRMT expression and function in LUAD. These findings were further verified using cancer tissues from clinical samples. POLRMT was over-expressed in LUADs, with mutation frequencies ranging from 1.30% to 5.71%. Over-expression of POLRMT was associated with an abnormal clinicopathological condition resulting in a decreased lifespan. Furthermore, gene sets enrich analysis revealed that POLRMT expression was linked to WNT/beta-catenin signaling; the expression of downstream target genes was positively correlated with POLRMT expression. Also, POLRMT expression was positively correlated with immunosuppressive genes, thereby affecting immune infiltration. POLRMT is over-expressed in LUAD, thereby impacting patient survival. It is also involved in WNT/beta-catenin signaling and may affect tumor infiltration.",2023,10.1002/cam4.6174,37283308,pubmed,metadata_boundary_missing_causal,,,,,,,,,,,
doi:10.1007/s11357-025-01858-5,Substrate stiffness dictates unique paths towards proliferative arrest in WI-38 cells,"Finite replicative potential is a defining feature of non-transformed somatic cells, first established by Leonard Hayflick in vitro using WI-38 human lung fibroblasts. Once proliferative capacity is exhausted due to telomere shortening, cells enter into a state called replicative senescence, which can be avoided through ectopic expression of telomerase reverse transcriptase (hTERT). As WI-38 cells approach replicative arrest, molecular pathways linked to mechanotransduction are induced, including YAP signaling, but the potential interplay between replicative lifespan and the mechanical environment of the cell remains unexplored. Here, we investigate the influence of mechanosensation on the trajectory towards replicative arrest taken by WI-38 cells by growing cells on substrates of varying stiffnesses. Matrix softening slowed proliferation, altered cellular phenotypes, and shortened proliferative lifespan while hTERT expression abrogated or reduced these responses. Our analyses of bulk and single-cell RNA-sequencing and ATAC-sequencing revealed the emergence of a unique G1 transcriptional state on soft substrates, characterized by an AP-1 transcription factor program, which failed to manifest with hTERT expression. Together, these findings reveal how the mechanical environment alters WI-38 cell proliferative lifespan and dictates unique paths towards growth arrest.",2026,10.1007/s11357-025-01858-5,,springernature,metadata_boundary_missing_multiomics_causal,,,,,,,,,,,
doi:10.1007/s13402-021-00655-4,Age-specific oncogenic pathways in head and neck squamous cell carcinoma - are elderly a different subcategory?,"Background In recent clinical practice, an increasing number of elderly patients suffering from head and neck squamous cell carcinoma (HNSCC) of unknown pathophysiology is observed. The majority of HNSCC patients can roughly be divided into three subcategories. First, a small group of young patients who present with variants of genomic aberrations and inheritable diseases like Fanconi anaemia. Second, an increasing population of HPV-related HNSCCs that are regarded as genomic stable tumours with a more favourable prognosis. Though HPV-related tumours used to be more common among younger males, a notable rise in the elderly population is observed. The third subcategory, that of HPV-negative tumours, has been shown to be more heterogeneous with involvement of a variety of oncogenic pathways related to lifestyle factors like smoking and alcohol consumption, often seen in middle-aged males. Some of these pathways could be related to age, such as TP53 alterations, EGFR activation, apoptotic pathway alterations and field cancerization. Conclusions In this narrative review, we provide an overview of established and newly discovered age-specific pathophysiological mechanisms underlying HNSCC. We propose a fourth subcategory of patients with a suspected different pathophysiology: elderly (HPV-negative) HNSCC patients without a history of tobacco and alcohol consumption. In this subcategory, carcinogenesis seems to be a multi-step process based on genomic instability, immunosenescence, cell cycle disruption and telomere shortening. To conclude, we discuss suggestions for future research to fill the knowledge gap about age-dependent HNSCC carcinogenesis.",2022,10.1007/s13402-021-00655-4,,springernature,metadata_boundary_missing_multiomics_aging_causal,,,,,,,,,,,
doi:10.1007/s13577-025-01213-y,The influence of cell source on the senescence of human mesenchymal stem/stromal cells,"While mesenchymal stem/stromal cells (MSCs) exhibit the ability to self-renew, they are not immortal; they eventually reach a point of irreversible growth cessation and functional deterioration following a limited series of population doublings, referred to as replicative senescence. When evaluated according to the criteria set by the International Society for Cell Therapy (ISCT), MSCs show significant differences in their senescence patterns and other characteristics related to their phenotype and function. These differences are attributed to the source of the MSCs and the conditions in which they are grown. MSCs derived from fetal or adult sources have variations in their genome stability, as well as in the expression and epigenetic profile of the cells, which in turn affects their secretome. Understanding the key factors of MSC senescence based on cell source can help to develop effective strategies for regulating senescence and improving the therapeutic potential.",2025,10.1007/s13577-025-01213-y,,springernature,metadata_boundary_missing_multiomics_aging_causal,,,,,,,,,,,
doi:10.1016/j.freeradbiomed.2026.07.016,"Resveratrol Alleviates Epilepsy-Induced Brain Damage via the P62-Keap1-Nrf2 Pathway: A Multi-Omics Study Integrating the Pilot Cohort, In Silico Analyses, and Experimental Validation.","BACKGROUND Pediatric epilepsy is frequently associated with long-term cognitive, behavioral, and neurodevelopmental impairments. Although oxidative stress and metabolic dysfunction contribute to seizure-induced brain injury, how ferroptosis operates and is regulated within the context of pediatric epilepsy has yet to be fully elucidated. METHODS A pediatric pilot cohort of 15 pediatric patients at first seizure onset alongside age-matched neurotypical peers was established. Untargeted metabolomics, neuroimaging, biochemical assays, and gene expression analyses were performed to evaluate metabolic dysregulation, iron accumulation, oxidative stress, and ferroptosis-related alterations. Integrated bioinformatics, Mendelian randomization, external transcriptomic validation, single-cell RNA sequencing, virtual perturbation analysis, and in silico drug screening were used to identify key regulatory pathways and candidate therapeutic compounds. The effects of resveratrol were further validated in a kainic acid-based murine epilepsy model and glutamate-challenged HT22 neuronal cells. RESULTS Pediatric epilepsy was characterized by metabolic reprogramming, iron accumulation, lipid peroxidation, inflammation, and impaired antioxidant defense. Integrated bioinformatics identified SQSTM1/P62 and NFE2L2/NRF2 as key regulators linking autophagy and ferroptosis. External validation and single-cell transcriptomic analyses further confirmed ferroptosis- and autophagy-related dysregulation, particularly in neuronal populations. In silico screening identified resveratrol as a candidate therapeutic compound. In epileptic mice, resveratrol reduced seizure severity, epileptiform discharges, neurobehavioral deficits, iron accumulation, lipid peroxidation, inflammation, and hippocampal neuronal injury. CONCLUSION Pediatric epilepsy is associated with metabolic dysregulation, oxidative stress, iron accumulation, and ferroptosis-related neuronal injury. Resveratrol protects against seizure-associated brain damage by activating P62-Keap1-Nrf2 signaling and suppressing ferroptosis, suggesting a potential therapeutic strategy for pediatric epilepsy.",2026,10.1016/j.freeradbiomed.2026.07.016,42431470,openalex;semantic_scholar,genetic_instrument,,,,,,,,,,,
doi:10.1038/s41390-025-04021-0,Genomics and multiomics in the age of precision medicine,"Abstract Precision medicine is a transformative healthcare model that utilizes an understanding of a person’s genome, environment, lifestyle, and interplay to deliver customized healthcare. Precision medicine has the potential to improve the health and productivity of the population, enhance patient trust and satisfaction in healthcare, and accrue health cost-benefits both at an individual and population level. Through faster and cost-effective genomics data, next-generation sequencing has provided us the impetus to understand the nuances of complex interactions between genes, diet, and lifestyle that are heterogeneous across the population. The emergence of multiomics technologies, including transcriptomics, proteomics, epigenomics, metabolomics, and microbiomics, has enhanced the knowledge necessary for maximizing the applicability of genomics data for better health outcomes. Integrative multiomics, the combination of multiple ‘omics’ data layered over each other, including the interconnections and interactions between them, helps us understand human health and disease better than any of them separately. Integration of these multiomics data is possible today with the phenomenal advancements in bioinformatics, data sciences, and artificial intelligence. Our review presents a broad perspective on the utility and feasibility of a genomics-first approach layered with other omics data, offering a practical model for adopting an integrated multiomics approach in pediatric health care and research. Impact Precision medicine provides a paradigm shift from a conventional, reactive disease control approach to proactive disease prevention and health preservation. Phenomenal advancements in bioinformatics, data sciences, and artificial intelligence have made integrative multiomics feasible and help us understand human health and disease better than any of them separately. The genotype-first approach or reverse phenotyping has the potential to overcome the limitations of the phenotype-first approach by identifying new genotype-phenotype associations, enhancing the subclassification of diseases by widening the phenotypic spectrum of genetic variants, and understanding functional mechanisms of genetic variations.",2025,10.1038/s41390-025-04021-0,,springernature,metadata_boundary_missing_aging_causal,,,,,,,,,,,
doi:10.1038/s41568-021-00356-y,Gut instinct: a call to study the biology of early-onset colorectal cancer disparities,"Colorectal cancer (CRC) incidence among individuals age younger than 50 years continues to rise with etiologies unknown. Synchronously, early-onset CRC disparities have grown more pronounced. As translational research across diverse populations has been limited, we advocate for mechanistic studies that address this challenge to mitigate CRC disparities among young adults. The incidence of early-onset colorectal cancer (EOCRC) continues to rise and disproportionately affects people of African descent. This Comment advocates for mechanistic studies that can help mitigate EOCRC disparities.",2021,10.1038/s41568-021-00356-y,,springernature,metadata_boundary_missing_multiomics_aging_causal,,,,,,,,,,,
doi:10.1038/s41597-024-03485-9,Genetic and multi-omic resources for Alzheimer disease and related dementia from the Knight Alzheimer Disease Research Center,"The Knight-Alzheimer Disease Research Center (Knight-ADRC) at Washington University in St. Louis has pioneered and led worldwide seminal studies that have expanded our clinical, social, pathological, and molecular understanding of Alzheimer Disease. Over more than 40 years, research volunteers have been recruited to participate in cognitive, neuropsychologic, imaging, fluid biomarkers, genomic and multi-omic studies. Tissue and longitudinal data collected to foster, facilitate, and support research on dementia and aging. The Genetics and high throughput - omics core (GHTO) have collected of more than 26,000 biological samples from 6,625 Knight-ADRC participants. Samples available include longitudinal DNA, RNA, non-fasted plasma, cerebrospinal fluid pellets, and peripheral blood mononuclear cells. The GHTO has performed deep molecular profiling (genomic, transcriptomic, epigenomic, proteomic, and metabolomic) from large number of brain (n = 2,117), CSF (n = 2,012) and blood/plasma (n = 8,265) samples with the goal of identifying novel risk and protective variants, identify novel molecular biomarkers and causal and druggable targets. Overall, the resources available at GHTO support the increase of our understanding of Alzheimer Disease.",2024,10.1038/s41597-024-03485-9,,europepmc;pubmed;scopus;semantic_scholar;springernature,other_explicit_causal,,,,,,,,,,,
doi:10.1038/s41598-025-10367-6,Analyses of the mechanism and therapeutic targets of senescence related genes in ischemic stroke with multi-omics approach,"Ischemic stroke (IS) affects 11 million people annually, posing substantial clinical and economic burdens. Current therapies remain limited by time sensitivity and variable efficacy, necessitating novel biomarkers. We developed a multi-omics framework to investigate senescence-associated gene regulation in IS. After normalizing GSE22255 and GSE58294 datasets, we systematically identified aging-related differentially expressed genes (DEGs). Functional annotation via Gene Set Enrichment Analysis (GSEA) and machine learning-driven Weighted Gene Co-expression Network Analysis (WGCNA) identified core genetic signatures validated in the GSE16561 cohort. Key regulators underwent single-gene profiling, immune microenvironment evaluation, and transcriptional network analysis. Reverse transcription-quantitative PCR (RT-qPCR) confirmed bioinformatics findings. We identified 132 senescence-related DEGs, with PTGS2 emerging as a key biomarker. Pathway analyses revealed significant NF-κB, HIF-1, and TGF-β signaling pathway activation. CIBERSORT-based immune profiling showed altered lymphocyte/macrophage ratios in IS patients. Drug-gene interaction analysis identified nine therapeutic compounds, including etodolac targeting NFE2L2 and PTGS2. A strong positive correlation ( r = 0.72, p < 0.001) between NFE2L2 and PTGS2 expression was observed. This study establishes senescence-related genes as promising biomarkers and therapeutic targets for IS, particularly through NFE2L2-PTGS2 interactions, providing a foundation for developing immunomodulatory and targeted therapies.",2025,10.1038/s41598-025-10367-6,,springernature,metadata_boundary_missing_causal,,,,,,,,,,,
doi:10.1038/s42256-025-01052-4,Integrating multimodal cancer data using deep latent variable path modelling,"Cancers have complex genetic, microscopic and macroscopic features analysed using imaging and omics technologies, but integrating these data is challenging. A framework combining deep learning and path modelling to integrate imaging and omics data is presented, producing a unified model of disease. Cancers are commonly characterized by a complex pathology encompassing genetic, microscopic and macroscopic features, which can be probed individually using imaging and omics technologies. Integrating these data to obtain a full understanding of pathology remains challenging. We introduce a method called deep latent variable path modelling, which combines the representational power of deep learning with the capacity of path modelling to identify relationships between interacting elements in a complex system. To evaluate the capabilities of deep latent variable path modelling, we initially trained a model to map dependencies between single-nucleotide variant, methylation profiles, microRNA sequencing, RNA sequencing and histological data using breast cancer data from The Cancer Genome Atlas. This method exhibited superior performance in mapping associations between data types compared with classical path modelling. We additionally performed successful applications of the model to stratify single-cell data, identify synthetic lethal interactions using CRISPR–Cas9 screens derived from cell lines and detect histologic–transcriptional associations using spatial transcriptomic data. Results from each of these data types can then be understood with reference to the same holistic model of illness.",2025,10.1038/s42256-025-01052-4,,springernature,intervention_or_perturbation,,,,,,,,,,,
doi:10.1038/s43587-024-00714-z,Lymphoma lurks within aged B cells,"Cancer and aging are inextricably linked conditions. However, whether cancer emerges as a byproduct of the aging process or whether aged cells themselves are prone to become neoplastic remains enigmatic. A study by Castro, Shindyapina and colleagues now provides support for the latter by demonstrating that in aged mice that spontaneously develop lymphomas, tumors originate from clonally expanded age-associated B cells.",2024,10.1038/s43587-024-00714-z,,springernature,metadata_boundary_missing_multiomics_causal,,,,,,,,,,,
doi:10.1038/s43587-024-00762-5,Molecular and genetic insights into human ovarian aging from single-nuclei multi-omics analyses,"The ovary is the first organ to age in the human body, affecting both fertility and overall health. However, the biological mechanisms underlying human ovarian aging remain poorly understood. Here we present a comprehensive single-nuclei multi-omics atlas of four young (ages 23–29 years) and four reproductively aged (ages 49–54 years) human ovaries. Our analyses reveal coordinated changes in transcriptomes and chromatin accessibilities across cell types in the ovary during aging, notably mTOR signaling being a prominent ovary-specific aging pathway. Cell-type-specific regulatory networks reveal enhanced activity of the transcription factor CEBPD across cell types in the aged ovary. Integration of our multi-omics data with genetic variants associated with age at natural menopause demonstrates a global impact of functional variants on gene regulatory networks across ovarian cell types. We nominate functional non-coding regulatory variants, their target genes and ovarian cell types and regulatory mechanisms. This atlas provides a valuable resource for understanding the cellular, molecular and genetic basis of human ovarian aging. The molecular and cellular mechanisms underlying ovarian aging are incompletely understood. Here the authors provide single-nuclei RNA and ATAC-seq of human ovarian tissue from four young and four reproductively aged donors, revealing coordinated transcriptomic and epigenomic changes across cell types and highlighting a role for mTOR signaling in reproductive aging.",2025,10.1038/s43587-024-00762-5,,google_scholar;springernature,metadata_boundary_missing_causal,,,,,,,,,,,
doi:10.1093/jimmun/vkaf283.1810,Longitudinal multi-omic immune profiling reveals age-related immune cell dynamics in healthy adults 4083,"The generation and maintenance of effective immunity is a dynamic and continuous process impacted by age. As people age, their immune systems become more susceptible to infections and respond less effectively to vaccines, yet the precise biological shifts driving these changes are not fully understood. To address this, we used multi-omic profiling (scRNA-seq, proteomics, flow cytometry) on over 300 adults, including 96 people tracked for two years with annual flu vaccination, generating >16 million PBMC profiles across 71 immune cell subsets in our Human Immune Health Atlas. This effort identified unique immune cell compositions and transcriptional states in homeostasis, after vaccination, and with aging. We find that T cells earlier in differentiation accumulate distinct age-related transcriptional changes more than other immune cells, independent from systemic inflammation and chronic perturbation. Moreover, impaired memory B cell responses to vaccination, including antibody isotype and neutralization function, are linked to gradual GATA3/Th2 polarization in multiple T cell subsets in older adults, revealing new features of immune dysregulation with healthy aging. Our study uncovers key age-driven shifts in immune cell states, identifying potential drivers of immune dysregulation as targets to augment functional immunity across age. Research was supported by the Allen Institute, Benaroya Research Institute and by National Institute on Aging award K01AG068373 (C.E.G.) Lymphocyte Differentiation and Peripheral Maintenance (LYM)",2025,10.1093/jimmun/vkaf283.1810,,semantic_scholar,intervention_or_perturbation,,,,,,,,,,,
doi:10.1101/2022.03.09.483684,Single-cell multiome of the human retina and deep learning nominate causal variants in complex eye diseases,"ABSTRACT Genome-wide association studies (GWAS) of eye disorders have identified hundreds of genetic variants associated with ocular disease. However, the vast majority of these variants are noncoding, making it challenging to interpret their function. Here, we present a joint single-cell atlas of gene expression and chromatin accessibility of the adult human retina with >50,000 cells, which we used to analyze noncoding single-nucleotide polymorphisms (SNPs) implicated by GWAS of age-related macular degeneration, glaucoma, diabetic retinopathy, myopia, and type 2 macular telangiectasia. We integrate this atlas with a HiChIP enhancer connectome, expression quantitative trait loci (eQTL) data, and base-resolution deep learning models to predict noncoding SNPs with causal roles in eye disease, assess SNP impact on transcription factor binding, and define their known and novel target genes. Our efforts nominate pathogenic SNP-target gene interactions for multiple vision disorders and provide a potentially powerful resource for interpreting noncoding variation in the eye.",2022,10.1101/2022.03.09.483684,,openalex;semantic_scholar,other_explicit_causal,,,,,,,,,,,
doi:10.1158/1538-7445.kidney23-b006,Abstract B006: Dissecting metabolic alterations of clear cell renal cell carcinomas one cell at a time,"Pseudohypoxia-related metabolic alterations are known to exist in clear-cell renal cell carcinoma (ccRCC). Here we characterized single-cell metabolic pathways with the 10Xmultiome assay comparing metabolic and compositional shifts in tumor vs. normal-adjacent samples. We analyzed 57 tumor and 6 normal-adjacent samples from the Dartmouth Renal Tumors Biobank collected between 1994-2009. Samples were enzymatically disassociated and stored at -80 C until 10X multiome processing. RNA counts were extracted using Seurat, cell types were deconvolved using Azimuth, and 85 KEGG metabolic pathways were interrogated using scMetabolism scores. Linear mixed-effects models compared the metabolic scores in 10 cell lineages (juxtaglomerular apparatus, glomeruli, proximal tubule system, nephron loop, distal tubules, collecting ducts, lymphoid, myeloid, endothelia, and other stroma cells) between tumor and normal adjacent adjusting for sex, patient age, stage and grade as fixed-effects and donor, and year of collection, as random-effects. P-values were calculated using Satterthwaite's method. The mean age at diagnosis was 61.7 yrs (SD: 12.5), and 67% were stages I/II. 79,804 tumor and 5,967 normal-adjacent cells were analyzed. 34,318 cells were nephron epithelia (juxtaglomerular, glomeruli, renal tubules), 5,947 were collecting ducts, 18,959 were immune, 13,445 were endothelial, and 13,112 were other stromal cells. Out of 85 KEGG metabolic pathways, nine were prioritized based on the kidney cancer literature; glycolysis, oxidative phosphorylation, TCA cycle, fatty acid biosynthesis, glutamine/glutamate, arachidonic acids, phenylalanine metabolism, phenylalanine, tyrosine and tryptophan biosynthesis, and glutathione. When comparing vs. the corresponding normal adjacent cell type, in tumor cells: 1) glutamine/glutamate expression increased in lymphoid, endothelial, and stromal cells; 2) fatty acid biosynthesis increased in myeloid and reduced in lymphoid, collecting ducts-like, and nephron loop-like cells, 3) glutathione and glycolysis increased in glomeruli-like and nephron loops-like, 4) glycolysis increased in collecting ducts-like and endothelial, 5) oxidative phosphorylation and TCA cycle genes decreased in distal tubules-like, collecting ducts-like, and endothelia, 6) arachidonic acid metabolism increased in nephron loops-like and glomeruli-like, and 7) phenylalanine, tyrosine, and tryptophan biosynthesis decreased in nephron loops-like, distal tubules-like, and collecting ducts-like cells. Cell-specific metabolic shifts were observed between tumor and normal adjacent samples that cannot be explained only by sample heterogeneity or cell lineages. Oxidative phosphorylation and TCA cycle modifications were observed in tumor endothelia and cells resembling distal tubules and collecting ducts. Similarly, glutamate and fatty acid alterations were focused on tumor microenvironment immune cells. Further dissecting these findings will provide additional therapeutic avenues for newer targets, such as glutaminase inhibitors and combinations with current therapies. Citation Format: Lucas A. Salas, Ze Zhang, Laurent Perreard, Fred W. Kolling, Jason R. Pettus, Brock C. Christensen. Dissecting metabolic alterations of clear cell renal cell carcinomas one cell at a time [abstract]. In: Proceedings of the AACR Special Conference: Advances in Kidney Cancer Research; 2023 Jun 24-27; Austin, Texas. Philadelphia (PA): AACR; Cancer Res 2023;83(16 Suppl):Abstract nr B006.",2023,10.1158/1538-7445.kidney23-b006,,semantic_scholar,metadata_boundary_missing_aging_causal,,,,,,,,,,,
doi:10.1186/s12967-022-03377-9,Identifying causal genes for stroke via integrating the proteome and transcriptome from brain and blood,"Background Genome-wide association studies (GWAS) have revealed numerous loci associated with stroke. However, the underlying mechanisms at these loci in the pathogenesis of stroke and effective stroke drug targets are elusive. Therefore, we aimed to identify causal genes in the pathogenesis of stroke and its subtypes. Methods Utilizing multidimensional high-throughput data generated, we integrated proteome-wide association study (PWAS), transcriptome-wide association study (TWAS), Mendelian randomization (MR), and Bayesian colocalization analysis to prioritize genes that contribute to stroke and its subtypes risk via affecting their expression and protein abundance in brain and blood. Results Our integrative analysis revealed that ICA1L was associated with small-vessel stroke (SVS), according to robust evidence at both protein and transcriptional levels based on brain-derived data. We also identified NBEAL1 that was causally related to SVS via its cis-regulated brain expression level. In blood, we identified 5 genes ( MMP12 , SCARF1 , ABO , F11 , and CKAP2 ) that had causal relationships with stroke and stroke subtypes. Conclusions Together, via using an integrative analysis to deal with multidimensional data, we prioritized causal genes in the pathogenesis of SVS, which offered hints for future biological and therapeutic studies.",2022,10.1186/s12967-022-03377-9,,springernature,genetic_instrument,,,,,,,,,,,
doi:10.1186/s13048-025-01633-2,"Follicular metabolic dysfunction, oocyte aneuploidy and ovarian aging: a review","With the development of modern society and prolonged education, more women choose to delay their childbearing age, which greatly increases the number of women aged older than 35 years with childbearing needs. However, with increasing age, the quantity and quality of oocytes continue to fall, especially with increasing aneuploidy, which leads to a low in vitro fertilization (IVF) success rate, high abortion rate and high teratogenesis rate in assisted reproduction in women with advanced maternal age. In addition to genetics and epigenetics, follicular metabolism homeostasis is closely related to ovarian aging and oocyte aneuploidy. Glucose, lipid, and amino acid metabolism not only provide energy for follicle genesis but also regulate oocyte development and maturation. This review focuses on the relationships among follicular metabolism, oocyte aneuploidy, and ovarian aging and discusses potential therapeutic metabolites for ovarian aging.",2025,10.1186/s13048-025-01633-2,,springernature,possible_nonempirical,,,,,,,,,,,
doi:10.21203/rs.3.rs-6850329/v1,Multiomics analyses reveal key circadian rhythm genes implicated in Premature ovarian insufficiency,"Abstract Background Premature ovarian insufficiency (POI), defined as the loss of ovarian function before the age of 40 years, severely disrupts reproductive and endocrine health. While circadian rhythm disruption has been implicated in reproductive aging, its mechanistic contribution to POI remains largely unexplored in humans. Methods We performed an integrative multiomics analysis combining single-nucleus RNA sequencing (snRNA-seq), bulk RNA-seq, genome-wide association studies (GWAS), and expression quantitative trait locus (eQTL) data. Co-expression networks were constructed via weighted gene coexpression network analysis (WGCNA), while cell-cell communication and trajectory analyses were conducted via CellChat and Monocle. Regulatory networks were inferred via SCENIC, and causality was assessed via summary-data-based Mendelian randomization (SMR). Candidate hub genes were prioritized through machine learning and validated via in vitro assays assessing rhythmicity and gene expression. Results snRNA-seq identified a granulosa cell subpopulation (GC1) with the highest circadian rhythm score, suggesting a pivotal role in regulating the ovarian clock. WGCNA and SCENIC analyses revealed age-associated downregulation of the core circadian regulators CLOCK and ARNTL, accompanied by disruptions in lipid metabolism and stress response pathways. SMR analysis revealed 120 circadian-related genes associated with POI risk, 30 of which were enriched in GC1-specific modules. CLOCK, CRY1, APOE, and GSTA1 emerged as key regulators on the basis of machine learning prioritization. Functional assays confirmed impaired rhythmicity and altered gene expression in KGN cells and senescent mouse granulosa cells. CLOCK knockdown increased P16 and P21 expression, underscoring its role in preserving granulosa cell homeostasis. Conclusions Our findings implicate circadian rhythm disruption as a hallmark and potential driver of ovarian aging. CLOCK, BMAL1, CRY1, APOE, and GSTA1 may serve as early biomarkers and therapeutic targets for POI.",2025,10.21203/rs.3.rs-6850329/v1,,europepmc;openalex,genetic_instrument,,,,,,,,,,,
doi:10.3390/cells15010067,Multiomic Analyses Reveal Brainstem Metabolic Changes in a Mouse Model of Dravet Syndrome,"Highlights There are widespread metabolic changes in the brainstem of Scn1aA1783V/WT HET mice. Metabolomic analyses reveal age-specific metabolic alterations in the brainstem of HET mice. Several druggable protein kinases are altered in the brainstem of HET mice. The findings of this study suggest a role of metabolic alterations in the brainstem as a plausible contributor to SUDEP pathogenesis Abstract Dravet Syndrome (DS) is a severe genetic epileptic encephalopathy caused by mutations in the SCN1A gene that encodes the voltage-gated sodium channel (NaV1.1) subunit alpha. DS is characterized by intractable seizures, progressive developmental delay, cognitive impairment, and high mortality due to sudden unexpected death in epilepsy (SUDEP). SUDEP is mediated by respiratory dysfunction, but the exact molecular underpinnings are unclear. Though hippocampal metabolic alterations have been reported in DS mice, such changes in brain regions controlling breathing have not been studied. We used Scn1aA1783V/WT DS mice to study temporal alterations in the brain metabolome, including analysis of brainstem and forebrain regions. Glycolytic and pentose phosphate pathway intermediates were significantly elevated in the brainstem of DS mice during the period of enhanced susceptibility to mortality (post-natal days P20–30). In older P40–P50 mice, mitochondrial aconitate and the antioxidant glutathione were significantly elevated in the brainstem. Single-nuclei RNA sequencing (snRNA seq) and proteomic analyses revealed alterations in genes associated with neurotransmission, cellular respiration, and protein translation, as well as reorganization of protein kinase-mediated pathways that are specific to the brainstem. These findings suggest that there are widespread metabolic changes in the brainstem of DS mice.",2025,10.3390/cells15010067,41511350,semantic_scholar,mediation_or_directed_model,,,,,,,,,,,
doi:10.3390/ijms27136064,Imaging and Molecular Biomarkers of PFAS-Related Vascular Aging: A Narrative Review.,"Per- and polyfluoroalkyl substances (PFAS) are persistent environmental contaminants increasingly associated with cardiovascular disease. Identifying early manifestations of vascular aging before the onset of overt disease is essential for improving cardiovascular risk stratification and prevention. Emerging evidence suggests that PFAS exposure contributes to early vascular and atherosclerotic alterations detectable by imaging techniques, including increased carotid intima-media thickness (CIMT), arterial stiffness, and endothelial dysfunction. In contrast, evidence for associations with coronary artery calcium progression and coronary stenosis remains scarce. Mechanistically, PFAS exposure promotes endothelial dysfunction, oxidative stress, chronic inflammation, lipid dysregulation, and genetic and epigenetic modifications, all of which contribute to premature vascular aging and metabolic disturbances. The integration of imaging and molecular biomarkers may provide complementary insights into the structural, functional, and biological processes underlying PFAS-related vascular damage; however, to date, this field remains largely unexplored. This narrative review summarizes current evidence on imaging and molecular biomarkers of PFAS-induced vascular aging and discusses their potential role in cardiovascular risk assessment. It also highlights key knowledge gaps and the need for robust epidemiological and multi-omics studies to validate these biomarkers, clarify causal mechanisms, and support their application in cardiovascular and environmental health surveillance.",2026,10.3390/ijms27136064,42450330,europepmc;pubmed;semantic_scholar,possible_nonempirical,,,,,,,,,,,
doi:10.3724/cbls.2026096,Advances in anti-aging and age-related disease drug discovery based on artificial intelligence and multi-omics,"Aging is a highly complex biological process driven by the progressive accumulation of cellular damage, ultimately leading to functional decline and increased susceptibility to chronic diseases. As aging increases the risk of most chronic diseases, it involves changes across many biological systems that may not be adequately treated with the traditional “one disease-one target-one drug” strategy. These conventional approaches are not only time-consuming and costly but also difficult to capture the complex, interconnected biological changes that occur during aging. Recent advances in high-throughput multi-omics technologies, including genomics, transcriptomics, proteomics, epigenomics, and metabolomics, have enabled the study of aging from a systems perspective. By integrating these large-scale datasets, researchers have gained more profound insights into aging-related molecular pathways and regulatory networks. This progress has also enabled the development of aging clocks, such as Horvath, PhenoAge, and GrimAge, which use molecular features to estimate biological age and assess the effects of anti-aging interventions. In parallel, artificial intelligence (AI) has emerged as a transformative force in anti-aging drug discovery by enabling efficient integration, interpretation, and prediction across complex biological datasets. This review summarizes three major AI-driven strategies. First, AI-enabled drug repositioning leverages transcriptomic perturbation signatures, exemplified by platforms such as the Connectivity Map, to identify novel approved compounds against aging, including lifespan-extending natural products such as oridonin. Second, AI-powered virtual screening approaches that integrate molecular docking, machine learning, and graph neural networks have accelerated the identification of novel senolytics, including compounds with superior potency compared to first-generation agents. Third, generative AI models, such as variational autoencoders, generative adversarial networks, and Transformer-based architectures, have enabled the de novo design of drug-like molecules optimized for aging-related targets, as exemplified by the AI-assisted discovery of the TNIK inhibitor INS018_055. Despite these advances, several challenges remain, including differences between omics datasets, limited interpretability of deep learning models, and difficulties in translating findings from animal models to humans. Future progress will require more interpretable AI methods, personalized multi-omics aging clocks, and greater use of human-related experimental systems and real-world clinical data. Together, the integration of AI and multi-omics technologies provides a strong foundation for precision anti-aging medicine discovery and offers new opportunities to advance translational aging research.",2026,10.3724/cbls.2026096,,openalex,intervention_or_perturbation,,,,,,,,,,,
doi:10.64898/2025.12.26.25343061,Causally-anchored multi-omic deep learning recovers exercise-responsive and ageing-causal genes from human physical activity,"Abstract Physical activity is among the most robust epidemiological correlates of reduced mortality and multi-morbidity, yet the molecular mechanisms through which exercise exerts these effects in humans remain incompletely resolved. This study combines causally-anchored multi-omic Mendelian Randomisation (MR) with graph-based deep learning for gene prioritisation in human exercise-ageing biology, using accelerometer-derived vigorous physical activity (VPA) in the UK Biobank as exposure. Combining multi-omic MR across five molecular layers, it asks whether causal inference and deep learning can recover exercise-responsive and potentially ageing-causal genes that were independently identified in prior studies. Enrichment for experimentally exercise-responsive genes was undetectable in the raw MR signal (p = 0.97) yet was recovered by the graph model (p = 0.007, reproducible across all initialisations); and the convergence between VPA MR-anchored and ageing-causal genes (significant on its own at 1.6-fold; p = 0.023) was likewise recovered by the graph model where p-value and effect-size ranking could not. The model further reproduced established acute exercise-responsive immune and lipid-metabolic programmes, supporting its recovery of genuine signal. Extending the prioritised genes to formal causal testing, systematic cis-MR with colocalisation across the eight convergent genes and four ageing outcomes identified cathepsin F ( CTSF ) as causally associated with exceptional longevity, with concordant positive estimates in the protein and LD-clumped expression arms and colocalisation support at the protein level. The contribution is therefore twofold: a model-free, like-for-like convergence between exercise-anchored and ageing-causal genes; and a graph-based method that recovers this convergence, together with exercise-responsive biology, beyond the reach of per-gene MR ranking. Abstract Figure Graphical abstract This study introduces a causally-anchored deep learning approach to integrating multi-omic human data. The analytical pipeline begins with an exome-wide association study (ExWAS) and Mendelian randomisation (MR) with vigorous activity as exposure and omics markers as outcomes. MR serves as a causal anchor to prioritise genes from features derived across five molecular layers: CpG methylation, bulk and single-cell gene expression, protein levels, and glycan traits. These causally-anchored priors are unified within a supervised graph attention network (GAT) that integrates a protein-protein interaction network to learn a systems-level representation of the exercise-ageing axis. The model’s prioritised genes are then tested for statistical overlap with two independently derived reference sets: exercise-responsive genes (from an independent multi-omic human exercise study) and potentially ageing-causal genes (CpGs causal for ageing by epigenome-wide MR, mapped to genes). The analysis demonstrates that the graph model recovers enrichment for both reference sets that is not detectable in the raw MR signal. Created with Biorender.co",2026,10.64898/2025.12.26.25343061,,europepmc;google_scholar;openalex;semantic_scholar,genetic_instrument,,,,,,,,,,,
title-year-sha256:3715e966db5573f20e3f,"Multi-Omics Analysis Reveals a Shared Leaky Gut Signature Across Aging, Osteoporosis, and Spaceflight","… stress, this work provides a multi-omics foundation for the development of microbiome- … age groups, this study addresses a critical gap in aging research. We provide one of the …",2025,,,google_scholar,thin_abstract_boundary,,,,,,,,,,,
title-year-sha256:8ebdd5d2d9450c5554e3,Multi-Omics Profiling Redefines Age-Related Hearing Loss as a Systemic Aging Sentinel: A Molecular Taxonomy and Precision Intervention Framework Anchored in …,"… epigenetic aging. Mechanistically, multi-omics reveals that epigenetic aging drives AKT-MEK 33 … We performed multi-level multi-omics analyses focusing on the seven protein358 …",,,,google_scholar,thin_abstract_boundary,,,,,,,,,,,
